"Variable / Field Name","Form Name","Section Header","Field Type","Field Label","Choices, Calculations, OR Slider Labels","Field Note","Text Validation Type OR Show Slider Number","Text Validation Min","Text Validation Max",Identifier?,"Branching Logic (Show field only if...)","Required Field?","Custom Alignment","Question Number (surveys only)","Matrix Group Name","Matrix Ranking?","Field Annotation"
scaredp_i1_s1_r1_e1,scaredp_s1_r1_e1,,radio,"When my child feels frightened, it is hard for him/her to breathe","0, Not True or Hardly Ever True | 1, Somewhat True or Sometimes True | 2, Very True or Often True",,,,,,,y,,,scared_s1_r1_e1,,
scaredp_i2_s1_r1_e1,scaredp_s1_r1_e1,,radio,"My child gets headaches when he/she is at school","0, Not True or Hardly Ever True | 1, Somewhat True or Sometimes True | 2, Very True or Often True",,,,,,,y,,,scared_s1_r1_e1,,
scaredp_i3_s1_r1_e1,scaredp_s1_r1_e1,,radio,"My child doesn't like to be with people he/she doesn't know well","0, Not True or Hardly Ever True | 1, Somewhat True or Sometimes True | 2, Very True or Often True",,,,,,,y,,,scared_s1_r1_e1,,
scaredp_i4_s1_r1_e1,scaredp_s1_r1_e1,,radio,"My child gets scared if he/she sleeps away from home","0, Not True or Hardly Ever True | 1, Somewhat True or Sometimes True | 2, Very True or Often True",,,,,,,y,,,scared_s1_r1_e1,,
scaredp_i5_s1_r1_e1,scaredp_s1_r1_e1,,radio,"My child worries about other people liking him/her","0, Not True or Hardly Ever True | 1, Somewhat True or Sometimes True | 2, Very True or Often True",,,,,,,y,,,scared_s1_r1_e1,,
scaredp_i6_s1_r1_e1,scaredp_s1_r1_e1,,radio,"When my child gets frightened, he/she feels like passing out","0, Not True or Hardly Ever True | 1, Somewhat True or Sometimes True | 2, Very True or Often True",,,,,,,y,,,scared_s1_r1_e1,,
scaredp_i7_s1_r1_e1,scaredp_s1_r1_e1,,radio,"My child is nervous","0, Not True or Hardly Ever True | 1, Somewhat True or Sometimes True | 2, Very True or Often True",,,,,,,y,,,scared_s1_r1_e1,,
scaredp_i8_s1_r1_e1,scaredp_s1_r1_e1,,radio,"My child follows me wherever I go","0, Not True or Hardly Ever True | 1, Somewhat True or Sometimes True | 2, Very True or Often True",,,,,,,y,,,scared_s1_r1_e1,,
scaredp_i9_s1_r1_e1,scaredp_s1_r1_e1,,radio,"People tell me that my child looks nervous","0, Not True or Hardly Ever True | 1, Somewhat True or Sometimes True | 2, Very True or Often True",,,,,,,y,,,scared_s1_r1_e1,,
scaredp_i10_s1_r1_e1,scaredp_s1_r1_e1,,radio,"My child feels nervous with people he/she doesn't know well","0, Not True or Hardly Ever True | 1, Somewhat True or Sometimes True | 2, Very True or Often True",,,,,,,y,,,scared_s1_r1_e1,,
scaredp_i11_s1_r1_e1,scaredp_s1_r1_e1,,radio,"My child gets stomachaches at school","0, Not True or Hardly Ever True | 1, Somewhat True or Sometimes True | 2, Very True or Often True",,,,,,,y,,,scared_s1_r1_e1,,
scaredp_i12_s1_r1_e1,scaredp_s1_r1_e1,,radio,"When my child gets frightened, he/she feels like he/she is going crazy","0, Not True or Hardly Ever True | 1, Somewhat True or Sometimes True | 2, Very True or Often True",,,,,,,y,,,scared_s1_r1_e1,,
scaredp_i13_s1_r1_e1,scaredp_s1_r1_e1,,radio,"My child worries about sleeping alone","0, Not True or Hardly Ever True | 1, Somewhat True or Sometimes True | 2, Very True or Often True",,,,,,,y,,,scared_s1_r1_e1,,
scaredp_i14_s1_r1_e1,scaredp_s1_r1_e1,,radio,"My child worries about being as good as other kids","0, Not True or Hardly Ever True | 1, Somewhat True or Sometimes True | 2, Very True or Often True",,,,,,,y,,,scared_s1_r1_e1,,
scaredp_i15_s1_r1_e1,scaredp_s1_r1_e1,,radio,"When he/she gets frightened, he/she feels like things are not real","0, Not True or Hardly Ever True | 1, Somewhat True or Sometimes True | 2, Very True or Often True",,,,,,,y,,,scared_s1_r1_e1,,
scaredp_i16_s1_r1_e1,scaredp_s1_r1_e1,,radio,"My child has nightmares about something bad happening to his/her parents","0, Not True or Hardly Ever True | 1, Somewhat True or Sometimes True | 2, Very True or Often True",,,,,,,y,,,scared_s1_r1_e1,,
scaredp_i17_s1_r1_e1,scaredp_s1_r1_e1,,radio,"My child worries about going to school","0, Not True or Hardly Ever True | 1, Somewhat True or Sometimes True | 2, Very True or Often True",,,,,,,y,,,scared_s1_r1_e1,,
scaredp_i18_s1_r1_e1,scaredp_s1_r1_e1,,radio,"When my child gets frightened, his/her heart beats fast","0, Not True or Hardly Ever True | 1, Somewhat True or Sometimes True | 2, Very True or Often True",,,,,,,y,,,scared_s1_r1_e1,,
scaredp_i19_s1_r1_e1,scaredp_s1_r1_e1,,radio,"He/she gets shaky","0, Not True or Hardly Ever True | 1, Somewhat True or Sometimes True | 2, Very True or Often True",,,,,,,y,,,scared_s1_r1_e1,,
scaredp_i20_s1_r1_e1,scaredp_s1_r1_e1,,radio,"My child has nightmares about something bad happening to him/her","0, Not True or Hardly Ever True | 1, Somewhat True or Sometimes True | 2, Very True or Often True",,,,,,,y,,,scared_s1_r1_e1,,
scaredp_i21_s1_r1_e1,scaredp_s1_r1_e1,,radio,"My child worries about things working out for him/her","0, Not True or Hardly Ever True | 1, Somewhat True or Sometimes True | 2, Very True or Often True",,,,,,,y,,,scared_s1_r1_e1,,
scaredp_i22_s1_r1_e1,scaredp_s1_r1_e1,,radio,"When my child gets frightened, he/she sweats a lot","0, Not True or Hardly Ever True | 1, Somewhat True or Sometimes True | 2, Very True or Often True",,,,,,,y,,,scared_s1_r1_e1,,
scaredp_i23_s1_r1_e1,scaredp_s1_r1_e1,,radio,"My child is a worrier","0, Not True or Hardly Ever True | 1, Somewhat True or Sometimes True | 2, Very True or Often True",,,,,,,y,,,scared_s1_r1_e1,,
scaredp_i24_s1_r1_e1,scaredp_s1_r1_e1,,radio,"My child gets really frightened for no reason at all","0, Not True or Hardly Ever True | 1, Somewhat True or Sometimes True | 2, Very True or Often True",,,,,,,y,,,scared_s1_r1_e1,,
scaredp_i25_s1_r1_e1,scaredp_s1_r1_e1,,radio,"My child is afraid to be alone in the house","0, Not True or Hardly Ever True | 1, Somewhat True or Sometimes True | 2, Very True or Often True",,,,,,,y,,,scared_s1_r1_e1,,
scaredp_i26_s1_r1_e1,scaredp_s1_r1_e1,,radio,"It is hard for my child to talk with people he/she doesn't know well","0, Not True or Hardly Ever True | 1, Somewhat True or Sometimes True | 2, Very True or Often True",,,,,,,y,,,scared_s1_r1_e1,,
scaredp_i27_s1_r1_e1,scaredp_s1_r1_e1,,radio,"When my child gets frightened, he/she feels like he/she is choking","0, Not True or Hardly Ever True | 1, Somewhat True or Sometimes True | 2, Very True or Often True",,,,,,,y,,,scared_s1_r1_e1,,
scaredp_i28_s1_r1_e1,scaredp_s1_r1_e1,,radio,"People tell me that my child worries too much","0, Not True or Hardly Ever True | 1, Somewhat True or Sometimes True | 2, Very True or Often True",,,,,,,y,,,scared_s1_r1_e1,,
scaredp_i29_s1_r1_e1,scaredp_s1_r1_e1,,radio,"My child doesn't like to be away from his/her family","0, Not True or Hardly Ever True | 1, Somewhat True or Sometimes True | 2, Very True or Often True",,,,,,,y,,,scared_s1_r1_e1,,
scaredp_i30_s1_r1_e1,scaredp_s1_r1_e1,,radio,"My child is afraid of having anxiety (or panic) attacks","0, Not True or Hardly Ever True | 1, Somewhat True or Sometimes True | 2, Very True or Often True",,,,,,,y,,,scared_s1_r1_e1,,
scaredp_i31_s1_r1_e1,scaredp_s1_r1_e1,,radio,"My child worries that something bad might happen to his/her parents","0, Not True or Hardly Ever True | 1, Somewhat True or Sometimes True | 2, Very True or Often True",,,,,,,y,,,scared_s1_r1_e1,,
scaredp_i32_s1_r1_e1,scaredp_s1_r1_e1,,radio,"My child feels shy with people he/she doesn't know well","0, Not True or Hardly Ever True | 1, Somewhat True or Sometimes True | 2, Very True or Often True",,,,,,,y,,,scared_s1_r1_e1,,
scaredp_i33_s1_r1_e1,scaredp_s1_r1_e1,,radio,"My child worries about what is going to happen in the future","0, Not True or Hardly Ever True | 1, Somewhat True or Sometimes True | 2, Very True or Often True",,,,,,,y,,,scared_s1_r1_e1,,
scaredp_i34_s1_r1_e1,scaredp_s1_r1_e1,,radio,"When my child gets frightened, he/she feels like throwing up","0, Not True or Hardly Ever True | 1, Somewhat True or Sometimes True | 2, Very True or Often True",,,,,,,y,,,scared_s1_r1_e1,,
scaredp_i35_s1_r1_e1,scaredp_s1_r1_e1,,radio,"My child worries about how well he/she does things","0, Not True or Hardly Ever True | 1, Somewhat True or Sometimes True | 2, Very True or Often True",,,,,,,y,,,scared_s1_r1_e1,,
scaredp_i36_s1_r1_e1,scaredp_s1_r1_e1,,radio,"My child is scared to go to school","0, Not True or Hardly Ever True | 1, Somewhat True or Sometimes True | 2, Very True or Often True",,,,,,,y,,,scared_s1_r1_e1,,
scaredp_i37_s1_r1_e1,scaredp_s1_r1_e1,,radio,"My child worries about things that have already happened","0, Not True or Hardly Ever True | 1, Somewhat True or Sometimes True | 2, Very True or Often True",,,,,,,y,,,scared_s1_r1_e1,,
scaredp_i38_s1_r1_e1,scaredp_s1_r1_e1,,radio,"When my child gets frightened, he/she feels dizzy","0, Not True or Hardly Ever True | 1, Somewhat True or Sometimes True | 2, Very True or Often True",,,,,,,y,,,scared_s1_r1_e1,,
scaredp_i39_s1_r1_e1,scaredp_s1_r1_e1,,radio,"My child feels nervous when he/she is with other children or adults and he/she has to do something while they watch him/her (for example: read aloud, speak, play a game, play a sport","0, Not True or Hardly Ever True | 1, Somewhat True or Sometimes True | 2, Very True or Often True",,,,,,,y,,,scared_s1_r1_e1,,
scaredp_i40_s1_r1_e1,scaredp_s1_r1_e1,,radio,"My child feels nervous when he/she is going to parties, dances, or any place where there will be people that he/she doesn't know well","0, Not True or Hardly Ever True | 1, Somewhat True or Sometimes True | 2, Very True or Often True",,,,,,,y,,,scared_s1_r1_e1,,
scaredp_i41_s1_r1_e1,scaredp_s1_r1_e1,,radio,"My child is shy","0, Not True or Hardly Ever True | 1, Somewhat True or Sometimes True | 2, Very True or Often True",,,,,,,y,,,scared_s1_r1_e1,,
