﻿"Variable / Field Name","Form Name","Section Header","Field Type","Field Label","Choices, Calculations, OR Slider Labels","Field Note","Text Validation Type OR Show Slider Number","Text Validation Min","Text Validation Max",Identifier?,"Branching Logic (Show field only if...)","Required Field?","Custom Alignment","Question Number (surveys only)","Matrix Group Name","Matrix Ranking?","Field Annotation"
rpeqpes_i1_s1_r1_e1,rpeqpes_s1_r1_e1,"Por favor lea las preguntas y responda con qué frecuencia le sucede esto a su hijo/a. Las preguntas dicen ""un adolescente"", pero imagine que ""adolescente"" solo significa alguien en el grupo de edad de su hijo/a.",radio,"Un adolescente persiguió a mi hijo/a como si realmente estuviera tratando de hacerle daño.","1, Nunca | 2, Una o dos veces | 3, En ocasiones | 4, Una vez a la semana | 5, Pocas veces a la semana",,,,,,,y,,,rpeqpes,,
rpeqpes_i2_s1_r1_e1,rpeqpes_s1_r1_e1,,radio,"Un adolescente amenazó con lastimar o golpear a mi hijo/a.","1, Nunca | 2, Una o dos veces | 3, En ocasiones | 4, Una vez a la semana | 5, Pocas veces a la semana",,,,,,,y,,,rpeqpes,,
rpeqpes_i3_s1_r1_e1,rpeqpes_s1_r1_e1,,radio,"Un adolescente golpeó, pateó o empujó a mi hijo/a de mala manera.","1, Nunca | 2, Una o dos veces | 3, En ocasiones | 4, Una vez a la semana | 5, Pocas veces a la semana",,,,,,,y,,,rpeqpes,,
rpeqpes_i4_s1_r1_e1,rpeqpes_s1_r1_e1,,radio,"Unos adolescentes excluyeron a mi hijo/a de una actividad o conversación en la que realmente querían participar.","1, Nunca | 2, Una o dos veces | 3, En ocasiones | 4, Una vez a la semana | 5, Pocas veces a la semana",,,,,,,y,,,rpeqpes,,
rpeqpes_i5_s1_r1_e1,rpeqpes_s1_r1_e1,,radio,"Un adolescente no invitó a mi hijo/a a una fiesta u otro evento social a pesar de que sabía que mi hijo/a quería ir.","1, Nunca | 2, Una o dos veces | 3, En ocasiones | 4, Una vez a la semana | 5, Pocas veces a la semana",,,,,,,y,,,rpeqpes,,
rpeqpes_i6_s1_r1_e1,rpeqpes_s1_r1_e1,,radio,"Un adolescente excluyo a mi hijo/a de lo que estaba haciendo.","1, Nunca | 2, Una o dos veces | 3, En ocasiones | 4, Una vez a la semana | 5, Pocas veces a la semana",,,,,,,y,,,rpeqpes,,
rpeqpes_i7_s1_r1_e1,rpeqpes_s1_r1_e1,,radio,"Un adolescente trató de dañar la reputación social de mi hijo/a al difundir rumores sobre él/ella.","1, Nunca | 2, Una o dos veces | 3, En ocasiones | 4, Una vez a la semana | 5, Pocas veces a la semana",,,,,,,y,,,rpeqpes,,
rpeqpes_i8_s1_r1_e1,rpeqpes_s1_r1_e1,,radio,"Un adolescente chismeaba sobre mi hijo/a para que no les gustara a los demás.","1, Nunca | 2, Una o dos veces | 3, En ocasiones | 4, Una vez a la semana | 5, Pocas veces a la semana",,,,,,,y,,,rpeqpes,,
rpeqpes_i9_s1_r1_e1,rpeqpes_s1_r1_e1,,radio,"Un adolescente dijo cosas malas sobre mi hijo/a para que la gente pensara que mi hijo/a era un ""perdedor"".","1, Nunca | 2, Una o dos veces | 3, En ocasiones | 4, Una vez a la semana | 5, Pocas veces a la semana",,,,,,,y,,,rpeqpes,,
rpeqpes_i10_s1_r1_e1,rpeqpes_s1_r1_e1,,radio,"Un adolescente ayudó a mi hijo/a cuando tenía un problema.","1, Nunca | 2, Una o dos veces | 3, En ocasiones | 4, Una vez a la semana | 5, Pocas veces a la semana",,,,,,,y,,,rpeqpes,,
rpeqpes_i11_s1_r1_e1,rpeqpes_s1_r1_e1,,radio,"Un adolescente fue amable y amistoso con mi hijo/a cuando necesitaba ayuda.","1, Nunca | 2, Una o dos veces | 3, En ocasiones | 4, Una vez a la semana | 5, Pocas veces a la semana",,,,,,,y,,,rpeqpes,,
rpeqpes_i12_s1_r1_e1,rpeqpes_s1_r1_e1,,radio,"Un adolescente defendió a mi hijo/a cuando lo molestaban o lo excluían.","1, Nunca | 2, Una o dos veces | 3, En ocasiones | 4, Una vez a la semana | 5, Pocas veces a la semana",,,,,,,y,,,rpeqpes,,
rpeqpes_i13_s1_r1_e1,rpeqpes_s1_r1_e1,,radio,"Un adolescente ayudó a mi hijo/a a unirse a un grupo o conversación.","1, Nunca | 2, Una o dos veces | 3, En ocasiones | 4, Una vez a la semana | 5, Pocas veces a la semana",,,,,,,y,,,rpeqpes,,
rpeqpes_i14_s1_r1_e1,rpeqpes_s1_r1_e1,,radio,"Un adolescente pasó tiempo con mi hijo/a cuando no tenía a nadie más con quien pasar el rato.","1, Nunca | 2, Una o dos veces | 3, En ocasiones | 4, Una vez a la semana | 5, Pocas veces a la semana",,,,,,,y,,,rpeqpes,,
