"Variable / Field Name","Form Name","Section Header","Field Type","Field Label","Choices, Calculations, OR Slider Labels","Field Note","Text Validation Type OR Show Slider Number","Text Validation Min","Text Validation Max",Identifier?,"Branching Logic (Show field only if...)","Required Field?","Custom Alignment","Question Number (surveys only)","Matrix Group Name","Matrix Ranking?","Field Annotation"
eatq_i1_s1_r1_e1,eatq_s1_r1_e1,"Your child:",radio,"Worries about getting into trouble.","1, Almost always untrue | 2, Usually untrue | 3, Sometimes true, sometimes untrue | 4, Usually true | 5, Almost always true",,,,,,,y,,,eatq,,
eatq_i2_s1_r1_e1,eatq_s1_r1_e1,,radio,"When angry at someone, says thing s/he knows will hurt that person's feelings.","1, Almost always untrue | 2, Usually untrue | 3, Sometimes true, sometimes untrue | 4, Usually true | 5, Almost always true",,,,,,,y,,,eatq,,
eatq_i3_s1_r1_e1,eatq_s1_r1_e1,,radio,"Has a hard time finishing things on time.","1, Almost always untrue | 2, Usually untrue | 3, Sometimes true, sometimes untrue | 4, Usually true | 5, Almost always true",,,,,,,y,,,eatq,,
eatq_i4_s1_r1_e1,eatq_s1_r1_e1,,radio,"Thinks traveling to Africa or India would be exciting and fun.","1, Almost always untrue | 2, Usually untrue | 3, Sometimes true, sometimes untrue | 4, Usually true | 5, Almost always true",,,,,,,y,,,eatq,,
eatq_i5_s1_r1_e1,eatq_s1_r1_e1,,radio,"If having a problem with someone, usually tries to deal with it right away.","1, Almost always untrue | 2, Usually untrue | 3, Sometimes true, sometimes untrue | 4, Usually true | 5, Almost always true",,,,,,,y,,,eatq,,
eatq_i6_s1_r1_e1,eatq_s1_r1_e1,,radio,"Has a hard time waiting his/her turn to speak when excited.","1, Almost always untrue | 2, Usually untrue | 3, Sometimes true, sometimes untrue | 4, Usually true | 5, Almost always true",,,,,,,y,,,eatq,,
eatq_i7_s1_r1_e1,eatq_s1_r1_e1,,radio,"Often does not seem to enjoy things as much as his/her friends.","1, Almost always untrue | 2, Usually untrue | 3, Sometimes true, sometimes untrue | 4, Usually true | 5, Almost always true",,,,,,,y,,,eatq,,
eatq_i8_s1_r1_e1,eatq_s1_r1_e1,,radio,"Opens presents before s/he is supposed to.","1, Almost always untrue | 2, Usually untrue | 3, Sometimes true, sometimes untrue | 4, Usually true | 5, Almost always true",,,,,,,y,,,eatq,,
eatq_i9_s1_r1_e1,eatq_s1_r1_e1,,radio,"Would be frightened by the thought of skiing fast down a steep slope.","1, Almost always untrue | 2, Usually untrue | 3, Sometimes true, sometimes untrue | 4, Usually true | 5, Almost always true",,,,,,,y,,,eatq,,
eatq_i10_s1_r1_e1,eatq_s1_r1_e1,,radio,"Feels like crying over very little on some days.","1, Almost always untrue | 2, Usually untrue | 3, Sometimes true, sometimes untrue | 4, Usually true | 5, Almost always true",,,,,,,y,,,eatq,,
eatq_i11_s1_r1_e1,eatq_s1_r1_e1,,radio,"If very angry, might hit someone.","1, Almost always untrue | 2, Usually untrue | 3, Sometimes true, sometimes untrue | 4, Usually true | 5, Almost always true",,,,,,,y,,,eatq,,
eatq_i12_s1_r1_e1,eatq_s1_r1_e1,,radio,"Likes taking care of other people.","1, Almost always untrue | 2, Usually untrue | 3, Sometimes true, sometimes untrue | 4, Usually true | 5, Almost always true",,,,,,,y,,,eatq,,
eatq_i13_s1_r1_e1,eatq_s1_r1_e1,,radio,"Likes to be able to share his/her private thoughts with someone else.","1, Almost always untrue | 2, Usually untrue | 3, Sometimes true, sometimes untrue | 4, Usually true | 5, Almost always true",,,,,,,y,,,eatq,,
eatq_i14_s1_r1_e1,eatq_s1_r1_e1,,radio,"Usually does something fun for awhile before starting her/his homework, even though s/he is not supposed to.","1, Almost always untrue | 2, Usually untrue | 3, Sometimes true, sometimes untrue | 4, Usually true | 5, Almost always true",,,,,,,y,,,eatq,,
eatq_i15_s1_r1_e1,eatq_s1_r1_e1,,radio,"Finds it easy to really concentrate on a problem.","1, Almost always untrue | 2, Usually untrue | 3, Sometimes true, sometimes untrue | 4, Usually true | 5, Almost always true",,,,,,,y,,,eatq,,
eatq_i16_s1_r1_e1,eatq_s1_r1_e1,,radio,"Thinks it would be exciting to move to a new city.","1, Almost always untrue | 2, Usually untrue | 3, Sometimes true, sometimes untrue | 4, Usually true | 5, Almost always true",,,,,,,y,,,eatq,,
eatq_i17_s1_r1_e1,eatq_s1_r1_e1,,radio,"When asked to do something, does it right away, even if s/he doesn't want to.","1, Almost always untrue | 2, Usually untrue | 3, Sometimes true, sometimes untrue | 4, Usually true | 5, Almost always true",,,,,,,y,,,eatq,,
eatq_i18_s1_r1_e1,eatq_s1_r1_e1,,radio,"Would like to be able to spend time with a good friend every day.","1, Almost always untrue | 2, Usually untrue | 3, Sometimes true, sometimes untrue | 4, Usually true | 5, Almost always true",,,,,,,y,,,eatq,,
eatq_i19_s1_r1_e1,eatq_s1_r1_e1,,radio,"Tends to be rude to people s/he doesn't like.","1, Almost always untrue | 2, Usually untrue | 3, Sometimes true, sometimes untrue | 4, Usually true | 5, Almost always true",,,,,,,y,,,eatq,,
eatq_i20_s1_r1_e1,eatq_s1_r1_e1,,radio,"Is annoyed by little things other kids do.","1, Almost always untrue | 2, Usually untrue | 3, Sometimes true, sometimes untrue | 4, Usually true | 5, Almost always true",,,,,,,y,,,eatq,,
eatq_i21_s1_r1_e1,eatq_s1_r1_e1,,radio,"Gets very irritated when someone criticizes her/him.","1, Almost always untrue | 2, Usually untrue | 3, Sometimes true, sometimes untrue | 4, Usually true | 5, Almost always true",,,,,,,y,,,eatq,,
eatq_i22_s1_r1_e1,eatq_s1_r1_e1,,radio,"When interrupted or distracted, forgets what s/he was about to say.","1, Almost always untrue | 2, Usually untrue | 3, Sometimes true, sometimes untrue | 4, Usually true | 5, Almost always true",,,,,,,y,,,eatq,,
eatq_i23_s1_r1_e1,eatq_s1_r1_e1,,radio,"Is more likely to do something s/he shouldn't do the more s/he tries to stop her/himself.","1, Almost always untrue | 2, Usually untrue | 3, Sometimes true, sometimes untrue | 4, Usually true | 5, Almost always true",,,,,,,y,,,eatq,,
eatq_i24_s1_r1_e1,eatq_s1_r1_e1,,radio,"Enjoys exchanging hugs with people s/he likes.","1, Almost always untrue | 2, Usually untrue | 3, Sometimes true, sometimes untrue | 4, Usually true | 5, Almost always true",,,,,,,y,,,eatq,,
eatq_i25_s1_r1_e1,eatq_s1_r1_e1,,radio,"Tends to try to blame mistakes on someone else.","1, Almost always untrue | 2, Usually untrue | 3, Sometimes true, sometimes untrue | 4, Usually true | 5, Almost always true",,,,,,,y,,,eatq,,
eatq_i26_s1_r1_e1,eatq_s1_r1_e1,,radio,"Is sad more often than other people realize.","1, Almost always untrue | 2, Usually untrue | 3, Sometimes true, sometimes untrue | 4, Usually true | 5, Almost always true",,,,,,,y,,,eatq,,
eatq_i27_s1_r1_e1,eatq_s1_r1_e1,,radio,"Can generally think of something to say, even with strangers.","1, Almost always untrue | 2, Usually untrue | 3, Sometimes true, sometimes untrue | 4, Usually true | 5, Almost always true",,,,,,,y,,,eatq,,
eatq_i28_s1_r1_e1,eatq_s1_r1_e1,,radio,"Wouldn't be afraid to try a risky sport like deep sea diving.","1, Almost always untrue | 2, Usually untrue | 3, Sometimes true, sometimes untrue | 4, Usually true | 5, Almost always true",,,,,,,y,,,eatq,,
eatq_i29_s1_r1_e1,eatq_s1_r1_e1,,radio,"Expresses a desire to travel to exotic places when s/he hears about them.","1, Almost always untrue | 2, Usually untrue | 3, Sometimes true, sometimes untrue | 4, Usually true | 5, Almost always true",,,,,,,y,,,eatq,,
eatq_i30_s1_r1_e1,eatq_s1_r1_e1,,radio,"Worries about our family when s/he is not with us.","1, Almost always untrue | 2, Usually untrue | 3, Sometimes true, sometimes untrue | 4, Usually true | 5, Almost always true",,,,,,,y,,,eatq,,
eatq_i31_s1_r1_e1,eatq_s1_r1_e1,,radio,"Gets irritated when I will not take her/him someplace s/he wants to go.","1, Almost always untrue | 2, Usually untrue | 3, Sometimes true, sometimes untrue | 4, Usually true | 5, Almost always true",,,,,,,y,,,eatq,,
eatq_i32_s1_r1_e1,eatq_s1_r1_e1,,radio,"Slams doors when angry.","1, Almost always untrue | 2, Usually untrue | 3, Sometimes true, sometimes untrue | 4, Usually true | 5, Almost always true",,,,,,,y,,,eatq,,
eatq_i33_s1_r1_e1,eatq_s1_r1_e1,,radio,"Is hardly ever sad, even when lots of things are going wrong.","1, Almost always untrue | 2, Usually untrue | 3, Sometimes true, sometimes untrue | 4, Usually true | 5, Almost always true",,,,,,,y,,,eatq,,
eatq_i34_s1_r1_e1,eatq_s1_r1_e1,,radio,"Would like driving a racing car.","1, Almost always untrue | 2, Usually untrue | 3, Sometimes true, sometimes untrue | 4, Usually true | 5, Almost always true",,,,,,,y,,,eatq,,
eatq_i35_s1_r1_e1,eatq_s1_r1_e1,,radio,"Has a difficult time tuning out background noise and concentrating when trying to study.","1, Almost always untrue | 2, Usually untrue | 3, Sometimes true, sometimes untrue | 4, Usually true | 5, Almost always true",,,,,,,y,,,eatq,,
eatq_i36_s1_r1_e1,eatq_s1_r1_e1,,radio,"Usually finishes her/his homework before it's due.","1, Almost always untrue | 2, Usually untrue | 3, Sometimes true, sometimes untrue | 4, Usually true | 5, Almost always true",,,,,,,y,,,eatq,,
eatq_i37_s1_r1_e1,eatq_s1_r1_e1,,radio,"Likes it when something exciting and different happens at school.","1, Almost always untrue | 2, Usually untrue | 3, Sometimes true, sometimes untrue | 4, Usually true | 5, Almost always true",,,,,,,y,,,eatq,,
eatq_i38_s1_r1_e1,eatq_s1_r1_e1,,radio,"Usually gets started right away on difficult assignments.","1, Almost always untrue | 2, Usually untrue | 3, Sometimes true, sometimes untrue | 4, Usually true | 5, Almost always true",,,,,,,y,,,eatq,,
eatq_i39_s1_r1_e1,eatq_s1_r1_e1,,radio,"Is good at keeping track of several different things that are happening around her/him.","1, Almost always untrue | 2, Usually untrue | 3, Sometimes true, sometimes untrue | 4, Usually true | 5, Almost always true",,,,,,,y,,,eatq,,
eatq_i40_s1_r1_e1,eatq_s1_r1_e1,,radio,"Is energized by being in large crowds of people.","1, Almost always untrue | 2, Usually untrue | 3, Sometimes true, sometimes untrue | 4, Usually true | 5, Almost always true",,,,,,,y,,,eatq,,
eatq_i41_s1_r1_e1,eatq_s1_r1_e1,,radio,"Makes fun of how other people look.","1, Almost always untrue | 2, Usually untrue | 3, Sometimes true, sometimes untrue | 4, Usually true | 5, Almost always true",,,,,,,y,,,eatq,,
eatq_i42_s1_r1_e1,eatq_s1_r1_e1,,radio,"Doesn't criticize others.","1, Almost always untrue | 2, Usually untrue | 3, Sometimes true, sometimes untrue | 4, Usually true | 5, Almost always true",,,,,,,y,,,eatq,,
eatq_i43_s1_r1_e1,eatq_s1_r1_e1,,radio,"Wants to have close relationships with other people.","1, Almost always untrue | 2, Usually untrue | 3, Sometimes true, sometimes untrue | 4, Usually true | 5, Almost always true",,,,,,,y,,,eatq,,
eatq_i44_s1_r1_e1,eatq_s1_r1_e1,,radio,"Is shy.","1, Almost always untrue | 2, Usually untrue | 3, Sometimes true, sometimes untrue | 4, Usually true | 5, Almost always true",,,,,,,y,,,eatq,,
eatq_i45_s1_r1_e1,eatq_s1_r1_e1,,radio,"Gets irritated when s/he has to stop doing something s/he is enjoying.","1, Almost always untrue | 2, Usually untrue | 3, Sometimes true, sometimes untrue | 4, Usually true | 5, Almost always true",,,,,,,y,,,eatq,,
eatq_i46_s1_r1_e1,eatq_s1_r1_e1,,radio,"Usually puts off working on a project until it is due.","1, Almost always untrue | 2, Usually untrue | 3, Sometimes true, sometimes untrue | 4, Usually true | 5, Almost always true",,,,,,,y,,,eatq,,
eatq_i47_s1_r1_e1,eatq_s1_r1_e1,,radio,"Is able to stop him/herself from laughing at inappropriate times.","1, Almost always untrue | 2, Usually untrue | 3, Sometimes true, sometimes untrue | 4, Usually true | 5, Almost always true",,,,,,,y,,,eatq,,
eatq_i48_s1_r1_e1,eatq_s1_r1_e1,,radio,"Is afraid of the idea of me dying or leaving her/him.","1, Almost always untrue | 2, Usually untrue | 3, Sometimes true, sometimes untrue | 4, Usually true | 5, Almost always true",,,,,,,y,,,eatq,,
eatq_i49_s1_r1_e1,eatq_s1_r1_e1,,radio,"Is often in the middle of doing one thing and then goes off to do something else without finishing it.","1, Almost always untrue | 2, Usually untrue | 3, Sometimes true, sometimes untrue | 4, Usually true | 5, Almost always true",,,,,,,y,,,eatq,,
eatq_i50_s1_r1_e1,eatq_s1_r1_e1,,radio,"Is not shy.","1, Almost always untrue | 2, Usually untrue | 3, Sometimes true, sometimes untrue | 4, Usually true | 5, Almost always true",,,,,,,y,,,eatq,,
eatq_i51_s1_r1_e1,eatq_s1_r1_e1,,radio,"Is quite a warm and friendly person.","1, Almost always untrue | 2, Usually untrue | 3, Sometimes true, sometimes untrue | 4, Usually true | 5, Almost always true",,,,,,,y,,,eatq,,
eatq_i52_s1_r1_e1,eatq_s1_r1_e1,,radio,"Sometimes seems sad even when s/he should be enjoying her/himself like at Christmas, or on a trip.","1, Almost always untrue | 2, Usually untrue | 3, Sometimes true, sometimes untrue | 4, Usually true | 5, Almost always true",,,,,,,y,,,eatq,,
eatq_i53_s1_r1_e1,eatq_s1_r1_e1,,radio,"Doesn't enjoy playing softball or baseball because s/he is afraid of the ball.","1, Almost always untrue | 2, Usually untrue | 3, Sometimes true, sometimes untrue | 4, Usually true | 5, Almost always true",,,,,,,y,,,eatq,,
eatq_i54_s1_r1_e1,eatq_s1_r1_e1,,radio,"Likes meeting new people.","1, Almost always untrue | 2, Usually untrue | 3, Sometimes true, sometimes untrue | 4, Usually true | 5, Almost always true",,,,,,,y,,,eatq,,
eatq_i55_s1_r1_e1,eatq_s1_r1_e1,,radio,"Feels scared when entering a darkened room at night.","1, Almost always untrue | 2, Usually untrue | 3, Sometimes true, sometimes untrue | 4, Usually true | 5, Almost always true",,,,,,,y,,,eatq,,
eatq_i56_s1_r1_e1,eatq_s1_r1_e1,,radio,"Wouldn't want to go on the frightening rides at the fair.","1, Almost always untrue | 2, Usually untrue | 3, Sometimes true, sometimes untrue | 4, Usually true | 5, Almost always true",,,,,,,y,,,eatq,,
eatq_i57_s1_r1_e1,eatq_s1_r1_e1,,radio,"Hates it when people don't agree with him/her.","1, Almost always untrue | 2, Usually untrue | 3, Sometimes true, sometimes untrue | 4, Usually true | 5, Almost always true",,,,,,,y,,,eatq,,
eatq_i58_s1_r1_e1,eatq_s1_r1_e1,,radio,"Gets very frustrated when s/he makes a mistake in her/his school work.","1, Almost always untrue | 2, Usually untrue | 3, Sometimes true, sometimes untrue | 4, Usually true | 5, Almost always true",,,,,,,y,,,eatq,,
eatq_i59_s1_r1_e1,eatq_s1_r1_e1,,radio,"Is usually able to stick with his/her plans and goals.","1, Almost always untrue | 2, Usually untrue | 3, Sometimes true, sometimes untrue | 4, Usually true | 5, Almost always true",,,,,,,y,,,eatq,,
eatq_i60_s1_r1_e1,eatq_s1_r1_e1,,radio,"Pays close attention when someone tells her/him how to do something.","1, Almost always untrue | 2, Usually untrue | 3, Sometimes true, sometimes untrue | 4, Usually true | 5, Almost always true",,,,,,,y,,,eatq,,
eatq_i61_s1_r1_e1,eatq_s1_r1_e1,,radio,"Is nervous being home alone.","1, Almost always untrue | 2, Usually untrue | 3, Sometimes true, sometimes untrue | 4, Usually true | 5, Almost always true",,,,,,,y,,,eatq,,
eatq_i62_s1_r1_e1,eatq_s1_r1_e1,,radio,"Feels shy about meeting new people.","1, Almost always untrue | 2, Usually untrue | 3, Sometimes true, sometimes untrue | 4, Usually true | 5, Almost always true",,,,,,,y,,,eatq,,
