﻿"Variable / Field Name","Form Name","Section Header","Field Type","Field Label","Choices, Calculations, OR Slider Labels","Field Note","Text Validation Type OR Show Slider Number","Text Validation Min","Text Validation Max",Identifier?,"Branching Logic (Show field only if...)","Required Field?","Custom Alignment","Question Number (surveys only)","Matrix Group Name","Matrix Ranking?","Field Annotation"
scaaredes_b_i1_s1_r1_e1,scaaredes_b_s1_r1_e1,,radio,"Cuando me siento nervioso(a), me cuesta respirar.","0, ""Casi nunca es cierto"" o ""Nunca es cierto"" | 1, ""Algo cierto o a veces cierto"" | 2, ""Casi siempre es cierto"" o ""Siempre es cierto""",,,,,,,y,,,scaaredes,,
scaaredes_b_i2_s1_r1_e1,scaaredes_b_s1_r1_e1,,radio,"Tengo dolores de cabeza cuando estoy en la universidad, instituto, en el trabajo o en lugares públicos.","0, ""Casi nunca es cierto"" o ""Nunca es cierto"" | 1, ""Algo cierto o a veces cierto"" | 2, ""Casi siempre es cierto"" o ""Siempre es cierto""",,,,,,,y,,,scaaredes,,
scaaredes_b_i3_s1_r1_e1,scaaredes_b_s1_r1_e1,,radio,"No me gusta estar con personas que no conozco bien.","0, ""Casi nunca es cierto"" o ""Nunca es cierto"" | 1, ""Algo cierto o a veces cierto"" | 2, ""Casi siempre es cierto"" o ""Siempre es cierto""",,,,,,,y,,,scaaredes,,
scaaredes_b_i4_s1_r1_e1,scaaredes_b_s1_r1_e1,,radio,"Me pongo nervioso(a) si duermo fuera de casa.","0, ""Casi nunca es cierto"" o ""Nunca es cierto"" | 1, ""Algo cierto o a veces cierto"" | 2, ""Casi siempre es cierto"" o ""Siempre es cierto""",,,,,,,y,,,scaaredes,,
scaaredes_b_i5_s1_r1_e1,scaaredes_b_s1_r1_e1,,radio,"Me preocupa gustarle a la gente.","0, ""Casi nunca es cierto"" o ""Nunca es cierto"" | 1, ""Algo cierto o a veces cierto"" | 2, ""Casi siempre es cierto"" o ""Siempre es cierto""",,,,,,,y,,,scaaredes,,
scaaredes_b_i6_s1_r1_e1,scaaredes_b_s1_r1_e1,,radio,"Cuando me pongo ansioso(a), siento que voy a desmayarme.","0, ""Casi nunca es cierto"" o ""Nunca es cierto"" | 1, ""Algo cierto o a veces cierto"" | 2, ""Casi siempre es cierto"" o ""Siempre es cierto""",,,,,,,y,,,scaaredes,,
scaaredes_b_i7_s1_r1_e1,scaaredes_b_s1_r1_e1,,radio,"Estoy nervioso(a).","0, ""Casi nunca es cierto"" o ""Nunca es cierto"" | 1, ""Algo cierto o a veces cierto"" | 2, ""Casi siempre es cierto"" o ""Siempre es cierto""",,,,,,,y,,,scaaredes,,
scaaredes_b_i8_s1_r1_e1,scaaredes_b_s1_r1_e1,,radio,"Me cuesta dejar de preocuparme.","0, ""Casi nunca es cierto"" o ""Nunca es cierto"" | 1, ""Algo cierto o a veces cierto"" | 2, ""Casi siempre es cierto"" o ""Siempre es cierto""",,,,,,,y,,,scaaredes,,
scaaredes_b_i9_s1_r1_e1,scaaredes_b_s1_r1_e1,,radio,"La gente me dice que parezco nervioso(a).","0, ""Casi nunca es cierto"" o ""Nunca es cierto"" | 1, ""Algo cierto o a veces cierto"" | 2, ""Casi siempre es cierto"" o ""Siempre es cierto""",,,,,,,y,,,scaaredes,,
scaaredes_b_i10_s1_r1_e1,scaaredes_b_s1_r1_e1,,radio,"Me siento nervioso(a) con personas que no conozco bien.","0, ""Casi nunca es cierto"" o ""Nunca es cierto"" | 1, ""Algo cierto o a veces cierto"" | 2, ""Casi siempre es cierto"" o ""Siempre es cierto""",,,,,,,y,,,scaaredes,,
scaaredes_b_i11_s1_r1_e1,scaaredes_b_s1_r1_e1,,radio,"Me dan dolores del estómago en la universidad, instituto, en el trabajo o en lugares públicos.","0, ""Casi nunca es cierto"" o ""Nunca es cierto"" | 1, ""Algo cierto o a veces cierto"" | 2, ""Casi siempre es cierto"" o ""Siempre es cierto""",,,,,,,y,,,scaaredes,,
scaaredes_b_i12_s1_r1_e1,scaaredes_b_s1_r1_e1,,radio,"Cuando me pongo ansioso(a), siento que me estoy volviendo loco(a).","0, ""Casi nunca es cierto"" o ""Nunca es cierto"" | 1, ""Algo cierto o a veces cierto"" | 2, ""Casi siempre es cierto"" o ""Siempre es cierto""",,,,,,,y,,,scaaredes,,
scaaredes_b_i13_s1_r1_e1,scaaredes_b_s1_r1_e1,,radio,"Me preocupa dormir solo(a).","0, ""Casi nunca es cierto"" o ""Nunca es cierto"" | 1, ""Algo cierto o a veces cierto"" | 2, ""Casi siempre es cierto"" o ""Siempre es cierto""",,,,,,,y,,,scaaredes,,
scaaredes_b_i14_s1_r1_e1,scaaredes_b_s1_r1_e1,,radio,"Me preocupa ser tan bueno(a) como los demás.","0, ""Casi nunca es cierto"" o ""Nunca es cierto"" | 1, ""Algo cierto o a veces cierto"" | 2, ""Casi siempre es cierto"" o ""Siempre es cierto""",,,,,,,y,,,scaaredes,,
scaaredes_b_i15_s1_r1_e1,scaaredes_b_s1_r1_e1,,radio,"Cuando me pongo ansioso(a), siento que las cosas no son reales.","0, ""Casi nunca es cierto"" o ""Nunca es cierto"" | 1, ""Algo cierto o a veces cierto"" | 2, ""Casi siempre es cierto"" o ""Siempre es cierto""",,,,,,,y,,,scaaredes,,
scaaredes_b_i16_s1_r1_e1,scaaredes_b_s1_r1_e1,,radio,"Tengo pesadillas sobre algo malo que le pasa a mi familia.","0, ""Casi nunca es cierto"" o ""Nunca es cierto"" | 1, ""Algo cierto o a veces cierto"" | 2, ""Casi siempre es cierto"" o ""Siempre es cierto""",,,,,,,y,,,scaaredes,,
scaaredes_b_i17_s1_r1_e1,scaaredes_b_s1_r1_e1,,radio,"Me preocupa ir al trabajo o a la universidad o instituto o a lugares públicos.","0, ""Casi nunca es cierto"" o ""Nunca es cierto"" | 1, ""Algo cierto o a veces cierto"" | 2, ""Casi siempre es cierto"" o ""Siempre es cierto""",,,,,,,y,,,scaaredes,,
scaaredes_b_i18_s1_r1_e1,scaaredes_b_s1_r1_e1,,radio,"Cuando me siento ansioso(a), mi corazón late rápido.","0, ""Casi nunca es cierto"" o ""Nunca es cierto"" | 1, ""Algo cierto o a veces cierto"" | 2, ""Casi siempre es cierto"" o ""Siempre es cierto""",,,,,,,y,,,scaaredes,,
scaaredes_b_i19_s1_r1_e1,scaaredes_b_s1_r1_e1,,radio,"Me pongo tembloroso(a).","0, ""Casi nunca es cierto"" o ""Nunca es cierto"" | 1, ""Algo cierto o a veces cierto"" | 2, ""Casi siempre es cierto"" o ""Siempre es cierto""",,,,,,,y,,,scaaredes,,
scaaredes_b_i20_s1_r1_e1,scaaredes_b_s1_r1_e1,,radio,"Tengo pesadillas sobre algo malo que me está pasando.","0, ""Casi nunca es cierto"" o ""Nunca es cierto"" | 1, ""Algo cierto o a veces cierto"" | 2, ""Casi siempre es cierto"" o ""Siempre es cierto""",,,,,,,y,,,scaaredes,,
scaaredes_b_i21_s1_r1_e1,scaaredes_b_s1_r1_e1,,radio,"Me preocupa que las cosas me salgan bien.","0, ""Casi nunca es cierto"" o ""Nunca es cierto"" | 1, ""Algo cierto o a veces cierto"" | 2, ""Casi siempre es cierto"" o ""Siempre es cierto""",,,,,,,y,,,scaaredes,,
scaaredes_b_i22_s1_r1_e1,scaaredes_b_s1_r1_e1,,radio,"Cuando me siento ansioso(a), sudo mucho.","0, ""Casi nunca es cierto"" o ""Nunca es cierto"" | 1, ""Algo cierto o a veces cierto"" | 2, ""Casi siempre es cierto"" o ""Siempre es cierto""",,,,,,,y,,,scaaredes,,
scaaredes_b_i23_s1_r1_e1,scaaredes_b_s1_r1_e1,,radio,"Soy una persona preocupada.","0, ""Casi nunca es cierto"" o ""Nunca es cierto"" | 1, ""Algo cierto o a veces cierto"" | 2, ""Casi siempre es cierto"" o ""Siempre es cierto""",,,,,,,y,,,scaaredes,,
scaaredes_b_i24_s1_r1_e1,scaaredes_b_s1_r1_e1,,radio,"Cuando me preocupo mucho, tengo problemas para dormir.","0, ""Casi nunca es cierto"" o ""Nunca es cierto"" | 1, ""Algo cierto o a veces cierto"" | 2, ""Casi siempre es cierto"" o ""Siempre es cierto""",,,,,,,y,,,scaaredes,,
scaaredes_b_i25_s1_r1_e1,scaaredes_b_s1_r1_e1,,radio,"Me asusto mucho sin ninguna razón.","0, ""Casi nunca es cierto"" o ""Nunca es cierto"" | 1, ""Algo cierto o a veces cierto"" | 2, ""Casi siempre es cierto"" o ""Siempre es cierto""",,,,,,,y,,,scaaredes,,
scaaredes_b_i26_s1_r1_e1,scaaredes_b_s1_r1_e1,,radio,"Tengo miedo de estar solo(a) en la casa.","0, ""Casi nunca es cierto"" o ""Nunca es cierto"" | 1, ""Algo cierto o a veces cierto"" | 2, ""Casi siempre es cierto"" o ""Siempre es cierto""",,,,,,,y,,,scaaredes,,
scaaredes_b_i27_s1_r1_e1,scaaredes_b_s1_r1_e1,,radio,"Es difícil para mí hablar con gente que no conozco bien.","0, ""Casi nunca es cierto"" o ""Nunca es cierto"" | 1, ""Algo cierto o a veces cierto"" | 2, ""Casi siempre es cierto"" o ""Siempre es cierto""",,,,,,,y,,,scaaredes,,
scaaredes_b_i28_s1_r1_e1,scaaredes_b_s1_r1_e1,,radio,"Cuando me siento ansioso(a), siento que me estoy ahogando.","0, ""Casi nunca es cierto"" o ""Nunca es cierto"" | 1, ""Algo cierto o a veces cierto"" | 2, ""Casi siempre es cierto"" o ""Siempre es cierto""",,,,,,,y,,,scaaredes,,
scaaredes_b_i29_s1_r1_e1,scaaredes_b_s1_r1_e1,,radio,"La gente me dice que me preocupo demasiado.","0, ""Casi nunca es cierto"" o ""Nunca es cierto"" | 1, ""Algo cierto o a veces cierto"" | 2, ""Casi siempre es cierto"" o ""Siempre es cierto""",,,,,,,y,,,scaaredes,,
scaaredes_b_i30_s1_r1_e1,scaaredes_b_s1_r1_e1,,radio,"No me gusta estar lejos de mi familia.","0, ""Casi nunca es cierto"" o ""Nunca es cierto"" | 1, ""Algo cierto o a veces cierto"" | 2, ""Casi siempre es cierto"" o ""Siempre es cierto""",,,,,,,y,,,scaaredes,,
scaaredes_b_i31_s1_r1_e1,scaaredes_b_s1_r1_e1,,radio,"Cuando me preocupo mucho, me siento inquieto(a).","0, ""Casi nunca es cierto"" o ""Nunca es cierto"" | 1, ""Algo cierto o a veces cierto"" | 2, ""Casi siempre es cierto"" o ""Siempre es cierto""",,,,,,,y,,,scaaredes,,
scaaredes_b_i32_s1_r1_e1,scaaredes_b_s1_r1_e1,,radio,"Tengo miedo de tener ataques de ansiedad (o pánico).","0, ""Casi nunca es cierto"" o ""Nunca es cierto"" | 1, ""Algo cierto o a veces cierto"" | 2, ""Casi siempre es cierto"" o ""Siempre es cierto""",,,,,,,y,,,scaaredes,,
scaaredes_b_i33_s1_r1_e1,scaaredes_b_s1_r1_e1,,radio,"Me preocupa que algo malo le pueda pasar a mi familia.","0, ""Casi nunca es cierto"" o ""Nunca es cierto"" | 1, ""Algo cierto o a veces cierto"" | 2, ""Casi siempre es cierto"" o ""Siempre es cierto""",,,,,,,y,,,scaaredes,,
scaaredes_b_i34_s1_r1_e1,scaaredes_b_s1_r1_e1,,radio,"Me siento tímido(a) con gente que no conozco bien.","0, ""Casi nunca es cierto"" o ""Nunca es cierto"" | 1, ""Algo cierto o a veces cierto"" | 2, ""Casi siempre es cierto"" o ""Siempre es cierto""",,,,,,,y,,,scaaredes,,
scaaredes_b_i35_s1_r1_e1,scaaredes_b_s1_r1_e1,,radio,"Me preocupa lo que va a pasar en el futuro.","0, ""Casi nunca es cierto"" o ""Nunca es cierto"" | 1, ""Algo cierto o a veces cierto"" | 2, ""Casi siempre es cierto"" o ""Siempre es cierto""",,,,,,,y,,,scaaredes,,
scaaredes_b_i36_s1_r1_e1,scaaredes_b_s1_r1_e1,,radio,"Cuando me siento ansioso(a), tengo ganas de vomitar.","0, ""Casi nunca es cierto"" o ""Nunca es cierto"" | 1, ""Algo cierto o a veces cierto"" | 2, ""Casi siempre es cierto"" o ""Siempre es cierto""",,,,,,,y,,,scaaredes,,
scaaredes_b_i37_s1_r1_e1,scaaredes_b_s1_r1_e1,,radio,"Me preocupa qué tan bien hago las cosas.","0, ""Casi nunca es cierto"" o ""Nunca es cierto"" | 1, ""Algo cierto o a veces cierto"" | 2, ""Casi siempre es cierto"" o ""Siempre es cierto""",,,,,,,y,,,scaaredes,,
scaaredes_b_i38_s1_r1_e1,scaaredes_b_s1_r1_e1,,radio,"Tengo miedo de salir o ir a lugares concurridos solo(a).","0, ""Casi nunca es cierto"" o ""Nunca es cierto"" | 1, ""Algo cierto o a veces cierto"" | 2, ""Casi siempre es cierto"" o ""Siempre es cierto""",,,,,,,y,,,scaaredes,,
scaaredes_b_i39_s1_r1_e1,scaaredes_b_s1_r1_e1,,radio,"Me preocupo de las cosas que ya han sucedido.","0, ""Casi nunca es cierto"" o ""Nunca es cierto"" | 1, ""Algo cierto o a veces cierto"" | 2, ""Casi siempre es cierto"" o ""Siempre es cierto""",,,,,,,y,,,scaaredes,,
scaaredes_b_i40_s1_r1_e1,scaaredes_b_s1_r1_e1,,radio,"Cuando me pongo ansioso(a), me siento mareado(a).","0, ""Casi nunca es cierto"" o ""Nunca es cierto"" | 1, ""Algo cierto o a veces cierto"" | 2, ""Casi siempre es cierto"" o ""Siempre es cierto""",,,,,,,y,,,scaaredes,,
scaaredes_b_i41_s1_r1_e1,scaaredes_b_s1_r1_e1,,radio,"Me siento nervioso(a) cuando estoy con otras personas y tengo que hacer algo mientras me miran (por ejemplo: hablar, hacer un deporte).","0, ""Casi nunca es cierto"" o ""Nunca es cierto"" | 1, ""Algo cierto o a veces cierto"" | 2, ""Casi siempre es cierto"" o ""Siempre es cierto""",,,,,,,y,,,scaaredes,,
scaaredes_b_i42_s1_r1_e1,scaaredes_b_s1_r1_e1,,radio,"Me siento nervioso(a) cuando voy a fiestas, bailes o cualquier lugar donde haya gente que no conozco bien.","0, ""Casi nunca es cierto"" o ""Nunca es cierto"" | 1, ""Algo cierto o a veces cierto"" | 2, ""Casi siempre es cierto"" o ""Siempre es cierto""",,,,,,,y,,,scaaredes,,
scaaredes_b_i43_s1_r1_e1,scaaredes_b_s1_r1_e1,,radio,"Soy tímido(a).","0, ""Casi nunca es cierto"" o ""Nunca es cierto"" | 1, ""Algo cierto o a veces cierto"" | 2, ""Casi siempre es cierto"" o ""Siempre es cierto""",,,,,,,y,,,scaaredes,,
scaaredes_b_i44_s1_r1_e1,scaaredes_b_s1_r1_e1,,radio,"Cuando me preocupo mucho, me siento irritable.","0, ""Casi nunca es cierto"" o ""Nunca es cierto"" | 1, ""Algo cierto o a veces cierto"" | 2, ""Casi siempre es cierto"" o ""Siempre es cierto""",,,,,,,y,,,scaaredes,,
