"Variable / Field Name","Form Name","Section Header","Field Type","Field Label","Choices, Calculations, OR Slider Labels","Field Note","Text Validation Type OR Show Slider Number","Text Validation Min","Text Validation Max",Identifier?,"Branching Logic (Show field only if...)","Required Field?","Custom Alignment","Question Number (surveys only)","Matrix Group Name","Matrix Ranking?","Field Annotation"
mss_i1_s1_r1_e1,mss_s1_r1_e1,"""When I spend time alone, I do so because ...""",radio,"It sparks my creativity","1, Not at all Important | 2, Somewhat Important | 3, Moderately Important | 4, Very Important",,,,,,,y,,,mss,,
mss_i2_s1_r1_e1,mss_s1_r1_e1,,radio,"I enjoy the quiet","1, Not at all Important | 2, Somewhat Important | 3, Moderately Important | 4, Very Important",,,,,,,y,,,mss,,
mss_i3_s1_r1_e1,mss_s1_r1_e1,,radio,"I feel anxious when I'm with others","1, Not at all Important | 2, Somewhat Important | 3, Moderately Important | 4, Very Important",,,,,,,y,,,mss,,
mss_i4_s1_r1_e1,mss_s1_r1_e1,,radio,"Being alone helps me get in touch with my spirituality","1, Not at all Important | 2, Somewhat Important | 3, Moderately Important | 4, Very Important",,,,,,,y,,,mss,,
mss_i5_s1_r1_e1,mss_s1_r1_e1,,radio,"I don't feel liked when I'm with others","1, Not at all Important | 2, Somewhat Important | 3, Moderately Important | 4, Very Important",,,,,,,y,,,mss,,
mss_i6_s1_r1_e1,mss_s1_r1_e1,,radio,"I can't be myself around others","1, Not at all Important | 2, Somewhat Important | 3, Moderately Important | 4, Very Important",,,,,,,y,,,mss,,
mss_i7_s1_r1_e1,mss_s1_r1_e1,,radio,"It helps me stay in touch with my feelings","1, Not at all Important | 2, Somewhat Important | 3, Moderately Important | 4, Very Important",,,,,,,y,,,mss,,
mss_i8_s1_r1_e1,mss_s1_r1_e1,,radio,"I regret things I say or do when I'm with others","1, Not at all Important | 2, Somewhat Important | 3, Moderately Important | 4, Very Important",,,,,,,y,,,mss,,
mss_i9_s1_r1_e1,mss_s1_r1_e1,,radio,"I feel uncomfortable when I'm with others","1, Not at all Important | 2, Somewhat Important | 3, Moderately Important | 4, Very Important",,,,,,,y,,,mss,,
mss_i10_s1_r1_e1,mss_s1_r1_e1,,radio,"I value the privacy","1, Not at all Important | 2, Somewhat Important | 3, Moderately Important | 4, Very Important",,,,,,,y,,,mss,,
mss_i11_s1_r1_e1,mss_s1_r1_e1,,radio,"I can engage in activities that really interest me","1, Not at all Important | 2, Somewhat Important | 3, Moderately Important | 4, Very Important",,,,,,,y,,,mss,,
mss_i12_s1_r1_e1,mss_s1_r1_e1,,radio,"I feel like I don't belong when I'm with others","1, Not at all Important | 2, Somewhat Important | 3, Moderately Important | 4, Very Important",,,,,,,y,,,mss,,
mss_i13_s1_r1_e1,mss_s1_r1_e1,,radio,"It helps me gain insight into why I do the things I do","1, Not at all Important | 2, Somewhat Important | 3, Moderately Important | 4, Very Important",,,,,,,y,,,mss,,
mss_i14_s1_r1_e1,mss_s1_r1_e1,,radio,"I feel energized when I spend time with myself","1, Not at all Important | 2, Somewhat Important | 3, Moderately Important | 4, Very Important",,,,,,,y,,,mss,,
