Variable / Field Name,Form Name,Section Header,Field Type,Field Label,"Choices, Calculations, OR Slider Labels",Field Note,Text Validation Type OR Show Slider Number,Text Validation Min,Text Validation Max,Identifier?,Branching Logic (Show field only if...),Required Field?,Custom Alignment,Question Number (surveys only),Matrix Group Name,Matrix Ranking?,Field Annotation
ppiepre_i1_s1_r1_e1,ppiepre_s1_r1_e1,,radio,I will have an enjoyable interaction with the other person.,"1, Very Unlikely | 2, Unlikely | 3, Likely | 4, Very Likely",,,,,,,y,,,ppiepre_s1_r1_e1,,
ppiepre_i2_s1_r1_e1,ppiepre_s1_r1_e1,,radio,I will act awkward when talking to the other person.,"1, Very Unlikely | 2, Unlikely | 3, Likely | 4, Very Likely",,,,,,,y,,,ppiepre_s1_r1_e1,,
ppiepre_i3_s1_r1_e1,ppiepre_s1_r1_e1,,radio,I will do a great job of carrying on a conversation with the other person.,"1, Very Unlikely | 2, Unlikely | 3, Likely | 4, Very Likely",,,,,,,y,,,ppiepre_s1_r1_e1,,
ppiepre_i4_s1_r1_e1,ppiepre_s1_r1_e1,,radio,I will have nothing to talk about.,"1, Very Unlikely | 2, Unlikely | 3, Likely | 4, Very Likely",,,,,,,y,,,ppiepre_s1_r1_e1,,
ppiepre_i5_s1_r1_e1,ppiepre_s1_r1_e1,,radio,I will say uninteresting things when talking to the other person.,"1, Very Unlikely | 2, Unlikely | 3, Likely | 4, Very Likely",,,,,,,y,,,ppiepre_s1_r1_e1,,
ppiepre_i6_s1_r1_e1,ppiepre_s1_r1_e1,,radio,The other person will think I am smart.,"1, Very Unlikely | 2, Unlikely | 3, Likely | 4, Very Likely",,,,,,,y,,,ppiepre_s1_r1_e1,,
ppiepre_i7_s1_r1_e1,ppiepre_s1_r1_e1,,radio,The other person will think I am interesting.,"1, Very Unlikely | 2, Unlikely | 3, Likely | 4, Very Likely",,,,,,,y,,,ppiepre_s1_r1_e1,,
ppiepre_i8_s1_r1_e1,ppiepre_s1_r1_e1,,radio,The other person will enjoy having a conversation with me.,"1, Very Unlikely | 2, Unlikely | 3, Likely | 4, Very Likely",,,,,,,y,,,ppiepre_s1_r1_e1,,
ppiepre_i9_s1_r1_e1,ppiepre_s1_r1_e1,,radio,The other person will think I am weird.,"1, Very Unlikely | 2, Unlikely | 3, Likely | 4, Very Likely",,,,,,,y,,,ppiepre_s1_r1_e1,,
ppiepre_i10_s1_r1_e1,ppiepre_s1_r1_e1,,radio,The other person will like me.,"1, Very Unlikely | 2, Unlikely | 3, Likely | 4, Very Likely",,,,,,,y,,,ppiepre_s1_r1_e1,,
ppiepre_i11_s1_r1_e1,ppiepre_s1_r1_e1,,radio,"I will feel like my thoughts were ""racing"" when talking to the other person.","1, Very Unlikely | 2, Unlikely | 3, Likely | 4, Very Likely",,,,,,,y,,,ppiepre_s1_r1_e1,,
ppiepre_i12_s1_r1_e1,ppiepre_s1_r1_e1,,radio,I will get distracted by anxious thoughts during the conversation.,"1, Very Unlikely | 2, Unlikely | 3, Likely | 4, Very Likely",,,,,,,y,,,ppiepre_s1_r1_e1,,
ppiepre_i13_s1_r1_e1,ppiepre_s1_r1_e1,,radio,I will worry a lot when talking to the other person.,"1, Very Unlikely | 2, Unlikely | 3, Likely | 4, Very Likely",,,,,,,y,,,ppiepre_s1_r1_e1,,
ppiepre_i14_s1_r1_e1,ppiepre_s1_r1_e1,,radio,I will maintain focus on the conversation and the other person.,"1, Very Unlikely | 2, Unlikely | 3, Likely | 4, Very Likely",,,,,,,y,,,ppiepre_s1_r1_e1,,
ppiepre_i15_s1_r1_e1,ppiepre_s1_r1_e1,,radio,I will fixate too much on everything I say or do during the conversation.,"1, Very Unlikely | 2, Unlikely | 3, Likely | 4, Very Likely",,,,,,,y,,,ppiepre_s1_r1_e1,,
ppiepre_i16_s1_r1_e1,ppiepre_s1_r1_e1,,radio,My heart will pound when talking to the other person.,"1, Very Unlikely | 2, Unlikely | 3, Likely | 4, Very Likely",,,,,,,y,,,ppiepre_s1_r1_e1,,
ppiepre_i17_s1_r1_e1,ppiepre_s1_r1_e1,,radio,I will start to sweat when talking to the other person.,"1, Very Unlikely | 2, Unlikely | 3, Likely | 4, Very Likely",,,,,,,y,,,ppiepre_s1_r1_e1,,
ppiepre_i18_s1_r1_e1,ppiepre_s1_r1_e1,,radio,I will feel flushed when talking to the other person.,"1, Very Unlikely | 2, Unlikely | 3, Likely | 4, Very Likely",,,,,,,y,,,ppiepre_s1_r1_e1,,
ppiepre_i19_s1_r1_e1,ppiepre_s1_r1_e1,,radio,I will have an uncomfortable feeling in my stomach when talking to the other person.,"1, Very Unlikely | 2, Unlikely | 3, Likely | 4, Very Likely",,,,,,,y,,,ppiepre_s1_r1_e1,,
ppiepre_i20_s1_r1_e1,ppiepre_s1_r1_e1,,radio,I will feel tense while talking to the other person.,"1, Very Unlikely | 2, Unlikely | 3, Likely | 4, Very Likely",,,,,,,y,,,ppiepre_s1_r1_e1,,