"Variable / Field Name","Form Name","Section Header","Field Type","Field Label","Choices, Calculations, OR Slider Labels","Field Note","Text Validation Type OR Show Slider Number","Text Validation Min","Text Validation Max",Identifier?,"Branching Logic (Show field only if...)","Required Field?","Custom Alignment","Question Number (surveys only)","Matrix Group Name","Matrix Ranking?","Field Annotation"
pdsfp_b_i1_s1_r1_e1,pdsfp_b_s1_r1_e1,,radio,"Would you say that your child's growth in height:","1, Has not yet begun to spurt | 2, Has barely started | 3, Is definitely underway | 4, Seems complete | NA, I don't know",,,,,,,y,LV,1,,,
pdsfp_b_i2_s1_r1_e1,pdsfp_b_s1_r1_e1,,radio,"And how about the growth of your child's body hair (""body hair"" means hair any place other than their head, such as under their arms)? Would you say that your child's body hair growth:","1, Has not yet begun to grow | 2, Has barely started to grow | 3, Is definitely underway | 4, Seems complete | NA, I don't know",,,,,,,y,LV,2,,,
pdsfp_b_i3_s1_r1_e1,pdsfp_b_s1_r1_e1,,radio,"Have you noticed any changes to their skin, especially pimples?","1, Skin has not yet started changing | 2, Skin has barely started changing | 3, Skin changes are definitely underway | 4, Skin changes seem complete | NA, I don't know",,,,,,,y,LV,3,,,
pdsfp_b_i4_s1_r1_e1,pdsfp_b_s1_r1_e1,,radio,"Have you noticed that your child's breasts have begun to grow?","1, Have not yet started growing | 2, Have barely started growing | 3, Breast growth is definitely underway | 4, Breast growth seems complete | NA, I don't know",,,,,,,y,LV,4,,,
pdsfp_b_i5_s1_r1_e1,pdsfp_b_s1_r1_e1,,radio,"Has your child begun to menstruate?","4, Yes | 0, No | 999, I don't know",,,,,,,y,LV,5,,,
pdsfp_b_i6_s1_r1_e1,pdsfp_b_s1_r1_e1,,text,"How old were they when they started to menstruate?

(If you don't know, please choose ""I don't know"" in what follows below.)",,"(In years.)",,,,,"[pdsfp_b_i5_s1_r1_e1] = '1'",,LV,6,,,
pdsfp_b_i6dk_s1_r1_e1,pdsfp_b_s1_r1_e1,,radio,,"999, I don't know",,,,,,"[pdsfp_b_i5_s1_r1_e1] = '1'",,,,,,
pdsfp_b_i7_s1_r1_e1,pdsfp_b_s1_r1_e1,,text,"What was the date of the first day of your child's last period?

(If you don't know, please choose ""I don't know"" in what follows below.)",,,date_ymd,,,,"[pdsfp_b_i5_s1_r1_e1] = '1'",,LV,,,," @HIDEBUTTON"
pdsfp_b_i7dk_s1_r1_e1,pdsfp_b_s1_r1_e1,,radio,,"999, I don't know",,,,,,"[pdsfp_b_i5_s1_r1_e1] = '1'",,,,,,
pdsfp_b_i8_s1_r1_e1,pdsfp_b_s1_r1_e1,,text,"On average, how many days are there between the first day of their period and the first day of their next period?

(If you don't know, please choose ""I don't know"" in what follows below.)",,"(E.g., 30 days.)",integer,,,,"[pdsfp_b_i5_s1_r1_e1] = '1'",,LV,,,,
pdsfp_b_i8dk_s1_r1_e1,pdsfp_b_s1_r1_e1,,radio,,"999, I don't know",,,,,,"[pdsfp_b_i5_s1_r1_e1] = '1'",,,,,,
pdsfp_b_i9_s1_r1_e1,pdsfp_b_s1_r1_e1,,radio,"Is your child's menstrual cycle regular?","1, Yes | 0, No | 999, I don't know",,,,,,"[pdsfp_b_i5_s1_r1_e1] = '1'",,LV,,,,
pdsfp_b_i10_s1_r1_e1,pdsfp_b_s1_r1_e1,,radio,"Is your child currently using hormonal birth control (e.g. the pill, hormone patch, hormone injection)?","1, Yes | 0, No | 999, I don't know",,,,,,"[pdsfp_b_i5_s1_r1_e1] = '1'",,LV,,,,
pdsfp_b_i11_s1_r1_e1,pdsfp_b_s1_r1_e1,,radio,"Do they experience premenstrual irritability, fatigue, tearfulness, etc., which start before their period and stop within a few days of bleeding?","1, Not at all | 2, Mild | 3, Moderate | 4, Severe | 999, Don't know",,,,,,"[pdsfp_b_i5_s1_r1_e1] = '1'",,LV,,,,
pdsfp_b_i12_s1_r1_e1,pdsfp_b_s1_r1_e1,,radio,"Do their premenstrual symptoms interfere with their relationships with family and friends, productivity, and/or social life activities?","1, Not at all | 2, Mild | 3, Moderate | 4, Severe | 999, Don't know",,,,,,"[pdsfp_b_i5_s1_r1_e1] = '1'",,LV,,,,
