﻿"Variable / Field Name","Form Name","Section Header","Field Type","Field Label","Choices, Calculations, OR Slider Labels","Field Note","Text Validation Type OR Show Slider Number","Text Validation Min","Text Validation Max",Identifier?,"Branching Logic (Show field only if...)","Required Field?","Custom Alignment","Question Number (surveys only)","Matrix Group Name","Matrix Ranking?","Field Annotation"
rpbipes_i1_s1_r1_e1,rpbipes_s1_r1_e1,,radio,"Hago mi hijo(a) sentir mejor cuando hablamos de las cosas que le preocupan.","0, no es como | 1, un poco como | 2, mucho como",,,,,,,y,,,rpbipes,,
rpbipes_i2_s1_r1_e1,rpbipes_s1_r1_e1,,radio,"Le digo a mi hijo(a) de todas las cosas buenas que yo ha hecho por el/ella.","0, no es como | 1, un poco como | 2, mucho como",,,,,,,y,,,rpbipes,,
rpbipes_i3_s1_r1_e1,rpbipes_s1_r1_e1,,radio,"Creo en tener muchas reglas y aplicarlas.","0, no es como | 1, un poco como | 2, mucho como",,,,,,,y,,,rpbipes,,
rpbipes_i4_s1_r1_e1,rpbipes_s1_r1_e1,,radio,"Sonrío a mi hijo(a) a menudo.","0, no es como | 1, un poco como | 2, mucho como",,,,,,,y,,,rpbipes,,
rpbipes_i5_s1_r1_e1,rpbipes_s1_r1_e1,,radio,"Si mi hijo(a) me realmente quisiera, el/ella no haría cosas que me causan preocupación.","0, no es como | 1, un poco como | 2, mucho como",,,,,,,y,,,rpbipes,,
rpbipes_i6_s1_r1_e1,rpbipes_s1_r1_e1,,radio,"Insisto que mi hijo(a) haga exactamente lo que yo digo.","0, no es como | 1, un poco como | 2, mucho como",,,,,,,y,,,rpbipes,,
rpbipes_i7_s1_r1_e1,rpbipes_s1_r1_e1,,radio,"Hago mi hijo(a) sentir mejor cuando esta mal.","0, no es como | 1, un poco como | 2, mucho como",,,,,,,y,,,rpbipes,,
rpbipes_i8_s1_r1_e1,rpbipes_s1_r1_e1,,radio,"Siempre digo mi hijo(a) como debe comportarse.","0, no es como | 1, un poco como | 2, mucho como",,,,,,,y,,,rpbipes,,
rpbipes_i9_s1_r1_e1,rpbipes_s1_r1_e1,,radio,"Soy muy estricta con mi hijo(a).","0, no es como | 1, un poco como | 2, mucho como",,,,,,,y,,,rpbipes,,
rpbipes_i10_s1_r1_e1,rpbipes_s1_r1_e1,,radio,"Me gusta hacer cosas con mi hijo(a).","0, no es como | 1, un poco como | 2, mucho como",,,,,,,y,,,rpbipes,,
rpbipes_i11_s1_r1_e1,rpbipes_s1_r1_e1,,radio,"Me gustaría poder decir a mi hijo(a) exactamente lo que el/ella puede hacer.","0, no es como | 1, un poco como | 2, mucho como",,,,,,,y,,,rpbipes,,
rpbipes_i12_s1_r1_e1,rpbipes_s1_r1_e1,,radio,"Castigo duro.","0, no es como | 1, un poco como | 2, mucho como",,,,,,,y,,,rpbipes,,
rpbipes_i13_s1_r1_e1,rpbipes_s1_r1_e1,,radio,"Aliento mi hijo(a) cuando esta triste.","0, no es como | 1, un poco como | 2, mucho como",,,,,,,y,,,rpbipes,,
rpbipes_i14_s1_r1_e1,rpbipes_s1_r1_e1,,radio,"Quiero controlar todo que mi hijo(a) hace.","0, no es como | 1, un poco como | 2, mucho como",,,,,,,y,,,rpbipes,,
rpbipes_i15_s1_r1_e1,rpbipes_s1_r1_e1,,radio,"Soy fácil con mi hijo(a).","0, no es como | 1, un poco como | 2, mucho como",,,,,,,y,,,rpbipes,,
rpbipes_i16_s1_r1_e1,rpbipes_s1_r1_e1,,radio,"Doy mucha atención y mucho cariño a mi hijo(a).","0, no es como | 1, un poco como | 2, mucho como",,,,,,,y,,,rpbipes,,
rpbipes_i17_s1_r1_e1,rpbipes_s1_r1_e1,,radio,"Siempre trato de cambiar mi hijo(a).","0, no es como | 1, un poco como | 2, mucho como",,,,,,,y,,,rpbipes,,
rpbipes_i18_s1_r1_e1,rpbipes_s1_r1_e1,,radio,"No castigo mi hijo(a) mucho cuando se comporta mal.","0, no es como | 1, un poco como | 2, mucho como",,,,,,,y,,,rpbipes,,
rpbipes_i19_s1_r1_e1,rpbipes_s1_r1_e1,,radio,"Hago mi hijo(a) sentir que el/ella es la persona más importante de mi vida.","0, no es como | 1, un poco como | 2, mucho como",,,,,,,y,,,rpbipes,,
rpbipes_i20_s1_r1_e1,rpbipes_s1_r1_e1,,radio,"Sólo aplico las reglas cuando me conviene.","0, no es como | 1, un poco como | 2, mucho como",,,,,,,y,,,rpbipes,,
rpbipes_i21_s1_r1_e1,rpbipes_s1_r1_e1,,radio,"Doy cuanta libertad que mi hijo(a) quiera.","0, no es como | 1, un poco como | 2, mucho como",,,,,,,y,,,rpbipes,,
rpbipes_i22_s1_r1_e1,rpbipes_s1_r1_e1,,radio,"Creo en demostrar mi hijo(a) mi amor por el/ella.","0, no es como | 1, un poco como | 2, mucho como",,,,,,,y,,,rpbipes,,
rpbipes_i23_s1_r1_e1,rpbipes_s1_r1_e1,,radio,"Soy menos amigable con mi hijo(a), si el/ella no ve las cosas de mi manera.","0, no es como | 1, un poco como | 2, mucho como",,,,,,,y,,,rpbipes,,
rpbipes_i24_s1_r1_e1,rpbipes_s1_r1_e1,,radio,"Dejo mi hijo(a) ir a cualquier lugar sin pedirme.","0, no es como | 1, un poco como | 2, mucho como",,,,,,,y,,,rpbipes,,
rpbipes_i25_s1_r1_e1,rpbipes_s1_r1_e1,,radio,"Doy alabanzas a mi hijo(a) frecuentemente.","0, no es como | 1, un poco como | 2, mucho como",,,,,,,y,,,rpbipes,,
rpbipes_i26_s1_r1_e1,rpbipes_s1_r1_e1,,radio,"Evito mirar a mi hijo(a) cuando el/ella me ha decepcionado.","0, no es como | 1, un poco como | 2, mucho como",,,,,,,y,,,rpbipes,,
rpbipes_i27_s1_r1_e1,rpbipes_s1_r1_e1,,radio,"Dejo mi hijo(a) salir cualquier noche que el/ella quiere.","0, no es como | 1, un poco como | 2, mucho como",,,,,,,y,,,rpbipes,,
rpbipes_i28_s1_r1_e1,rpbipes_s1_r1_e1,,radio,"Soy fácil para hablar.","0, no es como | 1, un poco como | 2, mucho como",,,,,,,y,,,rpbipes,,
rpbipes_i29_s1_r1_e1,rpbipes_s1_r1_e1,,radio,"Si mi hijo(a) hiere mis sentimientos, yo paro de hablar con mi hijo(a) hasta que el/ella me da alabanzas.","0, no es como | 1, un poco como | 2, mucho como",,,,,,,y,,,rpbipes,,
rpbipes_i30_s1_r1_e1,rpbipes_s1_r1_e1,,radio,"Dejo mi hijo(a) hacer todo lo que el/ella quiere hacer.","0, no es como | 1, un poco como | 2, mucho como",,,,,,,y,,,rpbipes,,
