﻿"Variable / Field Name","Form Name","Section Header","Field Type","Field Label","Choices, Calculations, OR Slider Labels","Field Note","Text Validation Type OR Show Slider Number","Text Validation Min","Text Validation Max",Identifier?,"Branching Logic (Show field only if...)","Required Field?","Custom Alignment","Question Number (surveys only)","Matrix Group Name","Matrix Ranking?","Field Annotation"
rpbipes_i1_s1_r1_e1,rpbipes_s1_r1_e1,,radio,"Hago a mi niño/a sentir mejor cuando hablamos de las cosas que le preocupan.","0, No es como | 1, Un poco como | 2, Mucho como",,,,,,,y,,,rpbipes,,
rpbipes_i2_s1_r1_e1,rpbipes_s1_r1_e1,,radio,"Le digo a mi niño/a todas las cosas que he hecho por él/ella.","0, No es como | 1, Un poco como | 2, Mucho como",,,,,,,y,,,rpbipes,,
rpbipes_i3_s1_r1_e1,rpbipes_s1_r1_e1,,radio,"Creo en tener muchas reglas y mantenerlas.","0, No es como | 1, Un poco como | 2, Mucho como",,,,,,,y,,,rpbipes,,
rpbipes_i4_s1_r1_e1,rpbipes_s1_r1_e1,,radio,"Le sonrío a mi niño/a a menudo.","0, No es como | 1, Un poco como | 2, Mucho como",,,,,,,y,,,rpbipes,,
rpbipes_i5_s1_r1_e1,rpbipes_s1_r1_e1,,radio,"Si mi niño/a me realmente quisiera, él/ella no haría cosas que me causan preocupación.","0, No es como | 1, Un poco como | 2, Mucho como",,,,,,,y,,,rpbipes,,
rpbipes_i6_s1_r1_e1,rpbipes_s1_r1_e1,,radio,"Insisto en que mi niño/a debe hacer exactamente lo que le dicen.","0, No es como | 1, Un poco como | 2, Mucho como",,,,,,,y,,,rpbipes,,
rpbipes_i7_s1_r1_e1,rpbipes_s1_r1_e1,,radio,"Puedo hacer que mi niño/a se sienta mejor cuando está molesto/a.","0, No es como | 1, Un poco como | 2, Mucho como",,,,,,,y,,,rpbipes,,
rpbipes_i8_s1_r1_e1,rpbipes_s1_r1_e1,,radio,"Siempre le digo a mi niño/a cómo debe comportarse.","0, No es como | 1, Un poco como | 2, Mucho como",,,,,,,y,,,rpbipes,,
rpbipes_i9_s1_r1_e1,rpbipes_s1_r1_e1,,radio,"Soy muy estricto/a con mi niño/a","0, No es como | 1, Un poco como | 2, Mucho como",,,,,,,y,,,rpbipes,,
rpbipes_i10_s1_r1_e1,rpbipes_s1_r1_e1,,radio,"Me gusta hacer cosas con mi niño/a.","0, No es como | 1, Un poco como | 2, Mucho como",,,,,,,y,,,rpbipes,,
rpbipes_i11_s1_r1_e1,rpbipes_s1_r1_e1,,radio,"Me gustaría poder decirle a mi niño/a qué hacer todo el tiempo.","0, No es como | 1, Un poco como | 2, Mucho como",,,,,,,y,,,rpbipes,,
rpbipes_i12_s1_r1_e1,rpbipes_s1_r1_e1,,radio,"Doy castigos duros.","0, No es como | 1, Un poco como | 2, Mucho como",,,,,,,y,,,rpbipes,,
rpbipes_i13_s1_r1_e1,rpbipes_s1_r1_e1,,radio,"Animo a mi niño/a cuando está triste.","0, No es como | 1, Un poco como | 2, Mucho como",,,,,,,y,,,rpbipes,,
rpbipes_i14_s1_r1_e1,rpbipes_s1_r1_e1,,radio,"Quiero controlar todo lo que mi niño/a hace.","0, No es como | 1, Un poco como | 2, Mucho como",,,,,,,y,,,rpbipes,,
rpbipes_i15_s1_r1_e1,rpbipes_s1_r1_e1,,radio,"Soy suave con mi niño/a.","0, No es como | 1, Un poco como | 2, Mucho como",,,,,,,y,,,rpbipes,,
rpbipes_i16_s1_r1_e1,rpbipes_s1_r1_e1,,radio,"Le doy mucho cariño y atención a mi niño/a.","0, No es como | 1, Un poco como | 2, Mucho como",,,,,,,y,,,rpbipes,,
rpbipes_i17_s1_r1_e1,rpbipes_s1_r1_e1,,radio,"Siempre estoy tratando de cambiar a mi niño/a.","0, No es como | 1, Un poco como | 2, Mucho como",,,,,,,y,,,rpbipes,,
rpbipes_i18_s1_r1_e1,rpbipes_s1_r1_e1,,radio,"No soy duro/a con mi niño/a cuando hace algo mal.","0, No es como | 1, Un poco como | 2, Mucho como",,,,,,,y,,,rpbipes,,
rpbipes_i19_s1_r1_e1,rpbipes_s1_r1_e1,,radio,"Hago a mi niño/a sentir como la persona más importante de mi vida","0, No es como | 1, Un poco como | 2, Mucho como",,,,,,,y,,,rpbipes,,
rpbipes_i20_s1_r1_e1,rpbipes_s1_r1_e1,,radio,"Sólo aplico las reglas cuando me conviene.","0, No es como | 1, Un poco como | 2, Mucho como",,,,,,,y,,,rpbipes,,
rpbipes_i21_s1_r1_e1,rpbipes_s1_r1_e1,,radio,"Le doy a mi niño/a tanta libertad como quiera.","0, No es como | 1, Un poco como | 2, Mucho como",,,,,,,y,,,rpbipes,,
rpbipes_i22_s1_r1_e1,rpbipes_s1_r1_e1,,radio,"Creo en demostrar mi amor por mi niño/a.","0, No es como | 1, Un poco como | 2, Mucho como",,,,,,,y,,,rpbipes,,
rpbipes_i23_s1_r1_e1,rpbipes_s1_r1_e1,,radio,"Soy menos amigable con mi niño/a si no ve las cosas a mi manera.","0, No es como | 1, Un poco como | 2, Mucho como",,,,,,,y,,,rpbipes,,
rpbipes_i24_s1_r1_e1,rpbipes_s1_r1_e1,,radio,"Dejo a mi niño/a ir a cualquier lugar que le plazca sin preguntarme.","0, No es como | 1, Un poco como | 2, Mucho como",,,,,,,y,,,rpbipes,,
rpbipes_i25_s1_r1_e1,rpbipes_s1_r1_e1,,radio,"Halago a mi niño/a a menudo.","0, No es como | 1, Un poco como | 2, Mucho como",,,,,,,y,,,rpbipes,,
rpbipes_i26_s1_r1_e1,rpbipes_s1_r1_e1,,radio,"Evito mirar a mi niño/a cuando me ha decepcionado.","0, No es como | 1, Un poco como | 2, Mucho como",,,,,,,y,,,rpbipes,,
rpbipes_i27_s1_r1_e1,rpbipes_s1_r1_e1,,radio,"Dejo a mi niño/a salir cuaquier noche que quiera.","0, No es como | 1, Un poco como | 2, Mucho como",,,,,,,y,,,rpbipes,,
rpbipes_i28_s1_r1_e1,rpbipes_s1_r1_e1,,radio,"Es fácil hablarme.","0, No es como | 1, Un poco como | 2, Mucho como",,,,,,,y,,,rpbipes,,
rpbipes_i29_s1_r1_e1,rpbipes_s1_r1_e1,,radio,"Si mi niño/a hiere mis sentimientos, dejo de hablarle hasta que me complazca de nuevo.","0, No es como | 1, Un poco como | 2, Mucho como",,,,,,,y,,,rpbipes,,
rpbipes_i30_s1_r1_e1,rpbipes_s1_r1_e1,,radio,"Dejo a mi niño/a hacer cualquier cosa que le guste.","0, No es como | 1, Un poco como | 2, Mucho como",,,,,,,y,,,rpbipes,,
