"Variable / Field Name","Form Name","Section Header","Field Type","Field Label","Choices, Calculations, OR Slider Labels","Field Note","Text Validation Type OR Show Slider Number","Text Validation Min","Text Validation Max",Identifier?,"Branching Logic (Show field only if...)","Required Field?","Custom Alignment","Question Number (surveys only)","Matrix Group Name","Matrix Ranking?","Field Annotation"
eisb_i1_s1_r1_e1,eisb_s1_r1_e1,,radio,"I am clear about what my ethnicity means to me.","1, Does not describe me at all | 2, Describes me a little | 3, Describes me well | 4, Describes me very well",,,,,,,y,,,eisb_s1_r1_e1,,
eisb_i2_s1_r1_e1,eisb_s1_r1_e1,,radio,"I have attended events that have helped me learn more about my ethnicity.","1, Does not describe me at all | 2, Describes me a little | 3, Describes me well | 4, Describes me very well",,,,,,,y,,,eisb_s1_r1_e1,,
eisb_i3_s1_r1_e1,eisb_s1_r1_e1,,radio,"I have read books/magazines/newspapers or other materials that have taught me about my ethnicity.","1, Does not describe me at all | 2, Describes me a little | 3, Describes me well | 4, Describes me very well",,,,,,,y,,,eisb_s1_r1_e1,,
eisb_i4_s1_r1_e1,eisb_s1_r1_e1,,radio,"I feel negatively about my ethnicity.","1, Does not describe me at all | 2, Describes me a little | 3, Describes me well | 4, Describes me very well",,,,,,,y,,,eisb_s1_r1_e1,,
eisb_i5_s1_r1_e1,eisb_s1_r1_e1,,radio,"I wish I were of a different ethnicity.","1, Does not describe me at all | 2, Describes me a little | 3, Describes me well | 4, Describes me very well",,,,,,,y,,,eisb_s1_r1_e1,,
eisb_i6_s1_r1_e1,eisb_s1_r1_e1,,radio,"I know what my ethnicity means to me.","1, Does not describe me at all | 2, Describes me a little | 3, Describes me well | 4, Describes me very well",,,,,,,y,,,eisb_s1_r1_e1,,
eisb_i7_s1_r1_e1,eisb_s1_r1_e1,,radio,"I have participated in activities that have taught me about my ethnicity.","1, Does not describe me at all | 2, Describes me a little | 3, Describes me well | 4, Describes me very well",,,,,,,y,,,eisb_s1_r1_e1,,
eisb_i8_s1_r1_e1,eisb_s1_r1_e1,,radio,"I dislike my ethnicity.","1, Does not describe me at all | 2, Describes me a little | 3, Describes me well | 4, Describes me very well",,,,,,,y,,,eisb_s1_r1_e1,,
eisb_i9_s1_r1_e1,eisb_s1_r1_e1,,radio,"I have a clear sense of what my ethnicity means to me.","1, Does not describe me at all | 2, Describes me a little | 3, Describes me well | 4, Describes me very well",,,,,,,y,,,eisb_s1_r1_e1,,
