"Variable / Field Name","Form Name","Section Header","Field Type","Field Label","Choices, Calculations, OR Slider Labels","Field Note","Text Validation Type OR Show Slider Number","Text Validation Min","Text Validation Max",Identifier?,"Branching Logic (Show field only if...)","Required Field?","Custom Alignment","Question Number (surveys only)","Matrix Group Name","Matrix Ranking?","Field Annotation"
bfnep_b_i1_s1_r1_e1,bfnep_b_s1_r1_e1,,radio,"My child worries about what other people will think of them even when they know it doesn't make any difference.","1, Not at all characteristic of my child | 2, A little characteristic of my child | 3, Somewhat characteristic of my child | 4, Very characteristic of my child | 5, Entirely characteristic of my child",,,,,,,y,,,bfnep,,
bfnep_b_i2_s1_r1_e1,bfnep_b_s1_r1_e1,,radio,"It bothers my child when people form an unfavorable impression of them.","1, Not at all characteristic of my child | 2, A little characteristic of my child | 3, Somewhat characteristic of my child | 4, Very characteristic of my child | 5, Entirely characteristic of my child",,,,,,,y,,,bfnep,,
bfnep_b_i3_s1_r1_e1,bfnep_b_s1_r1_e1,,radio,"My child is frequently afraid of other people noticing their shortcomings.","1, Not at all characteristic of my child | 2, A little characteristic of my child | 3, Somewhat characteristic of my child | 4, Very characteristic of my child | 5, Entirely characteristic of my child",,,,,,,y,,,bfnep,,
bfnep_b_i4_s1_r1_e1,bfnep_b_s1_r1_e1,,radio,"My child worries about what kind of impression they make on people.","1, Not at all characteristic of my child | 2, A little characteristic of my child | 3, Somewhat characteristic of my child | 4, Very characteristic of my child | 5, Entirely characteristic of my child",,,,,,,y,,,bfnep,,
bfnep_b_i5_s1_r1_e1,bfnep_b_s1_r1_e1,,radio,"My child is afraid that others will not approve of them.","1, Not at all characteristic of my child | 2, A little characteristic of my child | 3, Somewhat characteristic of my child | 4, Very characteristic of my child | 5, Entirely characteristic of my child",,,,,,,y,,,bfnep,,
bfnep_b_i6_s1_r1_e1,bfnep_b_s1_r1_e1,,radio,"My child is afraid that other people will find fault with them.","1, Not at all characteristic of my child | 2, A little characteristic of my child | 3, Somewhat characteristic of my child | 4, Very characteristic of my child | 5, Entirely characteristic of my child",,,,,,,y,,,bfnep,,
bfnep_b_i7_s1_r1_e1,bfnep_b_s1_r1_e1,,radio,"My child is concerned about other people's opinions of them.","1, Not at all characteristic of my child | 2, A little characteristic of my child | 3, Somewhat characteristic of my child | 4, Very characteristic of my child | 5, Entirely characteristic of my child",,,,,,,y,,,bfnep,,
bfnep_b_i8_s1_r1_e1,bfnep_b_s1_r1_e1,,radio,"When my child is talking to someone, they worry about what this person may be thinking about them.","1, Not at all characteristic of my child | 2, A little characteristic of my child | 3, Somewhat characteristic of my child | 4, Very characteristic of my child | 5, Entirely characteristic of my child",,,,,,,y,,,bfnep,,
bfnep_b_i9_s1_r1_e1,bfnep_b_s1_r1_e1,,radio,"My child is usually worried about what kind of impression they make.","1, Not at all characteristic of my child | 2, A little characteristic of my child | 3, Somewhat characteristic of my child | 4, Very characteristic of my child | 5, Entirely characteristic of my child",,,,,,,y,,,bfnep,,
bfnep_b_i10_s1_r1_e1,bfnep_b_s1_r1_e1,,radio,"If my child knows someone is judging them, it tends to bother them.","1, Not at all characteristic of my child | 2, A little characteristic of my child | 3, Somewhat characteristic of my child | 4, Very characteristic of my child | 5, Entirely characteristic of my child",,,,,,,y,,,bfnep,,
bfnep_b_i11_s1_r1_e1,bfnep_b_s1_r1_e1,,radio,"Sometimes my child thinks they are too concerned with what other people think of them.","1, Not at all characteristic of my child | 2, A little characteristic of my child | 3, Somewhat characteristic of my child | 4, Very characteristic of my child | 5, Entirely characteristic of my child",,,,,,,y,,,bfnep,,
bfnep_b_i12_s1_r1_e1,bfnep_b_s1_r1_e1,,radio,"My child often worries that they will say or do wrong things.","1, Not at all characteristic of my child | 2, A little characteristic of my child | 3, Somewhat characteristic of my child | 4, Very characteristic of my child | 5, Entirely characteristic of my child",,,,,,,y,,,bfnep,,
