"Variable / Field Name","Form Name","Section Header","Field Type","Field Label","Choices, Calculations, OR Slider Labels","Field Note","Text Validation Type OR Show Slider Number","Text Validation Min","Text Validation Max",Identifier?,"Branching Logic (Show field only if...)","Required Field?","Custom Alignment","Question Number (surveys only)","Matrix Group Name","Matrix Ranking?","Field Annotation"
txrxa_any_s1_r1_e1,txrxa_s1_r1_e1,,dropdown,"Has the child ever (now or in the past) received treatment for any emotional or psychological problem? Problems may include but are not limited to Anxiety, Depression, Substance Abuse, Eating Disorder, ADHD, and Autism.","1, Yes | 0, No | 999, Don't know","(You will provide details below.)",,,,,,y,,,,,
txrxa_recentmeds_s1_r1_e1,txrxa_s1_r1_e1,,dropdown,"Has the child taken any medications (prescription or over-the-counter) within the past two weeks?","1, Yes | 0, No | 999, Don't know","(You will provide details below.)",,,,,,y,,,,,
txrxa_tx1_s1_r1_e1,txrxa_s1_r1_e1,"Please list all current and past treatment and/or evaluations the child has received for any emotional or psychological problem. ",descriptive,"Treatment 1",,,,,,,"[txrxa_any_s1_r1_e1] = '1'",,,,,,
txrxa_tx1prob_s1_r1_e1,txrxa_s1_r1_e1,,notes,Problem:,,,,,,,"[txrxa_any_s1_r1_e1] = '1'",,,,,,
txrxa_tx1desc_s1_r1_e1,txrxa_s1_r1_e1,,notes,"Type of treatment and/or medication:",,,,,,,"[txrxa_any_s1_r1_e1] = '1'",,,,,,
txrxa_tx1start_s1_r1_e1,txrxa_s1_r1_e1,,text,"Start Date:",,"(Indicate month and year.)",,,,,"[txrxa_any_s1_r1_e1] = '1'",,,,,,
txrxa_tx1end_s1_r1_e1,txrxa_s1_r1_e1,,text,"End Date:",,"(Indicate month and year.)",,,,,"[txrxa_any_s1_r1_e1] = '1'",,,,,,
txrxa_tx2_s1_r1_e1,txrxa_s1_r1_e1,,descriptive,"Treatment 2",,,,,,,"[txrxa_tx1prob_s1_r1_e1] <> """"",,,,,,
txrxa_tx2prob_s1_r1_e1,txrxa_s1_r1_e1,,notes,Problem:,,"(If no further treatments to report, leave blank.)",,,,,"[txrxa_tx1prob_s1_r1_e1] <> """"",,,,,,
txrxa_tx2desc_s1_r1_e1,txrxa_s1_r1_e1,,notes,"Type of treatment and/or medication:",,"(If no further treatments to report, leave blank.)",,,,,"[txrxa_tx1prob_s1_r1_e1] <> """"",,,,,,
txrxa_tx2start_s1_r1_e1,txrxa_s1_r1_e1,,text,"Start Date:",,"(Indicate month and year. If no further treatments to report, leave blank.)",,,,,"[txrxa_tx1prob_s1_r1_e1] <> """"",,,,,,
txrxa_tx2end_s1_r1_e1,txrxa_s1_r1_e1,,text,"End Date:",,"(Indicate month and year. If no further treatments to report, leave blank.)",,,,,"[txrxa_tx1prob_s1_r1_e1] <> """"",,,,,,
txrxa_tx3_s1_r1_e1,txrxa_s1_r1_e1,,descriptive,"Treatment 3",,,,,,,"[txrxa_tx2prob_s1_r1_e1] <> """"",,,,,,
txrxa_tx3prob_s1_r1_e1,txrxa_s1_r1_e1,,notes,Problem:,,"(If no further treatments to report, leave blank.)",,,,,"[txrxa_tx2prob_s1_r1_e1] <> """"",,,,,,
txrxa_tx3desc_s1_r1_e1,txrxa_s1_r1_e1,,notes,"Type of treatment and/or medication:",,"(If no further treatments to report, leave blank.)",,,,,"[txrxa_tx2prob_s1_r1_e1] <> """"",,,,,,
txrxa_tx3start_s1_r1_e1,txrxa_s1_r1_e1,,text,"Start Date:",,"(Indicate month and year. If no further treatments to report, leave blank.)",,,,,"[txrxa_tx2prob_s1_r1_e1] <> """"",,,,,,
txrxa_tx3end_s1_r1_e1,txrxa_s1_r1_e1,,text,"End Date:",,"(Indicate month and year. If no further treatments to report, leave blank.)",,,,,"[txrxa_tx2prob_s1_r1_e1] <> """"",,,,,,
txrxa_tx4_s1_r1_e1,txrxa_s1_r1_e1,,descriptive,"Treatment 4",,,,,,,"[txrxa_tx3prob_s1_r1_e1] <> """"",,,,,,
txrxa_tx4prob_s1_r1_e1,txrxa_s1_r1_e1,,notes,Problem:,,"(If no further treatments to report, leave blank.)",,,,,"[txrxa_tx3prob_s1_r1_e1] <> """"",,,,,,
txrxa_tx4desc_s1_r1_e1,txrxa_s1_r1_e1,,notes,"Type of treatment and/or medication:",,"(If no further treatments to report, leave blank.)",,,,,"[txrxa_tx3prob_s1_r1_e1] <> """"",,,,,,
txrxa_tx4start_s1_r1_e1,txrxa_s1_r1_e1,,text,"Start Date:",,"(Indicate month and year. If no further treatments to report, leave blank.)",,,,,"[txrxa_tx3prob_s1_r1_e1] <> """"",,,,,,
txrxa_tx4end_s1_r1_e1,txrxa_s1_r1_e1,,text,"End Date:",,"(Indicate month and year. If no further treatments to report, leave blank.)",,,,,"[txrxa_tx3prob_s1_r1_e1] <> """"",,,,,,
txrxa_tx5_s1_r1_e1,txrxa_s1_r1_e1,,descriptive,"Treatment 5",,,,,,,"[txrxa_tx4prob_s1_r1_e1] <> """"",,,,,,
txrxa_tx5prob_s1_r1_e1,txrxa_s1_r1_e1,,notes,Problem:,,"(If no further treatments to report, leave blank.)",,,,,"[txrxa_tx4prob_s1_r1_e1] <> """"",,,,,,
txrxa_tx5desc_s1_r1_e1,txrxa_s1_r1_e1,,notes,"Type of treatment and/or medication:",,"(If no further treatments to report, leave blank.)",,,,,"[txrxa_tx4prob_s1_r1_e1] <> """"",,,,,,
txrxa_tx5start_s1_r1_e1,txrxa_s1_r1_e1,,text,"Start Date:",,"(Indicate month and year. If no further treatments to report, leave blank.)",,,,,"[txrxa_tx4prob_s1_r1_e1] <> """"",,,,,,
txrxa_tx5end_s1_r1_e1,txrxa_s1_r1_e1,,text,"End Date:",,"(Indicate month and year. If no further treatments to report, leave blank.)",,,,,"[txrxa_tx4prob_s1_r1_e1] <> """"",,,,,,
txrxa_tx6_s1_r1_e1,txrxa_s1_r1_e1,,descriptive,"Treatment 6",,,,,,,"[txrxa_tx5prob_s1_r1_e1] <> """"",,,,,,
txrxa_tx6prob_s1_r1_e1,txrxa_s1_r1_e1,,notes,Problem:,,"(If no further treatments to report, leave blank.)",,,,,"[txrxa_tx5prob_s1_r1_e1] <> """"",,,,,,
txrxa_tx6desc_s1_r1_e1,txrxa_s1_r1_e1,,notes,"Type of treatment and/or medication:",,"(If no further treatments to report, leave blank.)",,,,,"[txrxa_tx5prob_s1_r1_e1] <> """"",,,,,,
txrxa_tx6start_s1_r1_e1,txrxa_s1_r1_e1,,text,"Start Date:",,"(Indicate month and year. If no further treatments to report, leave blank.)",,,,,"[txrxa_tx5prob_s1_r1_e1] <> """"",,,,,,
txrxa_tx6end_s1_r1_e1,txrxa_s1_r1_e1,,text,"End Date:",,"(Indicate month and year. If no further treatments to report, leave blank.)",,,,,"[txrxa_tx5prob_s1_r1_e1] <> """"",,,,,,
txrxa_tx7_s1_r1_e1,txrxa_s1_r1_e1,,descriptive,"Treatment 7",,,,,,,"[txrxa_tx6prob_s1_r1_e1] <> """"",,,,,,
txrxa_tx7prob_s1_r1_e1,txrxa_s1_r1_e1,,notes,Problem:,,"(If no further treatments to report, leave blank.)",,,,,"[txrxa_tx6prob_s1_r1_e1] <> """"",,,,,,
txrxa_tx7desc_s1_r1_e1,txrxa_s1_r1_e1,,notes,"Type of treatment and/or medication:",,"(If no further treatments to report, leave blank.)",,,,,"[txrxa_tx6prob_s1_r1_e1] <> """"",,,,,,
txrxa_tx7start_s1_r1_e1,txrxa_s1_r1_e1,,text,"Start Date:",,"(Indicate month and year. If no further treatments to report, leave blank.)",,,,,"[txrxa_tx6prob_s1_r1_e1] <> """"",,,,,,
txrxa_tx7end_s1_r1_e1,txrxa_s1_r1_e1,,text,"End Date:",,"(Indicate month and year. If no further treatments to report, leave blank.)",,,,,"[txrxa_tx6prob_s1_r1_e1] <> """"",,,,,,
txrxa_tx8_s1_r1_e1,txrxa_s1_r1_e1,,descriptive,"Treatment 8",,,,,,,"[txrxa_tx7prob_s1_r1_e1] <> """"",,,,,,
txrxa_tx8prob_s1_r1_e1,txrxa_s1_r1_e1,,notes,Problem:,,"(If no further treatments to report, leave blank.)",,,,,"[txrxa_tx7prob_s1_r1_e1] <> """"",,,,,,
txrxa_tx8desc_s1_r1_e1,txrxa_s1_r1_e1,,notes,"Type of treatment and/or medication:",,"(If no further treatments to report, leave blank.)",,,,,"[txrxa_tx7prob_s1_r1_e1] <> """"",,,,,,
txrxa_tx8start_s1_r1_e1,txrxa_s1_r1_e1,,text,"Start Date:",,"(Indicate month and year. If no further treatments to report, leave blank.)",,,,,"[txrxa_tx7prob_s1_r1_e1] <> """"",,,,,,
txrxa_tx8end_s1_r1_e1,txrxa_s1_r1_e1,,text,"End Date:",,"(Indicate month and year. If no further treatments to report, leave blank.)",,,,,"[txrxa_tx7prob_s1_r1_e1] <> """"",,,,,,
txrxa_tx9_s1_r1_e1,txrxa_s1_r1_e1,,descriptive,"Treatment 9",,,,,,,"[txrxa_tx8prob_s1_r1_e1] <> """"",,,,,,
txrxa_tx9prob_s1_r1_e1,txrxa_s1_r1_e1,,notes,Problem:,,"(If no further treatments to report, leave blank.)",,,,,"[txrxa_tx8prob_s1_r1_e1] <> """"",,,,,,
txrxa_tx9desc_s1_r1_e1,txrxa_s1_r1_e1,,notes,"Type of treatment and/or medication:",,"(If no further treatments to report, leave blank.)",,,,,"[txrxa_tx8prob_s1_r1_e1] <> """"",,,,,,
txrxa_tx9start_s1_r1_e1,txrxa_s1_r1_e1,,text,"Start Date:",,"(Indicate month and year. If no further treatments to report, leave blank.)",,,,,"[txrxa_tx8prob_s1_r1_e1] <> """"",,,,,,
txrxa_tx9end_s1_r1_e1,txrxa_s1_r1_e1,,text,"End Date:",,"(Indicate month and year. If no further treatments to report, leave blank.)",,,,,"[txrxa_tx8prob_s1_r1_e1] <> """"",,,,,,
txrxa_tx10_s1_r1_e1,txrxa_s1_r1_e1,,descriptive,"Treatment 10",,,,,,,"[txrxa_tx9prob_s1_r1_e1] <> """"",,,,,,
txrxa_tx10prob_s1_r1_e1,txrxa_s1_r1_e1,,notes,Problem:,,"(If no further treatments to report, leave blank.)",,,,,"[txrxa_tx9prob_s1_r1_e1] <> """"",,,,,,
txrxa_tx10desc_s1_r1_e1,txrxa_s1_r1_e1,,notes,"Type of treatment and/or medication:",,"(If no further treatments to report, leave blank.)",,,,,"[txrxa_tx9prob_s1_r1_e1] <> """"",,,,,,
txrxa_tx10start_s1_r1_e1,txrxa_s1_r1_e1,,text,"Start Date:",,"(Indicate month and year. If no further treatments to report, leave blank.)",,,,,"[txrxa_tx9prob_s1_r1_e1] <> """"",,,,,,
txrxa_tx10end_s1_r1_e1,txrxa_s1_r1_e1,,text,"End Date:",,"(Indicate month and year. If no further treatments to report, leave blank.)",,,,,"[txrxa_tx9prob_s1_r1_e1] <> """"",,,,,,
txrxa_rx1_s1_r1_e1,txrxa_s1_r1_e1,"Please list all medications the child has taken within the past two weeks.",descriptive,"Medication 1",,,,,,,"[txrxa_recentmeds_s1_r1_e1] = '1'",,,,,,
txrxa_rx1name_s1_r1_e1,txrxa_s1_r1_e1,,text,"Medication name:",,,,,,,"[txrxa_recentmeds_s1_r1_e1] = '1'",,,,,,
txrxa_rx1why_s1_r1_e1,txrxa_s1_r1_e1,,notes,"Reason for taking medication:",,,,,,,"[txrxa_recentmeds_s1_r1_e1] = '1'",,,,,,
txrxa_rx124_s1_r1_e1,txrxa_s1_r1_e1,,dropdown,"Taken within the last 24 hours?","1, Yes | 0, No",,,,,,"[txrxa_recentmeds_s1_r1_e1] = '1'",,,,,,
txrxa_rx2_s1_r1_e1,txrxa_s1_r1_e1,,descriptive,"Medication 2",,,,,,,"[txrxa_rx1name_s1_r1_e1] <> """"",,,,,,
txrxa_rx2name_s1_r1_e1,txrxa_s1_r1_e1,,text,"Medication name:",,"(If no further medications to report, leave blank.)",,,,,"[txrxa_rx1name_s1_r1_e1] <> """"",,,,,,
txrxa_rx2why_s1_r1_e1,txrxa_s1_r1_e1,,notes,"Reason for taking medication:",,"(If no further medications to report, leave blank.)",,,,,"[txrxa_rx1name_s1_r1_e1] <> """"",,,,,,
txrxa_rx224_s1_r1_e1,txrxa_s1_r1_e1,,dropdown,"Taken within the last 24 hours?","1, Yes | 0, No","(If no further medications to report, leave blank.)",,,,,"[txrxa_rx1name_s1_r1_e1] <> """"",,,,,,
txrxa_rx3_s1_r1_e1,txrxa_s1_r1_e1,,descriptive,"Medication 3",,,,,,,"[txrxa_rx2name_s1_r1_e1] <> """"",,,,,,
txrxa_rx3name_s1_r1_e1,txrxa_s1_r1_e1,,text,"Medication name:",,"(If no further medications to report, leave blank.)",,,,,"[txrxa_rx2name_s1_r1_e1] <> """"",,,,,,
txrxa_rx3why_s1_r1_e1,txrxa_s1_r1_e1,,notes,"Reason for taking medication:",,"(If no further medications to report, leave blank.)",,,,,"[txrxa_rx2name_s1_r1_e1] <> """"",,,,,,
txrxa_rx324_s1_r1_e1,txrxa_s1_r1_e1,,dropdown,"Taken within the last 24 hours?","1, Yes | 0, No","(If no further medications to report, leave blank.)",,,,,"[txrxa_rx2name_s1_r1_e1] <> """"",,,,,,
txrxa_rx4_s1_r1_e1,txrxa_s1_r1_e1,,descriptive,"Medication 4",,,,,,,"[txrxa_rx3name_s1_r1_e1] <> """"",,,,,,
txrxa_rx4name_s1_r1_e1,txrxa_s1_r1_e1,,text,"Medication name:",,"(If no further medications to report, leave blank.)",,,,,"[txrxa_rx3name_s1_r1_e1] <> """"",,,,,,
txrxa_rx4why_s1_r1_e1,txrxa_s1_r1_e1,,notes,"Reason for taking medication:",,"(If no further medications to report, leave blank.)",,,,,"[txrxa_rx3name_s1_r1_e1] <> """"",,,,,,
txrxa_rx424_s1_r1_e1,txrxa_s1_r1_e1,,dropdown,"Taken within the last 24 hours?","1, Yes | 0, No","(If no further medications to report, leave blank.)",,,,,"[txrxa_rx3name_s1_r1_e1] <> """"",,,,,,
txrxa_rx5_s1_r1_e1,txrxa_s1_r1_e1,,descriptive,"Medication 5",,,,,,,"[txrxa_rx4name_s1_r1_e1] <> """"",,,,,,
txrxa_rx5name_s1_r1_e1,txrxa_s1_r1_e1,,text,"Medication name:",,"(If no further medications to report, leave blank.)",,,,,"[txrxa_rx4name_s1_r1_e1] <> """"",,,,,,
txrxa_rx5why_s1_r1_e1,txrxa_s1_r1_e1,,notes,"Reason for taking medication:",,"(If no further medications to report, leave blank.)",,,,,"[txrxa_rx4name_s1_r1_e1] <> """"",,,,,,
txrxa_rx524_s1_r1_e1,txrxa_s1_r1_e1,,dropdown,"Taken within the last 24 hours?","1, Yes | 0, No","(If no further medications to report, leave blank.)",,,,,"[txrxa_rx4name_s1_r1_e1] <> """"",,,,,,
txrxa_rx6_s1_r1_e1,txrxa_s1_r1_e1,,descriptive,"Medication 6",,,,,,,"[txrxa_rx5name_s1_r1_e1] <> """"",,,,,,
txrxa_rx6name_s1_r1_e1,txrxa_s1_r1_e1,,text,"Medication name:",,"(If no further medications to report, leave blank.)",,,,,"[txrxa_rx5name_s1_r1_e1] <> """"",,,,,,
txrxa_rx6why_s1_r1_e1,txrxa_s1_r1_e1,,notes,"Reason for taking medication:",,"(If no further medications to report, leave blank.)",,,,,"[txrxa_rx5name_s1_r1_e1] <> """"",,,,,,
txrxa_rx624_s1_r1_e1,txrxa_s1_r1_e1,,dropdown,"Taken within the last 24 hours?","1, Yes | 0, No","(If no further medications to report, leave blank.)",,,,,"[txrxa_rx5name_s1_r1_e1] <> """"",,,,,,
txrxa_rx7_s1_r1_e1,txrxa_s1_r1_e1,,descriptive,"Medication 7",,,,,,,"[txrxa_rx6name_s1_r1_e1] <> """"",,,,,,
txrxa_rx7name_s1_r1_e1,txrxa_s1_r1_e1,,text,"Medication name:",,"(If no further medications to report, leave blank.)",,,,,"[txrxa_rx6name_s1_r1_e1] <> """"",,,,,,
txrxa_rx7why_s1_r1_e1,txrxa_s1_r1_e1,,notes,"Reason for taking medication:",,"(If no further medications to report, leave blank.)",,,,,"[txrxa_rx6name_s1_r1_e1] <> """"",,,,,,
txrxa_rx724_s1_r1_e1,txrxa_s1_r1_e1,,dropdown,"Taken within the last 24 hours?","1, Yes | 0, No","(If no further medications to report, leave blank.)",,,,,"[txrxa_rx6name_s1_r1_e1] <> """"",,,,,,
txrxa_rx8_s1_r1_e1,txrxa_s1_r1_e1,,descriptive,"Medication 8",,,,,,,"[txrxa_rx7name_s1_r1_e1] <> """"",,,,,,
txrxa_rx8name_s1_r1_e1,txrxa_s1_r1_e1,,text,"Medication name:",,"(If no further medications to report, leave blank.)",,,,,"[txrxa_rx7name_s1_r1_e1] <> """"",,,,,,
txrxa_rx8why_s1_r1_e1,txrxa_s1_r1_e1,,notes,"Reason for taking medication:",,"(If no further medications to report, leave blank.)",,,,,"[txrxa_rx7name_s1_r1_e1] <> """"",,,,,,
txrxa_rx824_s1_r1_e1,txrxa_s1_r1_e1,,dropdown,"Taken within the last 24 hours?","1, Yes | 0, No","(If no further medications to report, leave blank.)",,,,,"[txrxa_rx7name_s1_r1_e1] <> """"",,,,,,
txrxa_rx9_s1_r1_e1,txrxa_s1_r1_e1,,descriptive,"Medication 9",,,,,,,"[txrxa_rx8name_s1_r1_e1] <> """"",,,,,,
txrxa_rx9name_s1_r1_e1,txrxa_s1_r1_e1,,text,"Medication name:",,"(If no further medications to report, leave blank.)",,,,,"[txrxa_rx8name_s1_r1_e1] <> """"",,,,,,
txrxa_rx9why_s1_r1_e1,txrxa_s1_r1_e1,,notes,"Reason for taking medication:",,"(If no further medications to report, leave blank.)",,,,,"[txrxa_rx8name_s1_r1_e1] <> """"",,,,,,
txrxa_rx924_s1_r1_e1,txrxa_s1_r1_e1,,dropdown,"Taken within the last 24 hours?","1, Yes | 0, No","(If no further medications to report, leave blank.)",,,,,"[txrxa_rx8name_s1_r1_e1] <> """"",,,,,,
txrxa_rx10_s1_r1_e1,txrxa_s1_r1_e1,,descriptive,"Medication 10",,,,,,,"[txrxa_rx9name_s1_r1_e1] <> """"",,,,,,
txrxa_rx10name_s1_r1_e1,txrxa_s1_r1_e1,,text,"Medication name:",,"(If no further medications to report, leave blank.)",,,,,"[txrxa_rx9name_s1_r1_e1] <> """"",,,,,,
txrxa_rx10why_s1_r1_e1,txrxa_s1_r1_e1,,notes,"Reason for taking medication:",,"(If no further medications to report, leave blank.)",,,,,"[txrxa_rx9name_s1_r1_e1] <> """"",,,,,,
txrxa_rx1024_s1_r1_e1,txrxa_s1_r1_e1,,dropdown,"Taken within the last 24 hours?","1, Yes | 0, No","(If no further medications to report, leave blank.)",,,,,"[txrxa_rx9name_s1_r1_e1] <> """"",,,,,,
