"Variable / Field Name","Form Name","Section Header","Field Type","Field Label","Choices, Calculations, OR Slider Labels","Field Note","Text Validation Type OR Show Slider Number","Text Validation Min","Text Validation Max",Identifier?,"Branching Logic (Show field only if...)","Required Field?","Custom Alignment","Question Number (surveys only)","Matrix Group Name","Matrix Ranking?","Field Annotation"
pttfq_i1_s1_r1_e1,pttfq_s1_r1_e1,,radio,"I was completely focused on the task.","1, 1- Not at all | 2, 2- A little bit | 3, 3- Somewhat | 4, 4- Very much | 5, 5- Extremely",,,,,,,y,,,pttfq_s1_r1_e1,,
pttfq_i2_s1_r1_e1,pttfq_s1_r1_e1,,radio,"I thought about things other than the task.","1, 1- Not at all | 2, 2- A little bit | 3, 3- Somewhat | 4, 4- Very much | 5, 5- Extremely",,,,,,,y,,,pttfq_s1_r1_e1,,
pttfq_i3_s1_r1_e1,pttfq_s1_r1_e1,,radio,"I was distracted.","1, 1- Not at all | 2, 2- A little bit | 3, 3- Somewhat | 4, 4- Very much | 5, 5- Extremely",,,,,,,y,,,pttfq_s1_r1_e1,,
pttfq_i4_s1_r1_e1,pttfq_s1_r1_e1,,radio,"I thought about other people.","1, 1- Not at all | 2, 2- A little bit | 3, 3- Somewhat | 4, 4- Very much | 5, 5- Extremely",,,,,,,y,,,pttfq_s1_r1_e1,,
pttfq_i5_s1_r1_e1,pttfq_s1_r1_e1,,radio,"I thought about previous or upcoming interactions.","1, 1- Not at all | 2, 2- A little bit | 3, 3- Somewhat | 4, 4- Very much | 5, 5- Extremely",,,,,,,y,,,pttfq_s1_r1_e1,,
pttfq_i6_s1_r1_e1,pttfq_s1_r1_e1,,radio,"I thought about how I look to others.","1, 1- Not at all | 2, 2- A little bit | 3, 3- Somewhat | 4, 4- Very much | 5, 5- Extremely",,,,,,,y,,,pttfq_s1_r1_e1,,
pttfq_i7_s1_r1_e1,pttfq_s1_r1_e1,,radio,"I thought about whether others would like me.","1, 1- Not at all | 2, 2- A little bit | 3, 3- Somewhat | 4, 4- Very much | 5, 5- Extremely",,,,,,,y,,,pttfq_s1_r1_e1,,
pttfq_i8_s1_r1_e1,pttfq_s1_r1_e1,,radio,"I felt relaxed.","1, 1- Not at all | 2, 2- A little bit | 3, 3- Somewhat | 4, 4- Very much | 5, 5- Extremely",,,,,,,y,,,pttfq_s1_r1_e1,,
pttfq_i9_s1_r1_e1,pttfq_s1_r1_e1,,radio,"I had negative thoughts.","1, 1- Not at all | 2, 2- A little bit | 3, 3- Somewhat | 4, 4- Very much | 5, 5- Extremely",,,,,,,y,,,pttfq_s1_r1_e1,,
pttfq_i10_s1_r1_e1,pttfq_s1_r1_e1,,radio,"The same thoughts kept repeating in my head.","1, 1- Not at all | 2, 2- A little bit | 3, 3- Somewhat | 4, 4- Very much | 5, 5- Extremely",,,,,,,y,,,pttfq_s1_r1_e1,,
pttfq_i11_s1_r1_e1,pttfq_s1_r1_e1,,radio,"I felt anxious.","1, 1- Not at all | 2, 2- A little bit | 3, 3- Somewhat | 4, 4- Very much | 5, 5- Extremely",,,,,,,y,,,pttfq_s1_r1_e1,,
pttfq_i12_s1_r1_e1,pttfq_s1_r1_e1,,radio,"I worried a lot.","1, 1- Not at all | 2, 2- A little bit | 3, 3- Somewhat | 4, 4- Very much | 5, 5- Extremely",,,,,,,y,,,pttfq_s1_r1_e1,,
