"Variable / Field Name","Form Name","Section Header","Field Type","Field Label","Choices, Calculations, OR Slider Labels","Field Note","Text Validation Type OR Show Slider Number","Text Validation Min","Text Validation Max",Identifier?,"Branching Logic (Show field only if...)","Required Field?","Custom Alignment","Question Number (surveys only)","Matrix Group Name","Matrix Ranking?","Field Annotation"
cdi2p_i1_s1_r1_e1,cdi2p_s1_r1_e1,"My child...",radio,"Looks sad.","0, Not at all | 1, Some of the time | 2, Often | 3, Much or most of the time",,,,,,,y,,,cdi2p,,
cdi2p_i2_s1_r1_e1,cdi2p_s1_r1_e1,,radio,"Has fun.","0, Not at all | 1, Some of the time | 2, Often | 3, Much or most of the time",,,,,,,y,,,cdi2p,,
cdi2p_i3_s1_r1_e1,cdi2p_s1_r1_e1,,radio,"Does not like himself or herself.","0, Not at all | 1, Some of the time | 2, Often | 3, Much or most of the time",,,,,,,y,,,cdi2p,,
cdi2p_i4_s1_r1_e1,cdi2p_s1_r1_e1,,radio,"Blames himself or herself for things.","0, Not at all | 1, Some of the time | 2, Often | 3, Much or most of the time",,,,,,,y,,,cdi2p,,
cdi2p_i5_s1_r1_e1,cdi2p_s1_r1_e1,,radio,"Cries or looks tearful.","0, Not at all | 1, Some of the time | 2, Often | 3, Much or most of the time",,,,,,,y,,,cdi2p,,
cdi2p_i6_s1_r1_e1,cdi2p_s1_r1_e1,,radio,"Is cranky or irritable.","0, Not at all | 1, Some of the time | 2, Often | 3, Much or most of the time",,,,,,,y,,,cdi2p,,
cdi2p_i7_s1_r1_e1,cdi2p_s1_r1_e1,,radio,"Enjoys being with people.","0, Not at all | 1, Some of the time | 2, Often | 3, Much or most of the time",,,,,,,y,,,cdi2p,,
cdi2p_i8_s1_r1_e1,cdi2p_s1_r1_e1,,radio,"Thinks that he or she is ugly.","0, Not at all | 1, Some of the time | 2, Often | 3, Much or most of the time",,,,,,,y,,,cdi2p,,
cdi2p_i9_s1_r1_e1,cdi2p_s1_r1_e1,,radio,"Has to push himself or herself to do homework.","0, Not at all | 1, Some of the time | 2, Often | 3, Much or most of the time",,,,,,,y,,,cdi2p,,
cdi2p_i10_s1_r1_e1,cdi2p_s1_r1_e1,,radio,"Has trouble sleeping at night.","0, Not at all | 1, Some of the time | 2, Often | 3, Much or most of the time",,,,,,,y,,,cdi2p,,
cdi2p_i11_s1_r1_e1,cdi2p_s1_r1_e1,,radio,"Looks tired or fatigued.","0, Not at all | 1, Some of the time | 2, Often | 3, Much or most of the time",,,,,,,y,,,cdi2p,,
cdi2p_i12_s1_r1_e1,cdi2p_s1_r1_e1,,radio,"Seems lonely.","0, Not at all | 1, Some of the time | 2, Often | 3, Much or most of the time",,,,,,,y,,,cdi2p,,
cdi2p_i13_s1_r1_e1,cdi2p_s1_r1_e1,,radio,"Enjoys school.","0, Not at all | 1, Some of the time | 2, Often | 3, Much or most of the time",,,,,,,y,,,cdi2p,,
cdi2p_i14_s1_r1_e1,cdi2p_s1_r1_e1,,radio,"Spends time with friends.","0, Not at all | 1, Some of the time | 2, Often | 3, Much or most of the time",,,,,,,y,,,cdi2p,,
cdi2p_i15_s1_r1_e1,cdi2p_s1_r1_e1,,radio,"Is showing worse school performance than before.","0, Not at all | 1, Some of the time | 2, Often | 3, Much or most of the time",,,,,,,y,,,cdi2p,,
cdi2p_i16_s1_r1_e1,cdi2p_s1_r1_e1,,radio,"Does what he or she is told.","0, Not at all | 1, Some of the time | 2, Often | 3, Much or most of the time",,,,,,,y,,,cdi2p,,
cdi2p_i17_s1_r1_e1,cdi2p_s1_r1_e1,,radio,"Has disagreements and conflicts with others.","0, Not at all | 1, Some of the time | 2, Often | 3, Much or most of the time",,,,,,,y,,,cdi2p,,
