"Variable / Field Name","Form Name","Section Header","Field Type","Field Label","Choices, Calculations, OR Slider Labels","Field Note","Text Validation Type OR Show Slider Number","Text Validation Min","Text Validation Max",Identifier?,"Branching Logic (Show field only if...)","Required Field?","Custom Alignment","Question Number (surveys only)","Matrix Group Name","Matrix Ranking?","Field Annotation"
fpe_i1_s1_r1_e1,fpe_s1_r1_e1,,radio,"I am uncomfortable exhibiting my talents to others, even if I think my talents will impress them.","0, Not at all True | 1,  | 2,  | 3,  | 4, Somewhat | 5, True | 6,  | 7,  | 8,  | 9, Very True",,,,,,,y,,,fpe,,
fpe_i2_s1_r1_e1,fpe_s1_r1_e1,,radio,"It would make me anxious to receive a compliment from someone that I am attracted to.","0, Not at all True | 1,  | 2,  | 3,  | 4, Somewhat | 5, True | 6,  | 7,  | 8,  | 9, Very True",,,,,,,y,,,fpe,,
fpe_i3_s1_r1_e1,fpe_s1_r1_e1,,radio,"I try to choose clothes that will give people little impression of what I am like.","0, Not at all True | 1,  | 2,  | 3,  | 4, Somewhat | 5, True | 6,  | 7,  | 8,  | 9, Very True",,,,,,,y,,,fpe,,
fpe_i4_s1_r1_e1,fpe_s1_r1_e1,,radio,"I feel uneasy when I receive praise from authority figures.","0, Not at all True | 1,  | 2,  | 3,  | 4, Somewhat | 5, True | 6,  | 7,  | 8,  | 9, Very True",,,,,,,y,,,fpe,,
fpe_i5_s1_r1_e1,fpe_s1_r1_e1,,radio,"If I have something to say that I think a group will find interesting, I typically say it.","0, Not at all True | 1,  | 2,  | 3,  | 4, Somewhat | 5, True | 6,  | 7,  | 8,  | 9, Very True",,,,,,,y,,,fpe,,
fpe_i6_s1_r1_e1,fpe_s1_r1_e1,,radio,"I would rather receive a compliment from someone when that person and I were alone than when in the presence of others.","0, Not at all True | 1,  | 2,  | 3,  | 4, Somewhat | 5, True | 6,  | 7,  | 8,  | 9, Very True",,,,,,,y,,,fpe,,
fpe_i7_s1_r1_e1,fpe_s1_r1_e1,,radio,"If I was doing something well in front of others, I would wonder whether I was doing ''too well.''","0, Not at all True | 1,  | 2,  | 3,  | 4, Somewhat | 5, True | 6,  | 7,  | 8,  | 9, Very True",,,,,,,y,,,fpe,,
fpe_i8_s1_r1_e1,fpe_s1_r1_e1,,radio,"I generally feel uncomfortable when people give me compliments.","0, Not at all True | 1,  | 2,  | 3,  | 4, Somewhat | 5, True | 6,  | 7,  | 8,  | 9, Very True",,,,,,,y,,,fpe,,
fpe_i9_s1_r1_e1,fpe_s1_r1_e1,,radio,"I don't like to be noticed when I am in public places, even if I feel as though I am being admired.","0, Not at all True | 1,  | 2,  | 3,  | 4, Somewhat | 5, True | 6,  | 7,  | 8,  | 9, Very True",,,,,,,y,,,fpe,,
fpe_i10_s1_r1_e1,fpe_s1_r1_e1,,radio,"I often feel under-appreciated, and wish people would comment more on my positive qualities.","0, Not at all True | 1,  | 2,  | 3,  | 4, Somewhat | 5, True | 6,  | 7,  | 8,  | 9, Very True",,,,,,,y,,,fpe,,
