"Variable / Field Name","Form Name","Section Header","Field Type","Field Label","Choices, Calculations, OR Slider Labels","Field Note","Text Validation Type OR Show Slider Number","Text Validation Min","Text Validation Max",Identifier?,"Branching Logic (Show field only if...)","Required Field?","Custom Alignment","Question Number (surveys only)","Matrix Group Name","Matrix Ranking?","Field Annotation"
dersp_i1_s1_r1_e1,dersp_s1_r1_e1,,radio,"My child is clear about their feelings","1, Almost never | 2, Sometimes | 3, About half the time | 4, Most of the time | 5, Almost always",,,,,,,y,,,dersp,,
dersp_i2_s1_r1_e1,dersp_s1_r1_e1,,radio,"My child pays attention to how they feel","1, Almost never | 2, Sometimes | 3, About half the time | 4, Most of the time | 5, Almost always",,,,,,,y,,,dersp,,
dersp_i3_s1_r1_e1,dersp_s1_r1_e1,,radio,"My child experiences their emotions as overwhelming and out of control","1, Almost never | 2, Sometimes | 3, About half the time | 4, Most of the time | 5, Almost always",,,,,,,y,,,dersp,,
dersp_i4_s1_r1_e1,dersp_s1_r1_e1,,radio,"My child is attentive to their feelings.","1, Almost never | 2, Sometimes | 3, About half the time | 4, Most of the time | 5, Almost always",,,,,,,y,,,dersp,,
dersp_i5_s1_r1_e1,dersp_s1_r1_e1,,radio,"My child knows exactly how they are feeling.","1, Almost never | 2, Sometimes | 3, About half the time | 4, Most of the time | 5, Almost always",,,,,,,y,,,dersp,,
dersp_i6_s1_r1_e1,dersp_s1_r1_e1,,radio,"My child cares about what they are feeling.","1, Almost never | 2, Sometimes | 3, About half the time | 4, Most of the time | 5, Almost always",,,,,,,y,,,dersp,,
dersp_i7_s1_r1_e1,dersp_s1_r1_e1,,radio,"When my child is upset, they acknowledge their emotions","1, Almost never | 2, Sometimes | 3, About half the time | 4, Most of the time | 5, Almost always",,,,,,,y,,,dersp,,
dersp_i8_s1_r1_e1,dersp_s1_r1_e1,,radio,"When my child is upset, they become angry with themself for feeling that way.","1, Almost never | 2, Sometimes | 3, About half the time | 4, Most of the time | 5, Almost always",,,,,,,y,,,dersp,,
dersp_i9_s1_r1_e1,dersp_s1_r1_e1,,radio,"When my child is upset, they become embarrassed for feeling that way","1, Almost never | 2, Sometimes | 3, About half the time | 4, Most of the time | 5, Almost always",,,,,,,y,,,dersp,,
dersp_i10_s1_r1_e1,dersp_s1_r1_e1,,radio,"When my child is upset, they have difficulty getting work done","1, Almost never | 2, Sometimes | 3, About half the time | 4, Most of the time | 5, Almost always",,,,,,,y,,,dersp,,
dersp_i11_s1_r1_e1,dersp_s1_r1_e1,,radio,"When my child is upset, they become out of control.","1, Almost never | 2, Sometimes | 3, About half the time | 4, Most of the time | 5, Almost always",,,,,,,y,,,dersp,,
dersp_i12_s1_r1_e1,dersp_s1_r1_e1,,radio,"When my child is upset, they believe that they will remain that way for a long time.","1, Almost never | 2, Sometimes | 3, About half the time | 4, Most of the time | 5, Almost always",,,,,,,y,,,dersp,,
dersp_i13_s1_r1_e1,dersp_s1_r1_e1,,radio,"When my child is upset, they believe that they will end up feeling very depressed.","1, Almost never | 2, Sometimes | 3, About half the time | 4, Most of the time | 5, Almost always",,,,,,,y,,,dersp,,
dersp_i14_s1_r1_e1,dersp_s1_r1_e1,,radio,"When my child is upset, they have difficulty focusing on other things.","1, Almost never | 2, Sometimes | 3, About half the time | 4, Most of the time | 5, Almost always",,,,,,,y,,,dersp,,
dersp_i15_s1_r1_e1,dersp_s1_r1_e1,,radio,"When my child is upset, they feel out of control.","1, Almost never | 2, Sometimes | 3, About half the time | 4, Most of the time | 5, Almost always",,,,,,,y,,,dersp,,
dersp_i16_s1_r1_e1,dersp_s1_r1_e1,,radio,"When my child is upset, they feel ashamed with themself for feeling that way.","1, Almost never | 2, Sometimes | 3, About half the time | 4, Most of the time | 5, Almost always",,,,,,,y,,,dersp,,
dersp_i17_s1_r1_e1,dersp_s1_r1_e1,,radio,"When my child is upset, they know that they can find a way to eventually feel better.","1, Almost never | 2, Sometimes | 3, About half the time | 4, Most of the time | 5, Almost always",,,,,,,y,,,dersp,,
dersp_i18_s1_r1_e1,dersp_s1_r1_e1,,radio,"When my child is upset, they feel like they are weak.","1, Almost never | 2, Sometimes | 3, About half the time | 4, Most of the time | 5, Almost always",,,,,,,y,,,dersp,,
dersp_i19_s1_r1_e1,dersp_s1_r1_e1,,radio,"When my child is upset, they feel like they can remain in control of their behaviors.","1, Almost never | 2, Sometimes | 3, About half the time | 4, Most of the time | 5, Almost always",,,,,,,y,,,dersp,,
dersp_i20_s1_r1_e1,dersp_s1_r1_e1,,radio,"When my child is upset, they feel guilty for feeling that way.","1, Almost never | 2, Sometimes | 3, About half the time | 4, Most of the time | 5, Almost always",,,,,,,y,,,dersp,,
dersp_i21_s1_r1_e1,dersp_s1_r1_e1,,radio,"When my child is upset, they have difficulty concentrating.","1, Almost never | 2, Sometimes | 3, About half the time | 4, Most of the time | 5, Almost always",,,,,,,y,,,dersp,,
dersp_i22_s1_r1_e1,dersp_s1_r1_e1,,radio,"When my child is upset, they have difficulty controlling their behaviors.","1, Almost never | 2, Sometimes | 3, About half the time | 4, Most of the time | 5, Almost always",,,,,,,y,,,dersp,,
dersp_i23_s1_r1_e1,dersp_s1_r1_e1,,radio,"When my child is upset, they believe that there is nothing they can do to make themself feel better.","1, Almost never | 2, Sometimes | 3, About half the time | 4, Most of the time | 5, Almost always",,,,,,,y,,,dersp,,
dersp_i24_s1_r1_e1,dersp_s1_r1_e1,,radio,"When my child is upset, they become irritated with themself for feeling that way.","1, Almost never | 2, Sometimes | 3, About half the time | 4, Most of the time | 5, Almost always",,,,,,,y,,,dersp,,
dersp_i25_s1_r1_e1,dersp_s1_r1_e1,,radio,"When my child is upset, they start to feel very bad about themself.","1, Almost never | 2, Sometimes | 3, About half the time | 4, Most of the time | 5, Almost always",,,,,,,y,,,dersp,,
dersp_i26_s1_r1_e1,dersp_s1_r1_e1,,radio,"When my child is upset, they lose control over their behaviors.","1, Almost never | 2, Sometimes | 3, About half the time | 4, Most of the time | 5, Almost always",,,,,,,y,,,dersp,,
dersp_i27_s1_r1_e1,dersp_s1_r1_e1,,radio,"When my child is upset, they have difficulty thinking about anything else.","1, Almost never | 2, Sometimes | 3, About half the time | 4, Most of the time | 5, Almost always",,,,,,,y,,,dersp,,
dersp_i28_s1_r1_e1,dersp_s1_r1_e1,,radio,"When my child is upset, it takes them a long time to feel better.","1, Almost never | 2, Sometimes | 3, About half the time | 4, Most of the time | 5, Almost always",,,,,,,y,,,dersp,,
dersp_i29_s1_r1_e1,dersp_s1_r1_e1,,radio,"When my child is upset, their emotions feel overwhelming.","1, Almost never | 2, Sometimes | 3, About half the time | 4, Most of the time | 5, Almost always",,,,,,,y,,,dersp,,
