"Variable / Field Name","Form Name","Section Header","Field Type","Field Label","Choices, Calculations, OR Slider Labels","Field Note","Text Validation Type OR Show Slider Number","Text Validation Min","Text Validation Max",Identifier?,"Branching Logic (Show field only if...)","Required Field?","Custom Alignment","Question Number (surveys only)","Matrix Group Name","Matrix Ranking?","Field Annotation"
rvq_i1_s1_r1_e1,rvq_s1_r1_e1,"In high school, how often did other students...",radio,"Spread rumors about you?","1, Never | 2,  | 3,  | 4,  | 5, Always",,,,,,,y,,,rvq,,
rvq_i2_s1_r1_e1,rvq_s1_r1_e1,,radio,"Purposely exclude you from social interactions?","1, Never | 2,  | 3,  | 4,  | 5, Always",,,,,,,y,,,rvq,,
rvq_i3_s1_r1_e1,rvq_s1_r1_e1,,radio,"Purposely ignore or refuse to talk to you?","1, Never | 2,  | 3,  | 4,  | 5, Always",,,,,,,y,,,rvq,,
rvq_i4_s1_r1_e1,rvq_s1_r1_e1,,radio,"Divulge personal information about you that was originally shared in confidence?","1, Never | 2,  | 3,  | 4,  | 5, Always",,,,,,,y,,,rvq,,
rvq_i5_s1_r1_e1,rvq_s1_r1_e1,,radio,"Try to cause fights or arguments among you and other peers?","1, Never | 2,  | 3,  | 4,  | 5, Always",,,,,,,y,,,rvq,,
rvq_i6_s1_r1_e1,rvq_s1_r1_e1,,radio,"Pick you last for an activity, for reasons NOT related to your ability?","1, Never | 2,  | 3,  | 4,  | 5, Always",,,,,,,y,,,rvq,,
rvq_i7_s1_r1_e1,rvq_s1_r1_e1,,radio,"Ridicule you in front of other people?","1, Never | 2,  | 3,  | 4,  | 5, Always",,,,,,,y,,,rvq,,
