"Variable / Field Name","Form Name","Section Header","Field Type","Field Label","Choices, Calculations, OR Slider Labels","Field Note","Text Validation Type OR Show Slider Number","Text Validation Min","Text Validation Max",Identifier?,"Branching Logic (Show field only if...)","Required Field?","Custom Alignment","Question Number (surveys only)","Matrix Group Name","Matrix Ranking?","Field Annotation"
tai_b_i1_s1_r1_e1,tai_b_s1_r1_e1,"Directions: Read each item below to see if it reflects your experience in test taking. If it does, choose 'Yes' next to the statement. Check as many as seem fitting. Be honest with yourself.",radio,"I wish there were some way to succeed without taking tests.","1, Yes (reflects my experience) | 0, No (does not apply to me)",,,,,,,y,,,tai_s1_r1_e1,,
tai_b_i2_s1_r1_e1,tai_b_s1_r1_e1,,radio,"Getting a good score on one test does not seem to increase my confidence on other tests.","1, Yes (reflects my experience) | 0, No (does not apply to me)",,,,,,,y,,,tai_s1_r1_e1,,
tai_b_i3_s1_r1_e1,tai_b_s1_r1_e1,,radio,"People (family, friends, etc.) are counting on me to do well.","1, Yes (reflects my experience) | 0, No (does not apply to me)",,,,,,,y,,,tai_s1_r1_e1,,
tai_b_i4_s1_r1_e1,tai_b_s1_r1_e1,,radio,"During a test, I sometimes find myself having trains of thought that have nothing to do with the test.","1, Yes (reflects my experience) | 0, No (does not apply to me)",,,,,,,y,,,tai_s1_r1_e1,,
tai_b_i5_s1_r1_e1,tai_b_s1_r1_e1,,radio,"I do not enjoy eating before or after an important test.","1, Yes (reflects my experience) | 0, No (does not apply to me)",,,,,,,y,,,tai_s1_r1_e1,,
tai_b_i6_s1_r1_e1,tai_b_s1_r1_e1,,radio,"I have always dreaded courses in which the teacher has the habit of giving pop quizzes.","1, Yes (reflects my experience) | 0, No (does not apply to me)",,,,,,,y,,,tai_s1_r1_e1,,
tai_b_i7_s1_r1_e1,tai_b_s1_r1_e1,,radio,"It seems to me that test sessions should not be made the formal, tense situations they are.","1, Yes (reflects my experience) | 0, No (does not apply to me)",,,,,,,y,,,tai_s1_r1_e1,,
tai_b_i8_s1_r1_e1,tai_b_s1_r1_e1,,radio,"People who do well on tests generally end up in better positions in life.","1, Yes (reflects my experience) | 0, No (does not apply to me)",,,,,,,y,,,tai_s1_r1_e1,,
tai_b_i9_s1_r1_e1,tai_b_s1_r1_e1,,radio,"Before or during an important exam, I find myself thinking about how much brighter some of the other test-takers are.","1, Yes (reflects my experience) | 0, No (does not apply to me)",,,,,,,y,,,tai_s1_r1_e1,,
tai_b_i10_s1_r1_e1,tai_b_s1_r1_e1,,radio,"Even though I don't always think about it, I am concerned about how others will view me if I do poorly.","1, Yes (reflects my experience) | 0, No (does not apply to me)",,,,,,,y,,,tai_s1_r1_e1,,
tai_b_i11_s1_r1_e1,tai_b_s1_r1_e1,,radio,"Worrying about how well I will do interferes with my preparation and performance on tests.","1, Yes (reflects my experience) | 0, No (does not apply to me)",,,,,,,y,,,tai_s1_r1_e1,,
tai_b_i12_s1_r1_e1,tai_b_s1_r1_e1,,radio,"Having to face an important test disturbs my sleep.","1, Yes (reflects my experience) | 0, No (does not apply to me)",,,,,,,y,,,tai_s1_r1_e1,,
tai_b_i13_s1_r1_e1,tai_b_s1_r1_e1,,radio,"I cannot stand to have people walking around watching me while I take a test.","1, Yes (reflects my experience) | 0, No (does not apply to me)",,,,,,,y,,,tai_s1_r1_e1,,
tai_b_i14_s1_r1_e1,tai_b_s1_r1_e1,,radio,"If exams could be done away with, I think I would actually learn more from my courses.","1, Yes (reflects my experience) | 0, No (does not apply to me)",,,,,,,y,,,tai_s1_r1_e1,,
tai_b_i15_s1_r1_e1,tai_b_s1_r1_e1,,radio,"Knowing that my future depends in part on doing well on tests upsets me.","1, Yes (reflects my experience) | 0, No (does not apply to me)",,,,,,,y,,,tai_s1_r1_e1,,
tai_b_i16_s1_r1_e1,tai_b_s1_r1_e1,,radio,"I know I could outscore most people if I could just get myself together.","1, Yes (reflects my experience) | 0, No (does not apply to me)",,,,,,,y,,,tai_s1_r1_e1,,
tai_b_i17_s1_r1_e1,tai_b_s1_r1_e1,,radio,"People will question my ability if I do poorly.","1, Yes (reflects my experience) | 0, No (does not apply to me)",,,,,,,y,,,tai_s1_r1_e1,,
tai_b_i18_s1_r1_e1,tai_b_s1_r1_e1,,radio,"I never seem to be fully prepared to take tests.","1, Yes (reflects my experience) | 0, No (does not apply to me)",,,,,,,y,,,tai_s1_r1_e1,,
tai_b_i19_s1_r1_e1,tai_b_s1_r1_e1,,radio,"I cannot relax physically before a test.","1, Yes (reflects my experience) | 0, No (does not apply to me)",,,,,,,y,,,tai_s1_r1_e1,,
tai_b_i20_s1_r1_e1,tai_b_s1_r1_e1,,radio,"I mentally freeze up on important tests.","1, Yes (reflects my experience) | 0, No (does not apply to me)",,,,,,,y,,,tai_s1_r1_e1,,
tai_b_i21_s1_r1_e1,tai_b_s1_r1_e1,,radio,"Room noises (from lights, heating/cooling systems, other test-takers) bother me.","1, Yes (reflects my experience) | 0, No (does not apply to me)",,,,,,,y,,,tai_s1_r1_e1,,
tai_b_i22_s1_r1_e1,tai_b_s1_r1_e1,,radio,"I have a hollow, uneasy feeling before taking a test.","1, Yes (reflects my experience) | 0, No (does not apply to me)",,,,,,,y,,,tai_s1_r1_e1,,
tai_b_i23_s1_r1_e1,tai_b_s1_r1_e1,,radio,"Tests make me wonder if I will ever reach my goals.","1, Yes (reflects my experience) | 0, No (does not apply to me)",,,,,,,y,,,tai_s1_r1_e1,,
tai_b_i24_s1_r1_e1,tai_b_s1_r1_e1,,radio,"Tests do not really show how much a person knows.","1, Yes (reflects my experience) | 0, No (does not apply to me)",,,,,,,y,,,tai_s1_r1_e1,,
tai_b_i25_s1_r1_e1,tai_b_s1_r1_e1,,radio,"If I score low, I am not going to tell anyone exactly what my score was.","1, Yes (reflects my experience) | 0, No (does not apply to me)",,,,,,,y,,,tai_s1_r1_e1,,
tai_b_i26_s1_r1_e1,tai_b_s1_r1_e1,,radio,"I often feel the need to cram before a test.","1, Yes (reflects my experience) | 0, No (does not apply to me)",,,,,,,y,,,tai_s1_r1_e1,,
tai_b_i27_s1_r1_e1,tai_b_s1_r1_e1,,radio,"My stomach becomes upset before important tests.","1, Yes (reflects my experience) | 0, No (does not apply to me)",,,,,,,y,,,tai_s1_r1_e1,,
tai_b_i28_s1_r1_e1,tai_b_s1_r1_e1,,radio,"I sometimes seem to defeat myself (think negative thoughts) while working on an important test.","1, Yes (reflects my experience) | 0, No (does not apply to me)",,,,,,,y,,,tai_s1_r1_e1,,
tai_b_i29_s1_r1_e1,tai_b_s1_r1_e1,,radio,"I start feeling very anxious or uneasy just before getting test results.","1, Yes (reflects my experience) | 0, No (does not apply to me)",,,,,,,y,,,tai_s1_r1_e1,,
tai_b_i30_s1_r1_e1,tai_b_s1_r1_e1,,radio,"I wish I could get into a vocation that does not require tests for entrance.","1, Yes (reflects my experience) | 0, No (does not apply to me)",,,,,,,y,,,tai_s1_r1_e1,,
tai_b_i31_s1_r1_e1,tai_b_s1_r1_e1,,radio,"If I do not do well on a test, I guess it will mean I am not as smart as I thought I was.","1, Yes (reflects my experience) | 0, No (does not apply to me)",,,,,,,y,,,tai_s1_r1_e1,,
tai_b_i32_s1_r1_e1,tai_b_s1_r1_e1,,radio,"If my score is low, my parents will be very disappointed.","1, Yes (reflects my experience) | 0, No (does not apply to me)",,,,,,,y,,,tai_s1_r1_e1,,
tai_b_i33_s1_r1_e1,tai_b_s1_r1_e1,,radio,"My anxiety about tests makes me want to avoid preparing fully, and this just makes me more anxious.","1, Yes (reflects my experience) | 0, No (does not apply to me)",,,,,,,y,,,tai_s1_r1_e1,,
tai_b_i34_s1_r1_e1,tai_b_s1_r1_e1,,radio,"I often find my fingers tapping or my legs jiggling while taking a test.","1, Yes (reflects my experience) | 0, No (does not apply to me)",,,,,,,y,,,tai_s1_r1_e1,,
tai_b_i35_s1_r1_e1,tai_b_s1_r1_e1,,radio,"After taking a test, I often feel I could have done better than I actually did.","1, Yes (reflects my experience) | 0, No (does not apply to me)",,,,,,,y,,,tai_s1_r1_e1,,
tai_b_i36_s1_r1_e1,tai_b_s1_r1_e1,,radio,"When taking a test, my emotional feelings interfere with my concentration.","1, Yes (reflects my experience) | 0, No (does not apply to me)",,,,,,,y,,,tai_s1_r1_e1,,
tai_b_i37_s1_r1_e1,tai_b_s1_r1_e1,,radio,"The harder I work on some test items, the more confused I get.","1, Yes (reflects my experience) | 0, No (does not apply to me)",,,,,,,y,,,tai_s1_r1_e1,,
tai_b_i38_s1_r1_e1,tai_b_s1_r1_e1,,radio,"Aside from what others may think of me, I am concerned about my own opinion of myself if I do poorly.","1, Yes (reflects my experience) | 0, No (does not apply to me)",,,,,,,y,,,tai_s1_r1_e1,,
tai_b_i39_s1_r1_e1,tai_b_s1_r1_e1,,radio,"My muscles tense up in certain areas of my body when I take a test.","1, Yes (reflects my experience) | 0, No (does not apply to me)",,,,,,,y,,,tai_s1_r1_e1,,
tai_b_i40_s1_r1_e1,tai_b_s1_r1_e1,,radio,"I do not feel confident and mentally relaxed before a test.","1, Yes (reflects my experience) | 0, No (does not apply to me)",,,,,,,y,,,tai_s1_r1_e1,,
tai_b_i41_s1_r1_e1,tai_b_s1_r1_e1,,radio,"My friends will be disappointed in me if my score is low.","1, Yes (reflects my experience) | 0, No (does not apply to me)",,,,,,,y,,,tai_s1_r1_e1,,
tai_b_i42_s1_r1_e1,tai_b_s1_r1_e1,,radio,"One of my problems is not knowing exactly when I am prepared for a test.","1, Yes (reflects my experience) | 0, No (does not apply to me)",,,,,,,y,,,tai_s1_r1_e1,,
tai_b_i43_s1_r1_e1,tai_b_s1_r1_e1,,radio,"I often feel physically panicky when I have to take a really important test.","1, Yes (reflects my experience) | 0, No (does not apply to me)",,,,,,,y,,,tai_s1_r1_e1,,
tai_b_i44_s1_r1_e1,tai_b_s1_r1_e1,,radio,"I wish teachers understood that some people are more nervous than others when taking tests, and that this could be taken into account when test answers are evaluated.","1, Yes (reflects my experience) | 0, No (does not apply to me)",,,,,,,y,,,tai_s1_r1_e1,,
tai_b_i45_s1_r1_e1,tai_b_s1_r1_e1,,radio,"I would rather write a paper than take a test for a grade.","1, Yes (reflects my experience) | 0, No (does not apply to me)",,,,,,,y,,,tai_s1_r1_e1,,
tai_b_i46_s1_r1_e1,tai_b_s1_r1_e1,,radio,"I am going to find out how others did before I announce my score.","1, Yes (reflects my experience) | 0, No (does not apply to me)",,,,,,,y,,,tai_s1_r1_e1,,
tai_b_i47_s1_r1_e1,tai_b_s1_r1_e1,,radio,"Some people I know will be amused if I score low, and this bothers me.","1, Yes (reflects my experience) | 0, No (does not apply to me)",,,,,,,y,,,tai_s1_r1_e1,,
tai_b_i48_s1_r1_e1,tai_b_s1_r1_e1,,radio,"I think I could do much better on tests if I could take them alone and/or not feel pressured by a time limit.","1, Yes (reflects my experience) | 0, No (does not apply to me)",,,,,,,y,,,tai_s1_r1_e1,,
tai_b_i49_s1_r1_e1,tai_b_s1_r1_e1,,radio,"My test performance is directly connected to my future success and security.","1, Yes (reflects my experience) | 0, No (does not apply to me)",,,,,,,y,,,tai_s1_r1_e1,,
tai_b_i50_s1_r1_e1,tai_b_s1_r1_e1,,radio,"During tests, I sometimes get so nervous that I forget facts I really know.","1, Yes (reflects my experience) | 0, No (does not apply to me)",,,,,,,y,,,tai_s1_r1_e1,,
