"Variable / Field Name","Form Name","Section Header","Field Type","Field Label","Choices, Calculations, OR Slider Labels","Field Note","Text Validation Type OR Show Slider Number","Text Validation Min","Text Validation Max",Identifier?,"Branching Logic (Show field only if...)","Required Field?","Custom Alignment","Question Number (surveys only)","Matrix Group Name","Matrix Ranking?","Field Annotation"
swcq_i1_s1_r1_e1,swcq_s1_r1_e1,,radio,"Whether or not I reach my goals in school strongly <i>affects</i> my feelings of worth","1, not at all true for me | 2, a little true for me | 3, somewhat true for me | 4, true for me | 5, very true for me | 6, extremely true for me",,,,,,,y,,,swcq,,
swcq_i2_s1_r1_e1,swcq_s1_r1_e1,,radio,"The way I feel about myself as a person <i>depends</i> a lot on what people in my life think of me","1, not at all true for me | 2, a little true for me | 3, somewhat true for me | 4, true for me | 5, very true for me | 6, extremely true for me",,,,,,,y,,,swcq,,
swcq_i3_s1_r1_e1,swcq_s1_r1_e1,,radio,"My feelings of self-worth <i>don't</i> change even if my physical appearance changes","1, not at all true for me | 2, a little true for me | 3, somewhat true for me | 4, true for me | 5, very true for me | 6, extremely true for me",,,,,,,y,,,swcq,,
swcq_i4_s1_r1_e1,swcq_s1_r1_e1,,radio,"The way I feel about myself as a person does <i>not</i> depend on my performance in activities (such as music, dance, sports, or theater)","1, not at all true for me | 2, a little true for me | 3, somewhat true for me | 4, true for me | 5, very true for me | 6, extremely true for me",,,,,,,y,,,swcq,,
swcq_i5_s1_r1_e1,swcq_s1_r1_e1,,radio,"My performance in schoolwork does <i>not</i> influence how I feel about myself","1, not at all true for me | 2, a little true for me | 3, somewhat true for me | 4, true for me | 5, very true for me | 6, extremely true for me",,,,,,,y,,,swcq,,
swcq_i6_s1_r1_e1,swcq_s1_r1_e1,,radio,"Other people's feedback <i>makes or breaks</i> how I feel about myself","1, not at all true for me | 2, a little true for me | 3, somewhat true for me | 4, true for me | 5, very true for me | 6, extremely true for me",,,,,,,y,,,swcq,,
swcq_i7_s1_r1_e1,swcq_s1_r1_e1,,radio,"How I look physically really <i>affects</i> how worthy I feel as a person","1, not at all true for me | 2, a little true for me | 3, somewhat true for me | 4, true for me | 5, very true for me | 6, extremely true for me",,,,,,,y,,,swcq,,
swcq_i8_s1_r1_e1,swcq_s1_r1_e1,,radio,"My performance in activities (such as music, dance, sports, or theater) does <i>not</i> influence how I feel about myself","1, not at all true for me | 2, a little true for me | 3, somewhat true for me | 4, true for me | 5, very true for me | 6, extremely true for me",,,,,,,y,,,swcq,,
swcq_i9_s1_r1_e1,swcq_s1_r1_e1,,radio,"The way I feel about myself does <i>not</i> depend on how well I do in my schoolwork or on school projects","1, not at all true for me | 2, a little true for me | 3, somewhat true for me | 4, true for me | 5, very true for me | 6, extremely true for me",,,,,,,y,,,swcq,,
swcq_i10_s1_r1_e1,swcq_s1_r1_e1,,radio,"If other people's feelings about me change, my feelings of self-worth <i>change</i> as well","1, not at all true for me | 2, a little true for me | 3, somewhat true for me | 4, true for me | 5, very true for me | 6, extremely true for me",,,,,,,y,,,swcq,,
swcq_i11_s1_r1_e1,swcq_s1_r1_e1,,radio,"The way I look physically <i>makes or breaks</i> how I feel about myself as a person","1, not at all true for me | 2, a little true for me | 3, somewhat true for me | 4, true for me | 5, very true for me | 6, extremely true for me",,,,,,,y,,,swcq,,
swcq_i12_s1_r1_e1,swcq_s1_r1_e1,,radio,"Whether or not I reach my goals in activities (such as music, dance, sports, or theater) does <i>not</i> affect how worthy I feel","1, not at all true for me | 2, a little true for me | 3, somewhat true for me | 4, true for me | 5, very true for me | 6, extremely true for me",,,,,,,y,,,swcq,,
swcq_i13_s1_r1_e1,swcq_s1_r1_e1,,radio,"The way I feel about myself <i>depends</i> a lot on how well I do in my schoolwork or on school projects","1, not at all true for me | 2, a little true for me | 3, somewhat true for me | 4, true for me | 5, very true for me | 6, extremely true for me",,,,,,,y,,,swcq,,
swcq_i14_s1_r1_e1,swcq_s1_r1_e1,,radio,"Other people's approval (or disapproval) strongly <i>affects</i> how worthy I feel","1, not at all true for me | 2, a little true for me | 3, somewhat true for me | 4, true for me | 5, very true for me | 6, extremely true for me",,,,,,,y,,,swcq,,
swcq_i15_s1_r1_e1,swcq_s1_r1_e1,,radio,"The way I look physically does <i>not</i> affect how I feel about myself","1, not at all true for me | 2, a little true for me | 3, somewhat true for me | 4, true for me | 5, very true for me | 6, extremely true for me",,,,,,,y,,,swcq,,
swcq_i16_s1_r1_e1,swcq_s1_r1_e1,,radio,"My performance in activities (such as music, dance, sports, or theater) <i>makes or breaks</i> the way I feel about myself","1, not at all true for me | 2, a little true for me | 3, somewhat true for me | 4, true for me | 5, very true for me | 6, extremely true for me",,,,,,,y,,,swcq,,
swcq_i17_s1_r1_e1,swcq_s1_r1_e1,,radio,"If my performance in schoolwork changes, my feelings of self-worth <i>change</i> as well","1, not at all true for me | 2, a little true for me | 3, somewhat true for me | 4, true for me | 5, very true for me | 6, extremely true for me",,,,,,,y,,,swcq,,
swcq_i18_s1_r1_e1,swcq_s1_r1_e1,,radio,"Other people's approval (or disapproval) does <i>not</i> affect how worthy I feel","1, not at all true for me | 2, a little true for me | 3, somewhat true for me | 4, true for me | 5, very true for me | 6, extremely true for me",,,,,,,y,,,swcq,,
swcq_i19_s1_r1_e1,swcq_s1_r1_e1,,radio,"The way I feel about myself as a person <i>depends</i> a lot on my physical appearance","1, not at all true for me | 2, a little true for me | 3, somewhat true for me | 4, true for me | 5, very true for me | 6, extremely true for me",,,,,,,y,,,swcq,,
swcq_i20_s1_r1_e1,swcq_s1_r1_e1,,radio,"The way I feel about myself <i>depends</i> a lot on my performance in my activities (such as music, dance, sports, or theater)","1, not at all true for me | 2, a little true for me | 3, somewhat true for me | 4, true for me | 5, very true for me | 6, extremely true for me",,,,,,,y,,,swcq,,
swcq_i21_s1_r1_e1,swcq_s1_r1_e1,,radio,"My feelings of self-worth <i>don't</i> change even if my performance in schoolwork changes","1, not at all true for me | 2, a little true for me | 3, somewhat true for me | 4, true for me | 5, very true for me | 6, extremely true for me",,,,,,,y,,,swcq,,
swcq_i22_s1_r1_e1,swcq_s1_r1_e1,,radio,"Other people's feedback does <i>not</i> affect how I feel about myself","1, not at all true for me | 2, a little true for me | 3, somewhat true for me | 4, true for me | 5, very true for me | 6, extremely true for me",,,,,,,y,,,swcq,,
swcq_i23_s1_r1_e1,swcq_s1_r1_e1,,radio,"The way I feel about myself as a person does <i>not</i> depend on my physical appearance","1, not at all true for me | 2, a little true for me | 3, somewhat true for me | 4, true for me | 5, very true for me | 6, extremely true for me",,,,,,,y,,,swcq,,
swcq_i24_s1_r1_e1,swcq_s1_r1_e1,,radio,"Whether or not I reach my goals in my activities (such as music, dance, sports, or theater) strongly <i>affects</i> my feelings of worth","1, not at all true for me | 2, a little true for me | 3, somewhat true for me | 4, true for me | 5, very true for me | 6, extremely true for me",,,,,,,y,,,swcq,,
swcq_i25_s1_r1_e1,swcq_s1_r1_e1,,radio,"My performance in schoolwork <i>makes or breaks</i> the way I feel about myself","1, not at all true for me | 2, a little true for me | 3, somewhat true for me | 4, true for me | 5, very true for me | 6, extremely true for me",,,,,,,y,,,swcq,,
swcq_i26_s1_r1_e1,swcq_s1_r1_e1,,radio,"The way I feel about myself does <i>not</i> depend on what people in my life think of me","1, not at all true for me | 2, a little true for me | 3, somewhat true for me | 4, true for me | 5, very true for me | 6, extremely true for me",,,,,,,y,,,swcq,,
swcq_i27_s1_r1_e1,swcq_s1_r1_e1,,radio,"My physical appearance has <i>no</i> effect on how worthy I feel as a person","1, not at all true for me | 2, a little true for me | 3, somewhat true for me | 4, true for me | 5, very true for me | 6, extremely true for me",,,,,,,y,,,swcq,,
swcq_i28_s1_r1_e1,swcq_s1_r1_e1,,radio,"If my performance in activities (such as music, dance, sports, or theater) changes, my feelings of self-worth <i>change</i> as well","1, not at all true for me | 2, a little true for me | 3, somewhat true for me | 4, true for me | 5, very true for me | 6, extremely true for me",,,,,,,y,,,swcq,,
swcq_i29_s1_r1_e1,swcq_s1_r1_e1,,radio,"Whether or not I reach my goals in school has <i>no</i> effect on how worthy I feel","1, not at all true for me | 2, a little true for me | 3, somewhat true for me | 4, true for me | 5, very true for me | 6, extremely true for me",,,,,,,y,,,swcq,,
swcq_i30_s1_r1_e1,swcq_s1_r1_e1,,radio,"My feelings of self-worth <i>don't</i> change even if other people's feelings about me change","1, not at all true for me | 2, a little true for me | 3, somewhat true for me | 4, true for me | 5, very true for me | 6, extremely true for me",,,,,,,y,,,swcq,,
swcq_i31_s1_r1_e1,swcq_s1_r1_e1,,radio,"If my physical appearance changes, my feelings of self-worth <i>change</i> as well","1, not at all true for me | 2, a little true for me | 3, somewhat true for me | 4, true for me | 5, very true for me | 6, extremely true for me",,,,,,,y,,,swcq,,
swcq_i32_s1_r1_e1,swcq_s1_r1_e1,,radio,"My feelings of self-worth <i>don't</i> change even if my performance in activities (such as music, dance, sports, or theater) changes","1, not at all true for me | 2, a little true for me | 3, somewhat true for me | 4, true for me | 5, very true for me | 6, extremely true for me",,,,,,,y,,,swcq,,
swcq_i33_s1_r1_e1,swcq_s1_r1_e1,"Please rate how important the following is to you on a scale of 1 (not at all) to 4 (extremely important):",radio,Schoolwork:,"1, not at all important | 2, somewhat important | 3, very important | 4, extremely important",,,,,,,y,,,swcq2,,
swcq_i34_s1_r1_e1,swcq_s1_r1_e1,,radio,"People's feelings about you:","1, not at all important | 2, somewhat important | 3, very important | 4, extremely important",,,,,,,y,,,swcq2,,
swcq_i35_s1_r1_e1,swcq_s1_r1_e1,,radio,"Physical appearance:","1, not at all important | 2, somewhat important | 3, very important | 4, extremely important",,,,,,,y,,,swcq2,,
swcq_i36_s1_r1_e1,swcq_s1_r1_e1,,radio,"Activities (such as music, dance, sports, or theater):","1, not at all important | 2, somewhat important | 3, very important | 4, extremely important",,,,,,,y,,,swcq2,,
