﻿"Variable / Field Name","Form Name","Section Header","Field Type","Field Label","Choices, Calculations, OR Slider Labels","Field Note","Text Validation Type OR Show Slider Number","Text Validation Min","Text Validation Max",Identifier?,"Branching Logic (Show field only if...)","Required Field?","Custom Alignment","Question Number (surveys only)","Matrix Group Name","Matrix Ranking?","Field Annotation"
lsaspes_i1_s1_r1_e1,lsaspes_s1_r1_e1,"Hablando por teléfono a compañeros de clase u otras personas.",radio,Miedo,"0, Nada | 1, Leve | 2, Moderado | 3, Severo",,,,,,,y,,,,,
lsaspes_i2_s1_r1_e1,lsaspes_s1_r1_e1,,radio,Evitación,"0, Nunca | 1, A veces | 2, A menudo | 3, Generalmente",,,,,,,y,,,,,
lsaspes_i3_s1_r1_e1,lsaspes_s1_r1_e1,"Participando en una actividad de grupo pequeño en clase.",radio,Miedo,"0, Nada | 1, Leve | 2, Moderado | 3, Severo",,,,,,,y,,,,,
lsaspes_i4_s1_r1_e1,lsaspes_s1_r1_e1,,radio,Evitación,"0, Nunca | 1, A veces | 2, A menudo | 3, Generalmente",,,,,,,y,,,,,
lsaspes_i5_s1_r1_e1,lsaspes_s1_r1_e1,"Comiendo en frente de otros (ej., cafetería de la escuela, restaurante).",radio,Miedo,"0, Nada | 1, Leve | 2, Moderado | 3, Severo",,,,,,,y,,,,,
lsaspes_i6_s1_r1_e1,lsaspes_s1_r1_e1,,radio,Evitación,"0, Nunca | 1, A veces | 2, A menudo | 3, Generalmente",,,,,,,y,,,,,
lsaspes_i7_s1_r1_e1,lsaspes_s1_r1_e1,"Pidiéndole ayuda a un adulto que su hijo/a no conoce (ej., trabajador de una tienda, director de la escuela, policía).",radio,Miedo,"0, Nada | 1, Leve | 2, Moderado | 3, Severo",,,,,,,y,,,,,
lsaspes_i8_s1_r1_e1,lsaspes_s1_r1_e1,,radio,Evitación,"0, Nunca | 1, A veces | 2, A menudo | 3, Generalmente",,,,,,,y,,,,,
lsaspes_i9_s1_r1_e1,lsaspes_s1_r1_e1,"Dando un reporte oral o una presentación en clase.",radio,Miedo,"0, Nada | 1, Leve | 2, Moderado | 3, Severo",,,,,,,y,,,,,
lsaspes_i10_s1_r1_e1,lsaspes_s1_r1_e1,,radio,Evitación,"0, Nunca | 1, A veces | 2, A menudo | 3, Generalmente",,,,,,,y,,,,,
lsaspes_i11_s1_r1_e1,lsaspes_s1_r1_e1,"Yendo a fiestas, reuniones sociales, u otras actividades sociales fuera de la escuela.",radio,Miedo,"0, Nada | 1, Leve | 2, Moderado | 3, Severo",,,,,,,y,,,,,
lsaspes_i12_s1_r1_e1,lsaspes_s1_r1_e1,,radio,Evitación,"0, Nunca | 1, A veces | 2, A menudo | 3, Generalmente",,,,,,,y,,,,,
lsaspes_i13_s1_r1_e1,lsaspes_s1_r1_e1,"Escribiendo en la pizarra en frente de la clase.",radio,Miedo,"0, Nada | 1, Leve | 2, Moderado | 3, Severo",,,,,,,y,,,,,
lsaspes_i14_s1_r1_e1,lsaspes_s1_r1_e1,,radio,Evitación,"0, Nunca | 1, A veces | 2, A menudo | 3, Generalmente",,,,,,,y,,,,,
lsaspes_i15_s1_r1_e1,lsaspes_s1_r1_e1,"Hablando con otros niños que no conoce bien.",radio,Miedo,"0, Nada | 1, Leve | 2, Moderado | 3, Severo",,,,,,,y,,,,,
lsaspes_i16_s1_r1_e1,lsaspes_s1_r1_e1,,radio,Evitación,"0, Nunca | 1, A veces | 2, A menudo | 3, Generalmente",,,,,,,y,,,,,
lsaspes_i17_s1_r1_e1,lsaspes_s1_r1_e1,"Empezando una conversación con gente que no conoce bien.",radio,Miedo,"0, Nada | 1, Leve | 2, Moderado | 3, Severo",,,,,,,y,,,,,
lsaspes_i18_s1_r1_e1,lsaspes_s1_r1_e1,,radio,Evitación,"0, Nunca | 1, A veces | 2, A menudo | 3, Generalmente",,,,,,,y,,,,,
lsaspes_i19_s1_r1_e1,lsaspes_s1_r1_e1,"Usando baños públicos o baños de la escuela.",radio,Miedo,"0, Nada | 1, Leve | 2, Moderado | 3, Severo",,,,,,,y,,,,,
lsaspes_i20_s1_r1_e1,lsaspes_s1_r1_e1,,radio,Evitación,"0, Nunca | 1, A veces | 2, A menudo | 3, Generalmente",,,,,,,y,,,,,
lsaspes_i21_s1_r1_e1,lsaspes_s1_r1_e1,"Entrando a una clase o cualquier otro lugar (ej., iglesia, cafetería) cuando otras personas ya están ahí.",radio,Miedo,"0, Nada | 1, Leve | 2, Moderado | 3, Severo",,,,,,,y,,,,,
lsaspes_i22_s1_r1_e1,lsaspes_s1_r1_e1,,radio,Evitación,"0, Nunca | 1, A veces | 2, A menudo | 3, Generalmente",,,,,,,y,,,,,
lsaspes_i23_s1_r1_e1,lsaspes_s1_r1_e1,"Siendo el centro de atención (ej., fiesta de cumpleaños de su hijo/a).",radio,Miedo,"0, Nada | 1, Leve | 2, Moderado | 3, Severo",,,,,,,y,,,,,
lsaspes_i24_s1_r1_e1,lsaspes_s1_r1_e1,,radio,Evitación,"0, Nunca | 1, A veces | 2, A menudo | 3, Generalmente",,,,,,,y,,,,,
lsaspes_i25_s1_r1_e1,lsaspes_s1_r1_e1,"Haciendo preguntas en clase.",radio,Miedo,"0, Nada | 1, Leve | 2, Moderado | 3, Severo",,,,,,,y,,,,,
lsaspes_i26_s1_r1_e1,lsaspes_s1_r1_e1,,radio,Evitación,"0, Nunca | 1, A veces | 2, A menudo | 3, Generalmente",,,,,,,y,,,,,
lsaspes_i27_s1_r1_e1,lsaspes_s1_r1_e1,"Respondiendo preguntas en clase.",radio,Miedo,"0, Nada | 1, Leve | 2, Moderado | 3, Severo",,,,,,,y,,,,,
lsaspes_i28_s1_r1_e1,lsaspes_s1_r1_e1,,radio,Evitación,"0, Nunca | 1, A veces | 2, A menudo | 3, Generalmente",,,,,,,y,,,,,
lsaspes_i29_s1_r1_e1,lsaspes_s1_r1_e1,"Leyendo en voz alta en clase.",radio,Miedo,"0, Nada | 1, Leve | 2, Moderado | 3, Severo",,,,,,,y,,,,,
lsaspes_i30_s1_r1_e1,lsaspes_s1_r1_e1,,radio,Evitación,"0, Nunca | 1, A veces | 2, A menudo | 3, Generalmente",,,,,,,y,,,,,
lsaspes_i31_s1_r1_e1,lsaspes_s1_r1_e1,"Tomando exámenes.",radio,Miedo,"0, Nada | 1, Leve | 2, Moderado | 3, Severo",,,,,,,y,,,,,
lsaspes_i32_s1_r1_e1,lsaspes_s1_r1_e1,,radio,Evitación,"0, Nunca | 1, A veces | 2, A menudo | 3, Generalmente",,,,,,,y,,,,,
lsaspes_i33_s1_r1_e1,lsaspes_s1_r1_e1,"Diciendo ""no"" cuando le piden que haga cosas que el/ella no quiere hacer (ej., darle prestado algo o que miren su tarea).",radio,Miedo,"0, Nada | 1, Leve | 2, Moderado | 3, Severo",,,,,,,y,,,,,
lsaspes_i34_s1_r1_e1,lsaspes_s1_r1_e1,,radio,Evitación,"0, Nunca | 1, A veces | 2, A menudo | 3, Generalmente",,,,,,,y,,,,,
lsaspes_i35_s1_r1_e1,lsaspes_s1_r1_e1,"Su hijo/a diciéndole a personas que no está de acuerdo con ellos o que está molesto/a con ellos.",radio,Miedo,"0, Nada | 1, Leve | 2, Moderado | 3, Severo",,,,,,,y,,,,,
lsaspes_i36_s1_r1_e1,lsaspes_s1_r1_e1,,radio,Evitación,"0, Nunca | 1, A veces | 2, A menudo | 3, Generalmente",,,,,,,y,,,,,
lsaspes_i37_s1_r1_e1,lsaspes_s1_r1_e1,"Mirándole a los ojos a personas que su hijo/a no conoce bien.",radio,Miedo,"0, Nada | 1, Leve | 2, Moderado | 3, Severo",,,,,,,y,,,,,
lsaspes_i38_s1_r1_e1,lsaspes_s1_r1_e1,,radio,Evitación,"0, Nunca | 1, A veces | 2, A menudo | 3, Generalmente",,,,,,,y,,,,,
lsaspes_i39_s1_r1_e1,lsaspes_s1_r1_e1,"Haciendo preguntas en una tienda (ej., para cambiar algo).",radio,Miedo,"0, Nada | 1, Leve | 2, Moderado | 3, Severo",,,,,,,y,,,,,
lsaspes_i40_s1_r1_e1,lsaspes_s1_r1_e1,,radio,Evitación,"0, Nunca | 1, A veces | 2, A menudo | 3, Generalmente",,,,,,,y,,,,,
lsaspes_i41_s1_r1_e1,lsaspes_s1_r1_e1,"Jugando un deporte o actuando delante de otra gente (ej., una obra de la escuela, una actuación musical).",radio,Miedo,"0, Nada | 1, Leve | 2, Moderado | 3, Severo",,,,,,,y,,,,,
lsaspes_i42_s1_r1_e1,lsaspes_s1_r1_e1,,radio,Evitación,"0, Nunca | 1, A veces | 2, A menudo | 3, Generalmente",,,,,,,y,,,,,
lsaspes_i43_s1_r1_e1,lsaspes_s1_r1_e1,"Unirse a un club o a un grupo.",radio,Miedo,"0, Nada | 1, Leve | 2, Moderado | 3, Severo",,,,,,,y,,,,,
lsaspes_i44_s1_r1_e1,lsaspes_s1_r1_e1,,radio,Evitación,"0, Nunca | 1, A veces | 2, A menudo | 3, Generalmente",,,,,,,y,,,,,
lsaspes_i45_s1_r1_e1,lsaspes_s1_r1_e1,"Conociendo a gente nueva.",radio,Miedo,"0, Nada | 1, Leve | 2, Moderado | 3, Severo",,,,,,,y,,,,,
lsaspes_i46_s1_r1_e1,lsaspes_s1_r1_e1,,radio,Evitación,"0, Nunca | 1, A veces | 2, A menudo | 3, Generalmente",,,,,,,y,,,,,
lsaspes_i47_s1_r1_e1,lsaspes_s1_r1_e1,"Pidiéndole permiso a un/a profesor/a para salir de la clase (ej., para ir al baño o a ver a la enfermera de la escuela).",radio,Miedo,"0, Nada | 1, Leve | 2, Moderado | 3, Severo",,,,,,,y,,,,,
lsaspes_i48_s1_r1_e1,lsaspes_s1_r1_e1,,radio,Evitación,"0, Nunca | 1, A veces | 2, A menudo | 3, Generalmente",,,,,,,y,,,,,
