"Variable / Field Name","Form Name","Section Header","Field Type","Field Label","Choices, Calculations, OR Slider Labels","Field Note","Text Validation Type OR Show Slider Number","Text Validation Min","Text Validation Max",Identifier?,"Branching Logic (Show field only if...)","Required Field?","Custom Alignment","Question Number (surveys only)","Matrix Group Name","Matrix Ranking?","Field Annotation"
idea_i1_s1_r1_e1,idea_s1_r1_e1,"Is this period of your life a...",radio,"time of many possibilities?","1, Strongly disagree | 2, Somewhat disagree | 3, Somewhat agree | 4, Strongly agree",,,,,,,y,,,idea_s1_r1_e1,,
idea_i2_s1_r1_e1,idea_s1_r1_e1,,radio,"time of exploration?","1, Strongly disagree | 2, Somewhat disagree | 3, Somewhat agree | 4, Strongly agree",,,,,,,y,,,idea_s1_r1_e1,,
idea_i3_s1_r1_e1,idea_s1_r1_e1,,radio,"time of confusion?","1, Strongly disagree | 2, Somewhat disagree | 3, Somewhat agree | 4, Strongly agree",,,,,,,y,,,idea_s1_r1_e1,,
idea_i4_s1_r1_e1,idea_s1_r1_e1,,radio,"time of experimentation?","1, Strongly disagree | 2, Somewhat disagree | 3, Somewhat agree | 4, Strongly agree",,,,,,,y,,,idea_s1_r1_e1,,
idea_i5_s1_r1_e1,idea_s1_r1_e1,,radio,"time of personal freedom?","1, Strongly disagree | 2, Somewhat disagree | 3, Somewhat agree | 4, Strongly agree",,,,,,,y,,,idea_s1_r1_e1,,
idea_i6_s1_r1_e1,idea_s1_r1_e1,,radio,"time of feeling restricted?","1, Strongly disagree | 2, Somewhat disagree | 3, Somewhat agree | 4, Strongly agree",,,,,,,y,,,idea_s1_r1_e1,,
idea_i7_s1_r1_e1,idea_s1_r1_e1,,radio,"time of responsibility for yourself?","1, Strongly disagree | 2, Somewhat disagree | 3, Somewhat agree | 4, Strongly agree",,,,,,,y,,,idea_s1_r1_e1,,
idea_i8_s1_r1_e1,idea_s1_r1_e1,,radio,"time of feeling stressed out?","1, Strongly disagree | 2, Somewhat disagree | 3, Somewhat agree | 4, Strongly agree",,,,,,,y,,,idea_s1_r1_e1,,
idea_i9_s1_r1_e1,idea_s1_r1_e1,,radio,"time of instability?","1, Strongly disagree | 2, Somewhat disagree | 3, Somewhat agree | 4, Strongly agree",,,,,,,y,,,idea_s1_r1_e1,,
idea_i10_s1_r1_e1,idea_s1_r1_e1,,radio,"time of optimism?","1, Strongly disagree | 2, Somewhat disagree | 3, Somewhat agree | 4, Strongly agree",,,,,,,y,,,idea_s1_r1_e1,,
idea_i11_s1_r1_e1,idea_s1_r1_e1,,radio,"time of high pressure?","1, Strongly disagree | 2, Somewhat disagree | 3, Somewhat agree | 4, Strongly agree",,,,,,,y,,,idea_s1_r1_e1,,
idea_i12_s1_r1_e1,idea_s1_r1_e1,,radio,"time of finding out who you are?","1, Strongly disagree | 2, Somewhat disagree | 3, Somewhat agree | 4, Strongly agree",,,,,,,y,,,idea_s1_r1_e1,,
idea_i13_s1_r1_e1,idea_s1_r1_e1,,radio,"time of settling down?","1, Strongly disagree | 2, Somewhat disagree | 3, Somewhat agree | 4, Strongly agree",,,,,,,y,,,idea_s1_r1_e1,,
idea_i14_s1_r1_e1,idea_s1_r1_e1,,radio,"time of responsibility for others?","1, Strongly disagree | 2, Somewhat disagree | 3, Somewhat agree | 4, Strongly agree",,,,,,,y,,,idea_s1_r1_e1,,
idea_i15_s1_r1_e1,idea_s1_r1_e1,,radio,"time of independence?","1, Strongly disagree | 2, Somewhat disagree | 3, Somewhat agree | 4, Strongly agree",,,,,,,y,,,idea_s1_r1_e1,,
idea_i16_s1_r1_e1,idea_s1_r1_e1,,radio,"time of open choices?","1, Strongly disagree | 2, Somewhat disagree | 3, Somewhat agree | 4, Strongly agree",,,,,,,y,,,idea_s1_r1_e1,,
idea_i17_s1_r1_e1,idea_s1_r1_e1,,radio,"time of unpredictability?","1, Strongly disagree | 2, Somewhat disagree | 3, Somewhat agree | 4, Strongly agree",,,,,,,y,,,idea_s1_r1_e1,,
idea_i18_s1_r1_e1,idea_s1_r1_e1,,radio,"time of commitments to others?","1, Strongly disagree | 2, Somewhat disagree | 3, Somewhat agree | 4, Strongly agree",,,,,,,y,,,idea_s1_r1_e1,,
idea_i19_s1_r1_e1,idea_s1_r1_e1,,radio,"time of self-sufficiency?","1, Strongly disagree | 2, Somewhat disagree | 3, Somewhat agree | 4, Strongly agree",,,,,,,y,,,idea_s1_r1_e1,,
idea_i20_s1_r1_e1,idea_s1_r1_e1,,radio,"time of many worries?","1, Strongly disagree | 2, Somewhat disagree | 3, Somewhat agree | 4, Strongly agree",,,,,,,y,,,idea_s1_r1_e1,,
idea_i21_s1_r1_e1,idea_s1_r1_e1,,radio,"time of trying out new things?","1, Strongly disagree | 2, Somewhat disagree | 3, Somewhat agree | 4, Strongly agree",,,,,,,y,,,idea_s1_r1_e1,,
idea_i22_s1_r1_e1,idea_s1_r1_e1,,radio,"time of focusing on yourself?","1, Strongly disagree | 2, Somewhat disagree | 3, Somewhat agree | 4, Strongly agree",,,,,,,y,,,idea_s1_r1_e1,,
idea_i23_s1_r1_e1,idea_s1_r1_e1,,radio,"time of separating from parents?","1, Strongly disagree | 2, Somewhat disagree | 3, Somewhat agree | 4, Strongly agree",,,,,,,y,,,idea_s1_r1_e1,,
idea_i24_s1_r1_e1,idea_s1_r1_e1,,radio,"time of defining yourself?","1, Strongly disagree | 2, Somewhat disagree | 3, Somewhat agree | 4, Strongly agree",,,,,,,y,,,idea_s1_r1_e1,,
idea_i25_s1_r1_e1,idea_s1_r1_e1,,radio,"time of planning for the future?","1, Strongly disagree | 2, Somewhat disagree | 3, Somewhat agree | 4, Strongly agree",,,,,,,y,,,idea_s1_r1_e1,,
idea_i26_s1_r1_e1,idea_s1_r1_e1,,radio,"time of seeking a sense of meaning?","1, Strongly disagree | 2, Somewhat disagree | 3, Somewhat agree | 4, Strongly agree",,,,,,,y,,,idea_s1_r1_e1,,
idea_i27_s1_r1_e1,idea_s1_r1_e1,,radio,"time of deciding on your own beliefs and values?","1, Strongly disagree | 2, Somewhat disagree | 3, Somewhat agree | 4, Strongly agree",,,,,,,y,,,idea_s1_r1_e1,,
idea_i28_s1_r1_e1,idea_s1_r1_e1,,radio,"time of learning to think for yourself?","1, Strongly disagree | 2, Somewhat disagree | 3, Somewhat agree | 4, Strongly agree",,,,,,,y,,,idea_s1_r1_e1,,
idea_i29_s1_r1_e1,idea_s1_r1_e1,,radio,"time of feeling adult in some ways but not others?","1, Strongly disagree | 2, Somewhat disagree | 3, Somewhat agree | 4, Strongly agree",,,,,,,y,,,idea_s1_r1_e1,,
idea_i30_s1_r1_e1,idea_s1_r1_e1,,radio,"time of gradually becoming an adult?","1, Strongly disagree | 2, Somewhat disagree | 3, Somewhat agree | 4, Strongly agree",,,,,,,y,,,idea_s1_r1_e1,,
idea_i31_s1_r1_e1,idea_s1_r1_e1,,radio,"time of being not sure whether you have reached full adulthood?","1, Strongly disagree | 2, Somewhat disagree | 3, Somewhat agree | 4, Strongly agree",,,,,,,y,,,idea_s1_r1_e1,,
