"Variable / Field Name","Form Name","Section Header","Field Type","Field Label","Choices, Calculations, OR Slider Labels","Field Note","Text Validation Type OR Show Slider Number","Text Validation Min","Text Validation Max",Identifier?,"Branching Logic (Show field only if...)","Required Field?","Custom Alignment","Question Number (surveys only)","Matrix Group Name","Matrix Ranking?","Field Annotation"
pdsf_i1_s1_r1_e1,pdsf_s1_r1_e1,,radio,"Would you say your growth in height... ","1, Has not yet begun to spurt (""spurt"" means more growth than usual) | 2, Has barely started | 3, Is definitely underway | 4, Seems completed | NA, I don't know",,,,,,,y,LV,1.,,,
pdsf_i2_s1_r1_e1,pdsf_s1_r1_e1,,radio,"And how about the growth of body hair (""body hair"" means underarm and pubic hair)? Would you say that your body hair...","1, Has not yet started growing | 2, Has barely started growing | 3, Is definitely underway | 4, Seems completed | NA, I don't know",,,,,,,y,LV,2.,,,
pdsf_i3_s1_r1_e1,pdsf_s1_r1_e1,,radio,"Have you noticed any skin changes, especially pimples?","1, Not yet started showing changes | 2, Have barely started showing changes | 3, Skin changes are definitely underway | 4, Skin changes seem completed | NA, I don't know",,,,,,,y,LV,3.,,,
pdsf_i4_s1_r1_e1,pdsf_s1_r1_e1,,radio,"Have your breasts begun to grow?","1, Not yet started growing | 2, Has barely started changing | 3, Breast growth is definitely underway | 4, Breast growth seems completed | NA, I don't know",,,,,,,y,LV,4.,,,
pdsf_i5_s1_r1_e1,pdsf_s1_r1_e1,,radio,"Have you begun to menstruate or get your period?","1, No | 4, Yes",,,,,,,y,LV,5.,,,
pdsf_i6_s1_r1_e1,pdsf_s1_r1_e1,,text,"How old were you when you first menstruated or got your period?",,"Years and Months",,,,,"[pdsf_i5_s1_r1_e1]=""4""",,LV,6.,,,
