"Variable / Field Name","Form Name","Section Header","Field Type","Field Label","Choices, Calculations, OR Slider Labels","Field Note","Text Validation Type OR Show Slider Number","Text Validation Min","Text Validation Max",Identifier?,"Branching Logic (Show field only if...)","Required Field?","Custom Alignment","Question Number (surveys only)","Matrix Group Name","Matrix Ranking?","Field Annotation"
covid_c_i1_s1_r1_e1,covid_c_s1_r1_e1,,radio,"The Coronavirus (COVID-19) has impacted me negatively from a financial point of view.","1, not true of me at all | 2,  | 3,  | 4,  | 5,  | 6,  | 7, very true of me",,,,,,,y,,,covid_c,,
covid_c_i2_s1_r1_e1,covid_c_s1_r1_e1,,radio,"I have lost job-related income due to the Coronavirus (COVID-19).","1, not true of me at all | 2,  | 3,  | 4,  | 5,  | 6,  | 7, very true of me",,,,,,,y,,,covid_c,,
covid_c_i3_s1_r1_e1,covid_c_s1_r1_e1,,radio,"I have had a hard time getting needed resources (food, toilet paper) due to the Coronavirus (COVID-19).","1, not true of me at all | 2,  | 3,  | 4,  | 5,  | 6,  | 7, very true of me",,,,,,,y,,,covid_c,,
covid_c_i4_s1_r1_e1,covid_c_s1_r1_e1,,radio,"It has been difficult for me to get the things I need due to the Coronavirus (COVID-19).","1, not true of me at all | 2,  | 3,  | 4,  | 5,  | 6,  | 7, very true of me",,,,,,,y,,,covid_c,,
covid_c_i5_s1_r1_e1,covid_c_s1_r1_e1,,radio,"I have become depressed because of the Coronavirus (COVID-19).","1, not true of me at all | 2,  | 3,  | 4,  | 5,  | 6,  | 7, very true of me",,,,,,,y,,,covid_c,,
covid_c_i6_s1_r1_e1,covid_c_s1_r1_e1,,radio,"The Coronavirus (COVID-19) outbreak has impacted my psychological health negatively.","1, not true of me at all | 2,  | 3,  | 4,  | 5,  | 6,  | 7, very true of me",,,,,,,y,,,covid_c,,
