"Variable / Field Name","Form Name","Section Header","Field Type","Field Label","Choices, Calculations, OR Slider Labels","Field Note","Text Validation Type OR Show Slider Number","Text Validation Min","Text Validation Max",Identifier?,"Branching Logic (Show field only if...)","Required Field?","Custom Alignment","Question Number (surveys only)","Matrix Group Name","Matrix Ranking?","Field Annotation"
pdsm_i1_s1_r1_e1,pdsm_s1_r1_e1,,radio,"Would you say your growth in height... ","1, Has not yet begun to spurt (""spurt"" means more growth than usual) | 2, Has barely started | 3, Is definitely underway | 4, Seems completed | NA, I don't know",,,,,,,y,LV,1.,,,
pdsm_i2_s1_r1_e1,pdsm_s1_r1_e1,,radio,"And how about the growth of body hair (""body hair"" means underarm and pubic hair)? Would you say that your body hair...","1, Has not yet started growing | 2, Has barely started growing | 3, Is definitely underway | 4, Seems completed | NA, I don't know",,,,,,,y,LV,2.,,,
pdsm_i3_s1_r1_e1,pdsm_s1_r1_e1,,radio,"Have you noticed any skin changes, especially pimples?","1, Not yet started showing changes | 2, Have barely started showing changes | 3, Skin changes are definitely underway | 4, Skin changes seem completed | NA, I don't know",,,,,,,y,LV,3.,,,
pdsm_i4_s1_r1_e1,pdsm_s1_r1_e1,,radio,"Have you noticed a deepening of your voice?","1, Not yet started changing | 2, Has barely started changing | 3, Voice change is definitely underway | 4, Voice change seems completed | NA, I don't know",,,,,,,y,LV,4.,,,
pdsm_i5_s1_r1_e1,pdsm_s1_r1_e1,,radio,"Have you begun to grow hair on your face?","1, Not yet started growing hair | 2, Have barely started growing hair | 3, Facial hair growth is definitely underway | 4, Facial hair growth seems completed | NA, I don't know",,,,,,,y,LV,5.,,,
