﻿"Variable / Field Name","Form Name","Section Header","Field Type","Field Label","Choices, Calculations, OR Slider Labels","Field Note","Text Validation Type OR Show Slider Number","Text Validation Min","Text Validation Max",Identifier?,"Branching Logic (Show field only if...)","Required Field?","Custom Alignment","Question Number (surveys only)","Matrix Group Name","Matrix Ranking?","Field Annotation"
psceies_i1_s1_r1_e1,psceies_s1_r1_e1,,radio,"Cuando noto un error que cometió mi niño/a, me siento disgustado/a.","1, Para nada como usted | 2, Un poco como usted | 3, Moderadamente como usted | 4, Bastante como usted | 5, Extremadamente como usted",,,,,,,y,,,psceies,,
psceies_i2_s1_r1_e1,psceies_s1_r1_e1,,radio,"Siento mi estomago caer cuando veo a mi niño/a cometer un error.","1, Para nada como usted | 2, Un poco como usted | 3, Moderadamente como usted | 4, Bastante como usted | 5, Extremadamente como usted",,,,,,,y,,,psceies,,
psceies_i3_s1_r1_e1,psceies_s1_r1_e1,,radio,"Si mi niño/a comete un error, siento un fuerte impulso de arreglarlo inmediatamente.","1, Para nada como usted | 2, Un poco como usted | 3, Moderadamente como usted | 4, Bastante como usted | 5, Extremadamente como usted",,,,,,,y,,,psceies,,
psceies_i4_s1_r1_e1,psceies_s1_r1_e1,,radio,"Cuando alguien nota que mi niño/a hizo algo incorrectamente, me siento disgustado/a.","1, Para nada como usted | 2, Un poco como usted | 3, Moderadamente como usted | 4, Bastante como usted | 5, Extremadamente como usted",,,,,,,y,,,psceies,,
psceies_i5_s1_r1_e1,psceies_s1_r1_e1,,radio,"Tengo miedo de que mi niño/a cometa errores frente a otras personas.","1, Para nada como usted | 2, Un poco como usted | 3, Moderadamente como usted | 4, Bastante como usted | 5, Extremadamente como usted",,,,,,,y,,,psceies,,
psceies_i6_s1_r1_e1,psceies_s1_r1_e1,,radio,"Siento un impulso de revisar las cosas que ha hecho mi niño/a para asegurarme de que no haya cometido un error.","1, Para nada como usted | 2, Un poco como usted | 3, Moderadamente como usted | 4, Bastante como usted | 5, Extremadamente como usted",,,,,,,y,,,psceies,,
psceies_i7_s1_r1_e1,psceies_s1_r1_e1,,radio,"Si mi niño/a comete un error y no puedo arreglarlo, siento que ""algo no está bien.""","1, Para nada como usted | 2, Un poco como usted | 3, Moderadamente como usted | 4, Bastante como usted | 5, Extremadamente como usted",,,,,,,y,,,psceies,,
psceies_i8_s1_r1_e1,psceies_s1_r1_e1,,radio,"Tengo una fuerte necesidad de que mi niño/a haga las cosas casi perfectamente.","1, Para nada como usted | 2, Un poco como usted | 3, Moderadamente como usted | 4, Bastante como usted | 5, Extremadamente como usted",,,,,,,y,,,psceies,,
psceies_i9_s1_r1_e1,psceies_s1_r1_e1,,radio,"Me siento disgustado/a cuando otras personas critican algo que ha hecho mi niño/a.","1, Para nada como usted | 2, Un poco como usted | 3, Moderadamente como usted | 4, Bastante como usted | 5, Extremadamente como usted",,,,,,,y,,,psceies,,
psceies_i10_s1_r1_e1,psceies_s1_r1_e1,,radio,"Cuando mi niño/a comete un error, me siento ansioso/a.","1, Para nada como usted | 2, Un poco como usted | 3, Moderadamente como usted | 4, Bastante como usted | 5, Extremadamente como usted",,,,,,,y,,,psceies,,
psceies_i11_s1_r1_e1,psceies_s1_r1_e1,,radio,"A menudo quiero asegurarme que algo que mi niño haya hecho sea ""adecuado"" o perfecto.","1, Para nada como usted | 2, Un poco como usted | 3, Moderadamente como usted | 4, Bastante como usted | 5, Extremadamente como usted",,,,,,,y,,,psceies,,
psceies_i12_s1_r1_e1,psceies_s1_r1_e1,,radio,"Cuando alguien nota un error que cometió mi niño/a, me siento más disgustado/a que otras personas.","1, Para nada como usted | 2, Un poco como usted | 3, Moderadamente como usted | 4, Bastante como usted | 5, Extremadamente como usted",,,,,,,y,,,psceies,,
psceies_i13_s1_r1_e1,psceies_s1_r1_e1,,radio,"Me preocupo más por los errores de mi niño/a que los errores de otras personas.","1, Para nada como usted | 2, Un poco como usted | 3, Moderadamente como usted | 4, Bastante como usted | 5, Extremadamente como usted",,,,,,,y,,,psceies,,
psceies_i14_s1_r1_e1,psceies_s1_r1_e1,,radio,"Luego de que mi niño/a comete un error, pienso en eso por un largo tiempo.","1, Para nada como usted | 2, Un poco como usted | 3, Moderadamente como usted | 4, Bastante como usted | 5, Extremadamente como usted",,,,,,,y,,,psceies,,
psceies_i15_s1_r1_e1,psceies_s1_r1_e1,,radio,"El hecho de que mi niño cometa errores significa que soy menos buena persona.","1, Para nada como usted | 2, Un poco como usted | 3, Moderadamente como usted | 4, Bastante como usted | 5, Extremadamente como usted",,,,,,,y,,,psceies,,
psceies_i16_s1_r1_e1,psceies_s1_r1_e1,,radio,"Cuando mi niño/a comete un error, comienzo a sudar o sonrrojarme.","1, Para nada como usted | 2, Un poco como usted | 3, Moderadamente como usted | 4, Bastante como usted | 5, Extremadamente como usted",,,,,,,y,,,psceies,,
psceies_i17_s1_r1_e1,psceies_s1_r1_e1,,radio,"Me gusta sentirme en control de mi niño/a más que otras personas.","1, Para nada como usted | 2, Un poco como usted | 3, Moderadamente como usted | 4, Bastante como usted | 5, Extremadamente como usted",,,,,,,y,,,psceies,,
psceies_i18_s1_r1_e1,psceies_s1_r1_e1,,radio,"El hecho de que mi niño sea bueno/a en algo significa que no comete errores.","1, Para nada como usted | 2, Un poco como usted | 3, Moderadamente como usted | 4, Bastante como usted | 5, Extremadamente como usted",,,,,,,y,,,psceies,,
psceies_i19_s1_r1_e1,psceies_s1_r1_e1,,radio,"Me importa que mi niño/a cometa errores durante tareas tontas, incluso cuando sé que no tiene importancia.","1, Para nada como usted | 2, Un poco como usted | 3, Moderadamente como usted | 4, Bastante como usted | 5, Extremadamente como usted",,,,,,,y,,,psceies,,
psceies_i20_s1_r1_e1,psceies_s1_r1_e1,,radio,"Me gusta observar a mi niño/a hacer cosas para asegurarme que no cometa errores.","1, Para nada como usted | 2, Un poco como usted | 3, Moderadamente como usted | 4, Bastante como usted | 5, Extremadamente como usted",,,,,,,y,,,psceies,,
