"Variable / Field Name","Form Name","Section Header","Field Type","Field Label","Choices, Calculations, OR Slider Labels","Field Note","Text Validation Type OR Show Slider Number","Text Validation Min","Text Validation Max",Identifier?,"Branching Logic (Show field only if...)","Required Field?","Custom Alignment","Question Number (surveys only)","Matrix Group Name","Matrix Ranking?","Field Annotation"
rpbic_i1_s1_r1_e1,rpbic_s1_r1_e1,"The caregiver who brought me here today is a person who...",radio,"Makes me feel better after talking over my worries with them.","0, not like | 1, somewhat like | 2, a lot like",,,,,,,y,,,rpbic,,
rpbic_i2_s1_r1_e1,rpbic_s1_r1_e1,,radio,"Tells me of all the things they have done for me.","0, not like | 1, somewhat like | 2, a lot like",,,,,,,y,,,rpbic,,
rpbic_i3_s1_r1_e1,rpbic_s1_r1_e1,,radio,"Believes in having a lot of rules and sticking to them.","0, not like | 1, somewhat like | 2, a lot like",,,,,,,y,,,rpbic,,
rpbic_i4_s1_r1_e1,rpbic_s1_r1_e1,,radio,"Smiles at me very often.","0, not like | 1, somewhat like | 2, a lot like",,,,,,,y,,,rpbic,,
rpbic_i5_s1_r1_e1,rpbic_s1_r1_e1,,radio,"Says, if I really cared for them, I would not do things that cause them to worry.","0, not like | 1, somewhat like | 2, a lot like",,,,,,,y,,,rpbic,,
rpbic_i6_s1_r1_e1,rpbic_s1_r1_e1,,radio,"Insists that I must do exactly as I am told.","0, not like | 1, somewhat like | 2, a lot like",,,,,,,y,,,rpbic,,
rpbic_i7_s1_r1_e1,rpbic_s1_r1_e1,,radio,"Is able to make me feel better when I am upset.","0, not like | 1, somewhat like | 2, a lot like",,,,,,,y,,,rpbic,,
rpbic_i8_s1_r1_e1,rpbic_s1_r1_e1,,radio,"Is always telling me how I should behave.","0, not like | 1, somewhat like | 2, a lot like",,,,,,,y,,,rpbic,,
rpbic_i9_s1_r1_e1,rpbic_s1_r1_e1,,radio,"Is very strict with me.","0, not like | 1, somewhat like | 2, a lot like",,,,,,,y,,,rpbic,,
rpbic_i10_s1_r1_e1,rpbic_s1_r1_e1,,radio,"Enjoys doing things with me.","0, not like | 1, somewhat like | 2, a lot like",,,,,,,y,,,rpbic,,
rpbic_i11_s1_r1_e1,rpbic_s1_r1_e1,,radio,"Would like to be able to tell me what to do all the time.","0, not like | 1, somewhat like | 2, a lot like",,,,,,,y,,,rpbic,,
rpbic_i12_s1_r1_e1,rpbic_s1_r1_e1,,radio,"Gives hard punishment.","0, not like | 1, somewhat like | 2, a lot like",,,,,,,y,,,rpbic,,
rpbic_i13_s1_r1_e1,rpbic_s1_r1_e1,,radio,"Cheers me up when I am sad.","0, not like | 1, somewhat like | 2, a lot like",,,,,,,y,,,rpbic,,
rpbic_i14_s1_r1_e1,rpbic_s1_r1_e1,,radio,"Wants to control whatever I do.","0, not like | 1, somewhat like | 2, a lot like",,,,,,,y,,,rpbic,,
rpbic_i15_s1_r1_e1,rpbic_s1_r1_e1,,radio,"Is easy with me.","0, not like | 1, somewhat like | 2, a lot like",,,,,,,y,,,rpbic,,
rpbic_i16_s1_r1_e1,rpbic_s1_r1_e1,,radio,"Gives me a lot of care and attention.","0, not like | 1, somewhat like | 2, a lot like",,,,,,,y,,,rpbic,,
rpbic_i17_s1_r1_e1,rpbic_s1_r1_e1,,radio,"Is always trying to change me.","0, not like | 1, somewhat like | 2, a lot like",,,,,,,y,,,rpbic,,
rpbic_i18_s1_r1_e1,rpbic_s1_r1_e1,,radio,"Lets me off easy when I do something wrong.","0, not like | 1, somewhat like | 2, a lot like",,,,,,,y,,,rpbic,,
rpbic_i19_s1_r1_e1,rpbic_s1_r1_e1,,radio,"Makes me feel like the most important person in their life.","0, not like | 1, somewhat like | 2, a lot like",,,,,,,y,,,rpbic,,
rpbic_i20_s1_r1_e1,rpbic_s1_r1_e1,,radio,"Only keeps rules when it suits them.","0, not like | 1, somewhat like | 2, a lot like",,,,,,,y,,,rpbic,,
rpbic_i21_s1_r1_e1,rpbic_s1_r1_e1,,radio,"Gives me as much freedom as I want.","0, not like | 1, somewhat like | 2, a lot like",,,,,,,y,,,rpbic,,
rpbic_i22_s1_r1_e1,rpbic_s1_r1_e1,,radio,"Believes in showing their love for me.","0, not like | 1, somewhat like | 2, a lot like",,,,,,,y,,,rpbic,,
rpbic_i23_s1_r1_e1,rpbic_s1_r1_e1,,radio,"Is less friendly with me if I do not see things their way.","0, not like | 1, somewhat like | 2, a lot like",,,,,,,y,,,rpbic,,
rpbic_i24_s1_r1_e1,rpbic_s1_r1_e1,,radio,"Lets me go any place I please without asking.","0, not like | 1, somewhat like | 2, a lot like",,,,,,,y,,,rpbic,,
rpbic_i25_s1_r1_e1,rpbic_s1_r1_e1,,radio,"Often praises me.","0, not like | 1, somewhat like | 2, a lot like",,,,,,,y,,,rpbic,,
rpbic_i26_s1_r1_e1,rpbic_s1_r1_e1,,radio,"Will avoid looking at me when I have disappointed them.","0, not like | 1, somewhat like | 2, a lot like",,,,,,,y,,,rpbic,,
rpbic_i27_s1_r1_e1,rpbic_s1_r1_e1,,radio,"Lets me go out any evening I want.","0, not like | 1, somewhat like | 2, a lot like",,,,,,,y,,,rpbic,,
rpbic_i28_s1_r1_e1,rpbic_s1_r1_e1,,radio,"Is easy to talk to.","0, not like | 1, somewhat like | 2, a lot like",,,,,,,y,,,rpbic,,
rpbic_i29_s1_r1_e1,rpbic_s1_r1_e1,,radio,"If I hurt their feelings, stops talking to me until I please them again.","0, not like | 1, somewhat like | 2, a lot like",,,,,,,y,,,rpbic,,
rpbic_i30_s1_r1_e1,rpbic_s1_r1_e1,,radio,"Lets me do anything I like to do.","0, not like | 1, somewhat like | 2, a lot like",,,,,,,y,,,rpbic,,
