"Variable / Field Name","Form Name","Section Header","Field Type","Field Label","Choices, Calculations, OR Slider Labels","Field Note","Text Validation Type OR Show Slider Number","Text Validation Min","Text Validation Max",Identifier?,"Branching Logic (Show field only if...)","Required Field?","Custom Alignment","Question Number (surveys only)","Matrix Group Name","Matrix Ranking?","Field Annotation"
dsmxc_i1_s1_r1_e1,dsmxc_s1_r1_e1,,radio,"During the past two weeks, how often have you been bothered by stomachaches, headaches, or other aches and pains?","0, Not at all | 1, Rare, less than a day or two | 2, Several days | 3, More than half the days | 4, Nearly every day",,,,,,,y,,,dsmxc,,
dsmxc_i2_s1_r1_e1,dsmxc_s1_r1_e1,,radio,"During the past two weeks, how often have you worried about your health or about getting sick?","0, Not at all | 1, Rare, less than a day or two | 2, Several days | 3, More than half the days | 4, Nearly every day",,,,,,,y,,,dsmxc,,
dsmxc_i3_s1_r1_e1,dsmxc_s1_r1_e1,,radio,"During the past two weeks, how often have you been bothered by not being able to fall asleep or stay asleep, or by waking up too early?","0, Not at all | 1, Rare, less than a day or two | 2, Several days | 3, More than half the days | 4, Nearly every day",,,,,,,y,,,dsmxc,,
dsmxc_i4_s1_r1_e1,dsmxc_s1_r1_e1,,radio,"During the past two weeks, how often have you been bothered by not being able to pay attention when you were in class or doing homework or reading a book or playing a game?","0, Not at all | 1, Rare, less than a day or two | 2, Several days | 3, More than half the days | 4, Nearly every day",,,,,,,y,,,dsmxc,,
dsmxc_i5_s1_r1_e1,dsmxc_s1_r1_e1,,radio,"During the past two weeks, how often have you had less fun doing things than you used to?","0, Not at all | 1, Rare, less than a day or two | 2, Several days | 3, More than half the days | 4, Nearly every day",,,,,,,y,,,dsmxc,,
dsmxc_i6_s1_r1_e1,dsmxc_s1_r1_e1,,radio,"During the past two weeks, how often have you felt sad or depressed for several hours?","0, Not at all | 1, Rare, less than a day or two | 2, Several days | 3, More than half the days | 4, Nearly every day",,,,,,,y,,,dsmxc,,
dsmxc_i7_s1_r1_e1,dsmxc_s1_r1_e1,,radio,"During the past two weeks, how often have you felt more irritated or easily annoyed than usual?","0, Not at all | 1, Rare, less than a day or two | 2, Several days | 3, More than half the days | 4, Nearly every day",,,,,,,y,,,dsmxc,,
dsmxc_i8_s1_r1_e1,dsmxc_s1_r1_e1,,radio,"During the past two weeks, how often have you felt angry or lost your temper?","0, Not at all | 1, Rare, less than a day or two | 2, Several days | 3, More than half the days | 4, Nearly every day",,,,,,,y,,,dsmxc,,
dsmxc_i9_s1_r1_e1,dsmxc_s1_r1_e1,,radio,"During the past two weeks, how often have you started lots more projects than usual or done more risky things than usual?","0, Not at all | 1, Rare, less than a day or two | 2, Several days | 3, More than half the days | 4, Nearly every day",,,,,,,y,,,dsmxc,,
dsmxc_i10_s1_r1_e1,dsmxc_s1_r1_e1,,radio,"During the past two weeks, how often have you slept less than usual but still had a lot of energy?","0, Not at all | 1, Rare, less than a day or two | 2, Several days | 3, More than half the days | 4, Nearly every day",,,,,,,y,,,dsmxc,,
dsmxc_i11_s1_r1_e1,dsmxc_s1_r1_e1,,radio,"During the past two weeks, how often have you felt nervous, anxious, or scared?","0, Not at all | 1, Rare, less than a day or two | 2, Several days | 3, More than half the days | 4, Nearly every day",,,,,,,y,,,dsmxc,,
dsmxc_i12_s1_r1_e1,dsmxc_s1_r1_e1,,radio,"During the past two weeks, how often have you not been able to stop worrying?","0, Not at all | 1, Rare, less than a day or two | 2, Several days | 3, More than half the days | 4, Nearly every day",,,,,,,y,,,dsmxc,,
dsmxc_i13_s1_r1_e1,dsmxc_s1_r1_e1,,radio,"During the past two weeks, how often have you not been able to do things you wanted to or should have done, because they made you feel nervous?","0, Not at all | 1, Rare, less than a day or two | 2, Several days | 3, More than half the days | 4, Nearly every day",,,,,,,y,,,dsmxc,,
dsmxc_i14_s1_r1_e1,dsmxc_s1_r1_e1,,radio,"During the past two weeks, how often have you heard voices - when there was no one there - speaking about you or telling you what to do or saying bad things to you?","0, Not at all | 1, Rare, less than a day or two | 2, Several days | 3, More than half the days | 4, Nearly every day",,,,,,,y,,,dsmxc,,
dsmxc_i15_s1_r1_e1,dsmxc_s1_r1_e1,,radio,"During the past two weeks, how often have you had visions when you were completely awake, that is, seen something or someone that no one else could see?","0, Not at all | 1, Rare, less than a day or two | 2, Several days | 3, More than half the days | 4, Nearly every day",,,,,,,y,,,dsmxc,,
dsmxc_i16_s1_r1_e1,dsmxc_s1_r1_e1,,radio,"During the past two weeks, how often have you had thoughts that kept coming into your mind that you would do something bad or that something bad would happen to you or to someone else?","0, Not at all | 1, Rare, less than a day or two | 2, Several days | 3, More than half the days | 4, Nearly every day",,,,,,,y,,,dsmxc,,
dsmxc_i17_s1_r1_e1,dsmxc_s1_r1_e1,,radio,"During the past two weeks, how often have you felt the need to check on certain things over and over again, like whether a door was locked or whether the stove was turned off?","0, Not at all | 1, Rare, less than a day or two | 2, Several days | 3, More than half the days | 4, Nearly every day",,,,,,,y,,,dsmxc,,
dsmxc_i18_s1_r1_e1,dsmxc_s1_r1_e1,,radio,"During the past two weeks, how often have you worried a lot about things you touched being dirty or having germs or being poisoned?","0, Not at all | 1, Rare, less than a day or two | 2, Several days | 3, More than half the days | 4, Nearly every day",,,,,,,y,,,dsmxc,,
dsmxc_i19_s1_r1_e1,dsmxc_s1_r1_e1,,radio,"During the past two weeks, how often have you felt you had to do things in a certain way, like counting or saying special things, to keep something bad from happening?","0, Not at all | 1, Rare, less than a day or two | 2, Several days | 3, More than half the days | 4, Nearly every day",,,,,,,y,,,dsmxc,,
dsmxc_i20_s1_r1_e1,dsmxc_s1_r1_e1,,radio,"In the past two weeks, have you had an alcoholic beverage (beer, wine, liquor, etc.)?","1, Yes | 0, No",,,,,,,y,,,dsmxc_yn,,
dsmxc_i21_s1_r1_e1,dsmxc_s1_r1_e1,,radio,"In the past two weeks, have you smoked a cigarette, a cigar, or pipe, or used snuff or chewing tobacco?","1, Yes | 0, No",,,,,,,y,,,dsmxc_yn,,
dsmxc_i22_s1_r1_e1,dsmxc_s1_r1_e1,,radio,"In the past two weeks, have you used drugs like marijuana, cocaine or crack, club drugs (like Ecstasy), hallucinogens (like LSD), heroin, inhalants or solvents (like glue), or methamphetamine (like speed)?","1, Yes | 0, No",,,,,,,y,,,dsmxc_yn,,
dsmxc_i23_s1_r1_e1,dsmxc_s1_r1_e1,,radio,"In the past two weeks, have you used any medicine without a doctor's prescription to get high or change the way you feel (e.g., painkillers [like Vicodin], stimulants [like Ritalin or Adderall], sedatives or tranquilizers [like sleeping pills or Valium], or steroids)?","1, Yes | 0, No",,,,,,,y,,,dsmxc_yn,,
dsmxc_i24_s1_r1_e1,dsmxc_s1_r1_e1,,radio,"In the past two weeks, have you thought about killing yourself or committing suicide?","1, Yes | 0, No",,,,,,,y,,,dsmxc_yn,,
dsmxc_i25_s1_r1_e1,dsmxc_s1_r1_e1,,radio,"Have you thought about killing yourself or committing suicide?","1, Yes | 0, No",,,,,,,y,,,dsmxc_yn,,
