"Variable / Field Name","Form Name","Section Header","Field Type","Field Label","Choices, Calculations, OR Slider Labels","Field Note","Text Validation Type OR Show Slider Number","Text Validation Min","Text Validation Max",Identifier?,"Branching Logic (Show field only if...)","Required Field?","Custom Alignment","Question Number (surveys only)","Matrix Group Name","Matrix Ranking?","Field Annotation"
adexi_i1_s1_r1_e1,adexi_s1_r1_e1,,radio,"I have difficulty remembering lengthy instructions","1, Definitely not true | 2, Not true | 3, Partially true | 4, True | 5, Definitely true",,,,,,,y,,,adexi,,
adexi_i2_s1_r1_e1,adexi_s1_r1_e1,,radio,"I sometimes have difficulty remembering what I am doing in the middle of an activity","1, Definitely not true | 2, Not true | 3, Partially true | 4, True | 5, Definitely true",,,,,,,y,,,adexi,,
adexi_i3_s1_r1_e1,adexi_s1_r1_e1,,radio,"I have a tendency to do things without first thinking about what could happen","1, Definitely not true | 2, Not true | 3, Partially true | 4, True | 5, Definitely true",,,,,,,y,,,adexi,,
adexi_i4_s1_r1_e1,adexi_s1_r1_e1,,radio,"I sometimes have difficulty stopping myself from doing something that I like even though someone tells me that it is not allowed.","1, Definitely not true | 2, Not true | 3, Partially true | 4, True | 5, Definitely true",,,,,,,y,,,adexi,,
adexi_i5_s1_r1_e1,adexi_s1_r1_e1,,radio,"When someone asks me to do several things, I sometimes remember only the first or last","1, Definitely not true | 2, Not true | 3, Partially true | 4, True | 5, Definitely true",,,,,,,y,,,adexi,,
adexi_i6_s1_r1_e1,adexi_s1_r1_e1,,radio,"I sometimes have difficulty refraining from smiling or laughing in situations where it is inappropriate","1, Definitely not true | 2, Not true | 3, Partially true | 4, True | 5, Definitely true",,,,,,,y,,,adexi,,
adexi_i7_s1_r1_e1,adexi_s1_r1_e1,,radio,"I have difficulty coming up with a different way of solving a problem when I get stuck","1, Definitely not true | 2, Not true | 3, Partially true | 4, True | 5, Definitely true",,,,,,,y,,,adexi,,
adexi_i8_s1_r1_e1,adexi_s1_r1_e1,,radio,"When someone asks me to fetch something, I sometimes forget what I am supposed to fetch","1, Definitely not true | 2, Not true | 3, Partially true | 4, True | 5, Definitely true",,,,,,,y,,,adexi,,
adexi_i9_s1_r1_e1,adexi_s1_r1_e1,,radio,"I have difficulty planning for an activity (e.g., remembering to bring everything necessary when going on a trip/to work/to school)","1, Definitely not true | 2, Not true | 3, Partially true | 4, True | 5, Definitely true",,,,,,,y,,,adexi,,
adexi_i10_s1_r1_e1,adexi_s1_r1_e1,,radio,"I sometimes have difficulty stopping an activity that I like (e.g., I watch TV or sit in front of the computer in the evening even though it is time to go to bed)","1, Definitely not true | 2, Not true | 3, Partially true | 4, True | 5, Definitely true",,,,,,,y,,,adexi,,
adexi_i11_s1_r1_e1,adexi_s1_r1_e1,,radio,"I sometimes have difficulty understanding verbal instructions unless I am also shown how to do something","1, Definitely not true | 2, Not true | 3, Partially true | 4, True | 5, Definitely true",,,,,,,y,,,adexi,,
adexi_i12_s1_r1_e1,adexi_s1_r1_e1,,radio,"I have difficulties with tasks or activities that involve several steps","1, Definitely not true | 2, Not true | 3, Partially true | 4, True | 5, Definitely true",,,,,,,y,,,adexi,,
adexi_i13_s1_r1_e1,adexi_s1_r1_e1,,radio,"I have difficulty thinking ahead or learning from experience","1, Definitely not true | 2, Not true | 3, Partially true | 4, True | 5, Definitely true",,,,,,,y,,,adexi,,
adexi_i14_s1_r1_e1,adexi_s1_r1_e1,,radio,"People that I meet sometimes seem to think that I am more lively/wilder compared to other people my age","1, Definitely not true | 2, Not true | 3, Partially true | 4, True | 5, Definitely true",,,,,,,y,,,adexi,,
