﻿"Variable / Field Name","Form Name","Section Header","Field Type","Field Label","Choices, Calculations, OR Slider Labels","Field Note","Text Validation Type OR Show Slider Number","Text Validation Min","Text Validation Max",Identifier?,"Branching Logic (Show field only if...)","Required Field?","Custom Alignment","Question Number (surveys only)","Matrix Group Name","Matrix Ranking?","Field Annotation"
fpepes_i1_s1_r1_e1,fpepes_s1_r1_e1,,radio,"A mi niño/a le incomoda exhibir sus talentos a otras personas, incluso si cree que sus talentos los impresionarán.","0, Para nada cierto | 1,  | 2,  | 3,  | 4, Parcialmente cierto | 5,  | 6,  | 7,  | 8,  | 9, Muy cierto",,,,,,,y,,,fpepes,,
fpepes_i2_s1_r1_e1,fpepes_s1_r1_e1,,radio,"Mi niño/a se sentiría ansioso/a si recibiera un cumplido de una persona que le atrae.","0, Para nada cierto | 1,  | 2,  | 3,  | 4, Parcialmente cierto | 5,  | 6,  | 7,  | 8,  | 9, Muy cierto",,,,,,,y,,,fpepes,,
fpepes_i3_s1_r1_e1,fpepes_s1_r1_e1,,radio,"Mi niño/a trata de elegir ropa que le dé a las personas poca impresión de cómo es.","0, Para nada cierto | 1,  | 2,  | 3,  | 4, Parcialmente cierto | 5,  | 6,  | 7,  | 8,  | 9, Muy cierto",,,,,,,y,,,fpepes,,
fpepes_i4_s1_r1_e1,fpepes_s1_r1_e1,,radio,"A mi niño/a le incomoda recibir elogios de una figura de autoridad.","0, Para nada cierto | 1,  | 2,  | 3,  | 4, Parcialmente cierto | 5,  | 6,  | 7,  | 8,  | 9, Muy cierto",,,,,,,y,,,fpepes,,
fpepes_i5_s1_r1_e1,fpepes_s1_r1_e1,,radio,"Si mi niño/a tiene algo que decir que cree que un grupo encontrará interesante, típicamente lo dice.","0, Para nada cierto | 1,  | 2,  | 3,  | 4, Parcialmente cierto | 5,  | 6,  | 7,  | 8,  | 9, Muy cierto",,,,,,,y,,,fpepes,,
fpepes_i6_s1_r1_e1,fpepes_s1_r1_e1,,radio,"Mi niño/a preferiría recibir un cumplido de alguien cuando esta solo/a con esa persona antes que en presencia de otros.","0, Para nada cierto | 1,  | 2,  | 3,  | 4, Parcialmente cierto | 5,  | 6,  | 7,  | 8,  | 9, Muy cierto",,,,,,,y,,,fpepes,,
fpepes_i7_s1_r1_e1,fpepes_s1_r1_e1,,radio,"Si mi niño/a estuviera haciendo algo bien frente a otras personas, se preguntaría si lo está haciendo ""demasiado bien.""","0, Para nada cierto | 1,  | 2,  | 3,  | 4, Parcialmente cierto | 5,  | 6,  | 7,  | 8,  | 9, Muy cierto",,,,,,,y,,,fpepes,,
fpepes_i8_s1_r1_e1,fpepes_s1_r1_e1,,radio,"Mi niño/a generalmente se siente incómodo/a cuando la gente le hace cumplidos.","0, Para nada cierto | 1,  | 2,  | 3,  | 4, Parcialmente cierto | 5,  | 6,  | 7,  | 8,  | 9, Muy cierto",,,,,,,y,,,fpepes,,
fpepes_i9_s1_r1_e1,fpepes_s1_r1_e1,,radio,"A mi niño/a no le gusta ser percibido en lugares públicos, incluso si siente que está siendo admirado/a.","0, Para nada cierto | 1,  | 2,  | 3,  | 4, Parcialmente cierto | 5,  | 6,  | 7,  | 8,  | 9, Muy cierto",,,,,,,y,,,fpepes,,
fpepes_i10_s1_r1_e1,fpepes_s1_r1_e1,,radio,"Mi niño/a se siente subvalorado a menudo, y desea que la gente comentara más acerca de sus cualidades positivas.","0, Para nada cierto | 1,  | 2,  | 3,  | 4, Parcialmente cierto | 5,  | 6,  | 7,  | 8,  | 9, Muy cierto",,,,,,,y,,,fpepes,,
