"Variable / Field Name","Form Name","Section Header","Field Type","Field Label","Choices, Calculations, OR Slider Labels","Field Note","Text Validation Type OR Show Slider Number","Text Validation Min","Text Validation Max",Identifier?,"Branching Logic (Show field only if...)","Required Field?","Custom Alignment","Question Number (surveys only)","Matrix Group Name","Matrix Ranking?","Field Annotation"
ierq_i1_s1_r1_e1,ierq_s1_r1_e1,,radio,"It makes me feel better to learn how others dealt with their emotions.","1, Not true for me at all (1) | 2, A little bit (2) | 3, Moderately (3) | 4, Quite a bit (4) | 5, Extremely true for me (5)",,,,,,,y,,,ierq_s1_r1_e1,,
ierq_i2_s1_r1_e1,ierq_s1_r1_e1,,radio,"It helps me deal with my depressed mood when others point out that things aren't as bad as they seem.","1, Not true for me at all (1) | 2, A little bit (2) | 3, Moderately (3) | 4, Quite a bit (4) | 5, Extremely true for me (5)",,,,,,,y,,,ierq_s1_r1_e1,,
ierq_i3_s1_r1_e1,ierq_s1_r1_e1,,radio,"I like being around others when I'm excited to share my joy.","1, Not true for me at all (1) | 2, A little bit (2) | 3, Moderately (3) | 4, Quite a bit (4) | 5, Extremely true for me (5)",,,,,,,y,,,ierq_s1_r1_e1,,
ierq_i4_s1_r1_e1,ierq_s1_r1_e1,,radio,"I look for other people to offer me compassion when I'm upset.","1, Not true for me at all (1) | 2, A little bit (2) | 3, Moderately (3) | 4, Quite a bit (4) | 5, Extremely true for me (5)",,,,,,,y,,,ierq_s1_r1_e1,,
ierq_i5_s1_r1_e1,ierq_s1_r1_e1,,radio,"Hearing another person's thoughts on how to handle things helps me when I am worried.","1, Not true for me at all (1) | 2, A little bit (2) | 3, Moderately (3) | 4, Quite a bit (4) | 5, Extremely true for me (5)",,,,,,,y,,,ierq_s1_r1_e1,,
ierq_i6_s1_r1_e1,ierq_s1_r1_e1,,radio,"Being in the presence of certain other people feels good when I'm elated.","1, Not true for me at all (1) | 2, A little bit (2) | 3, Moderately (3) | 4, Quite a bit (4) | 5, Extremely true for me (5)",,,,,,,y,,,ierq_s1_r1_e1,,
ierq_i7_s1_r1_e1,ierq_s1_r1_e1,,radio,"Having people remind me that others are worse off helps me when I'm upset.","1, Not true for me at all (1) | 2, A little bit (2) | 3, Moderately (3) | 4, Quite a bit (4) | 5, Extremely true for me (5)",,,,,,,y,,,ierq_s1_r1_e1,,
ierq_i8_s1_r1_e1,ierq_s1_r1_e1,,radio,"I like being in the presence of others when I feel positive because it magnifies the good feeling.","1, Not true for me at all (1) | 2, A little bit (2) | 3, Moderately (3) | 4, Quite a bit (4) | 5, Extremely true for me (5)",,,,,,,y,,,ierq_s1_r1_e1,,
ierq_i9_s1_r1_e1,ierq_s1_r1_e1,,radio,"Feeling upset often causes me to seek out others who will express sympathy.","1, Not true for me at all (1) | 2, A little bit (2) | 3, Moderately (3) | 4, Quite a bit (4) | 5, Extremely true for me (5)",,,,,,,y,,,ierq_s1_r1_e1,,
ierq_i10_s1_r1_e1,ierq_s1_r1_e1,,radio,"When I am upset, others make me feel better by making me realize that things could be a lot worse.","1, Not true for me at all (1) | 2, A little bit (2) | 3, Moderately (3) | 4, Quite a bit (4) | 5, Extremely true for me (5)",,,,,,,y,,,ierq_s1_r1_e1,,
ierq_i11_s1_r1_e1,ierq_s1_r1_e1,,radio,"Seeing how others would handle the same situation helps me when I am frustrated.","1, Not true for me at all (1) | 2, A little bit (2) | 3, Moderately (3) | 4, Quite a bit (4) | 5, Extremely true for me (5)",,,,,,,y,,,ierq_s1_r1_e1,,
ierq_i12_s1_r1_e1,ierq_s1_r1_e1,,radio,"I look to others for comfort when I feel upset.","1, Not true for me at all (1) | 2, A little bit (2) | 3, Moderately (3) | 4, Quite a bit (4) | 5, Extremely true for me (5)",,,,,,,y,,,ierq_s1_r1_e1,,
ierq_i13_s1_r1_e1,ierq_s1_r1_e1,,radio,"Because happiness is contagious, I seek out other people when I'm happy.","1, Not true for me at all (1) | 2, A little bit (2) | 3, Moderately (3) | 4, Quite a bit (4) | 5, Extremely true for me (5)",,,,,,,y,,,ierq_s1_r1_e1,,
ierq_i14_s1_r1_e1,ierq_s1_r1_e1,,radio,"When I am annoyed, others can soothe me by telling me not to worry.","1, Not true for me at all (1) | 2, A little bit (2) | 3, Moderately (3) | 4, Quite a bit (4) | 5, Extremely true for me (5)",,,,,,,y,,,ierq_s1_r1_e1,,
ierq_i15_s1_r1_e1,ierq_s1_r1_e1,,radio,"When I'm sad, it helps me to hear how others have dealt with similar feelings.","1, Not true for me at all (1) | 2, A little bit (2) | 3, Moderately (3) | 4, Quite a bit (4) | 5, Extremely true for me (5)",,,,,,,y,,,ierq_s1_r1_e1,,
ierq_i16_s1_r1_e1,ierq_s1_r1_e1,,radio,"I look to other people when I feel depressed just to know that I am loved.","1, Not true for me at all (1) | 2, A little bit (2) | 3, Moderately (3) | 4, Quite a bit (4) | 5, Extremely true for me (5)",,,,,,,y,,,ierq_s1_r1_e1,,
ierq_i17_s1_r1_e1,ierq_s1_r1_e1,,radio,"Having people telling me not to worry can calm me down when I am anxious.","1, Not true for me at all (1) | 2, A little bit (2) | 3, Moderately (3) | 4, Quite a bit (4) | 5, Extremely true for me (5)",,,,,,,y,,,ierq_s1_r1_e1,,
ierq_i18_s1_r1_e1,ierq_s1_r1_e1,,radio,"When I feel elated, I seek out other people to make them happy.","1, Not true for me at all (1) | 2, A little bit (2) | 3, Moderately (3) | 4, Quite a bit (4) | 5, Extremely true for me (5)",,,,,,,y,,,ierq_s1_r1_e1,,
ierq_i19_s1_r1_e1,ierq_s1_r1_e1,,radio,"When I feel sad, I seek out others for consolation.","1, Not true for me at all (1) | 2, A little bit (2) | 3, Moderately (3) | 4, Quite a bit (4) | 5, Extremely true for me (5)",,,,,,,y,,,ierq_s1_r1_e1,,
ierq_i20_s1_r1_e1,ierq_s1_r1_e1,,radio,"If I'm upset, I like knowing what other people would do if they were in my situation.","1, Not true for me at all (1) | 2, A little bit (2) | 3, Moderately (3) | 4, Quite a bit (4) | 5, Extremely true for me (5)",,,,,,,y,,,ierq_s1_r1_e1,,
