﻿"Variable / Field Name","Form Name","Section Header","Field Type","Field Label","Choices, Calculations, OR Slider Labels","Field Note","Text Validation Type OR Show Slider Number","Text Validation Min","Text Validation Max",Identifier?,"Branching Logic (Show field only if...)","Required Field?","Custom Alignment","Question Number (surveys only)","Matrix Group Name","Matrix Ranking?","Field Annotation"
cdi2pes_i1_s1_r1_e1,cdi2pes_s1_r1_e1,"Mi hijo(a)..",radio,"se ve triste.","0, Nunca | 1, Parte del tiempo | 2, A menudo | 3, La mayor parte del tiempo",,,,,,,y,,,cdi2pes,,
cdi2pes_i2_s1_r1_e1,cdi2pes_s1_r1_e1,,radio,"se divierte.","0, Nunca | 1, Parte del tiempo | 2, A menudo | 3, La mayor parte del tiempo",,,,,,,y,,,cdi2pes,,
cdi2pes_i3_s1_r1_e1,cdi2pes_s1_r1_e1,,radio,"no se gusta a si mismo(a).","0, Nunca | 1, Parte del tiempo | 2, A menudo | 3, La mayor parte del tiempo",,,,,,,y,,,cdi2pes,,
cdi2pes_i4_s1_r1_e1,cdi2pes_s1_r1_e1,,radio,"se culpa de las cosas.","0, Nunca | 1, Parte del tiempo | 2, A menudo | 3, La mayor parte del tiempo",,,,,,,y,,,cdi2pes,,
cdi2pes_i5_s1_r1_e1,cdi2pes_s1_r1_e1,,radio,"llora o se ve lloroso.","0, Nunca | 1, Parte del tiempo | 2, A menudo | 3, La mayor parte del tiempo",,,,,,,y,,,cdi2pes,,
cdi2pes_i6_s1_r1_e1,cdi2pes_s1_r1_e1,,radio,"es malhumorado o irritable.","0, Nunca | 1, Parte del tiempo | 2, A menudo | 3, La mayor parte del tiempo",,,,,,,y,,,cdi2pes,,
cdi2pes_i7_s1_r1_e1,cdi2pes_s1_r1_e1,,radio,"le gusta estar con la gente.","0, Nunca | 1, Parte del tiempo | 2, A menudo | 3, La mayor parte del tiempo",,,,,,,y,,,cdi2pes,,
cdi2pes_i8_s1_r1_e1,cdi2pes_s1_r1_e1,,radio,"piensa que es feo(a).","0, Nunca | 1, Parte del tiempo | 2, A menudo | 3, La mayor parte del tiempo",,,,,,,y,,,cdi2pes,,
cdi2pes_i9_s1_r1_e1,cdi2pes_s1_r1_e1,,radio,"tiene que esforzarse para hacer la tarea escolar.","0, Nunca | 1, Parte del tiempo | 2, A menudo | 3, La mayor parte del tiempo",,,,,,,y,,,cdi2pes,,
cdi2pes_i10_s1_r1_e1,cdi2pes_s1_r1_e1,,radio,"tiene dificultad para dormir en la noche.","0, Nunca | 1, Parte del tiempo | 2, A menudo | 3, La mayor parte del tiempo",,,,,,,y,,,cdi2pes,,
cdi2pes_i11_s1_r1_e1,cdi2pes_s1_r1_e1,,radio,"se ve cansado(a) o fatigado(a).","0, Nunca | 1, Parte del tiempo | 2, A menudo | 3, La mayor parte del tiempo",,,,,,,y,,,cdi2pes,,
cdi2pes_i12_s1_r1_e1,cdi2pes_s1_r1_e1,,radio,"se le ve solitario(a).","0, Nunca | 1, Parte del tiempo | 2, A menudo | 3, La mayor parte del tiempo",,,,,,,y,,,cdi2pes,,
cdi2pes_i13_s1_r1_e1,cdi2pes_s1_r1_e1,,radio,"le gusta la escuela.","0, Nunca | 1, Parte del tiempo | 2, A menudo | 3, La mayor parte del tiempo",,,,,,,y,,,cdi2pes,,
cdi2pes_i14_s1_r1_e1,cdi2pes_s1_r1_e1,,radio,"pasa tiempo con amigos(as).","0, Nunca | 1, Parte del tiempo | 2, A menudo | 3, La mayor parte del tiempo",,,,,,,y,,,cdi2pes,,
cdi2pes_i15_s1_r1_e1,cdi2pes_s1_r1_e1,,radio,"muestra peor desempeño escolar que antes.","0, Nunca | 1, Parte del tiempo | 2, A menudo | 3, La mayor parte del tiempo",,,,,,,y,,,cdi2pes,,
cdi2pes_i16_s1_r1_e1,cdi2pes_s1_r1_e1,,radio,"hace lo que se le dice.","0, Nunca | 1, Parte del tiempo | 2, A menudo | 3, La mayor parte del tiempo",,,,,,,y,,,cdi2pes,,
cdi2pes_i17_s1_r1_e1,cdi2pes_s1_r1_e1,,radio,"tiene desacuerdos y conflictos con otros.","0, Nunca | 1, Parte del tiempo | 2, A menudo | 3, La mayor parte del tiempo",,,,,,,y,,,cdi2pes,,
