"Variable / Field Name","Form Name","Section Header","Field Type","Field Label","Choices, Calculations, OR Slider Labels","Field Note","Text Validation Type OR Show Slider Number","Text Validation Min","Text Validation Max",Identifier?,"Branching Logic (Show field only if...)","Required Field?","Custom Alignment","Question Number (surveys only)","Matrix Group Name","Matrix Ranking?","Field Annotation"
stai5_i1_s1_r1_e1,stai5_s1_r1_e1,"A number of statements which people have used to describe themselves are given below. Read each statement and then select the option that indicates HOW YOU FEEL RIGHT NOW, that is, at this moment. There are no right or wrong answers. Do not spend too much time on any one statement but give the answer which seems to describe your present feelings best. Thank you.",radio,"I feel upset.","1, Not at all | 2, Somewhat | 3, Moderately so | 4, Very much so",,,,,,,y,,,stais5,,
stai5_i2_s1_r1_e1,stai5_s1_r1_e1,,radio,"I feel frightened.","1, Not at all | 2, Somewhat | 3, Moderately so | 4, Very much so",,,,,,,y,,,stais5,,
stai5_i3_s1_r1_e1,stai5_s1_r1_e1,,radio,"I feel nervous.","1, Not at all | 2, Somewhat | 3, Moderately so | 4, Very much so",,,,,,,y,,,stais5,,
stai5_i4_s1_r1_e1,stai5_s1_r1_e1,,radio,"I feel jittery.","1, Not at all | 2, Somewhat | 3, Moderately so | 4, Very much so",,,,,,,y,,,stais5,,
stai5_i5_s1_r1_e1,stai5_s1_r1_e1,,radio,"I feel confused.","1, Not at all | 2, Somewhat | 3, Moderately so | 4, Very much so",,,,,,,y,,,stais5,,
stai5_i6_s1_r1_e1,stai5_s1_r1_e1,"A number of statements which people have used to describe themselves are given below. Read each statement and then select the option that indicates HOW YOU GENERALLY FEEL. There are no right or wrong answers. Do not spend too much time on any one statement but give the answer which seems to describe how you generally feel. Thank you.",radio,"I feel that difficulties are piling up so that I cannot overcome them.","1, Not at all | 2, Somewhat | 3, Moderately so | 4, Very much so",,,,,,,y,,,stait5,,
stai5_i7_s1_r1_e1,stai5_s1_r1_e1,,radio,"I worry too much over something that really doesn't matter.","1, Not at all | 2, Somewhat | 3, Moderately so | 4, Very much so",,,,,,,y,,,stait5,,
stai5_i8_s1_r1_e1,stai5_s1_r1_e1,,radio,"Some unimportant thoughts run through my mind and bother me.","1, Not at all | 2, Somewhat | 3, Moderately so | 4, Very much so",,,,,,,y,,,stait5,,
stai5_i9_s1_r1_e1,stai5_s1_r1_e1,,radio,"I take disappointments so keenly that I can't put them out of my mind.","1, Not at all | 2, Somewhat | 3, Moderately so | 4, Very much so",,,,,,,y,,,stait5,,
stai5_i10_s1_r1_e1,stai5_s1_r1_e1,,radio,"I get in a state of tension or turmoil as I think over my recent concerns and interests.","1, Not at all | 2, Somewhat | 3, Moderately so | 4, Very much so",,,,,,,y,,,stait5,,
