﻿"Variable / Field Name","Form Name","Section Header","Field Type","Field Label","Choices, Calculations, OR Slider Labels","Field Note","Text Validation Type OR Show Slider Number","Text Validation Min","Text Validation Max",Identifier?,"Branching Logic (Show field only if...)","Required Field?","Custom Alignment","Question Number (surveys only)","Matrix Group Name","Matrix Ranking?","Field Annotation"
eatqes_i1_s1_r1_e1,eatqes_s1_r1_e1,"Su niño/a:",radio,"Le preocupa meterse en problemas","1, Casi siempre falsa | 2, Generalmente falsa | 3, Algunas veces falsa, otras veces cierta | 4, Generalmente cierta | 5, Casi siempre cierta",,,,,,,y,,,eatqes,,
eatqes_i2_s1_r1_e1,eatqes_s1_r1_e1,,radio,"Si está furioso/a con alguien, tiende a decir cosas para herir sus sentimientos","1, Casi siempre falsa | 2, Generalmente falsa | 3, Algunas veces falsa, otras veces cierta | 4, Generalmente cierta | 5, Casi siempre cierta",,,,,,,y,,,eatqes,,
eatqes_i3_s1_r1_e1,eatqes_s1_r1_e1,,radio,"Le cuesta trabajo terminar las cosas a tiempo","1, Casi siempre falsa | 2, Generalmente falsa | 3, Algunas veces falsa, otras veces cierta | 4, Generalmente cierta | 5, Casi siempre cierta",,,,,,,y,,,eatqes,,
eatqes_i4_s1_r1_e1,eatqes_s1_r1_e1,,radio,"Pensar en viajar a Africa o a la India le parece emocionante o divertido","1, Casi siempre falsa | 2, Generalmente falsa | 3, Algunas veces falsa, otras veces cierta | 4, Generalmente cierta | 5, Casi siempre cierta",,,,,,,y,,,eatqes,,
eatqes_i5_s1_r1_e1,eatqes_s1_r1_e1,,radio,"Si tiene un problema con alguien, generalmente intenta arreglarlo rapidamente","1, Casi siempre falsa | 2, Generalmente falsa | 3, Algunas veces falsa, otras veces cierta | 4, Generalmente cierta | 5, Casi siempre cierta",,,,,,,y,,,eatqes,,
eatqes_i6_s1_r1_e1,eatqes_s1_r1_e1,,radio,"Cuando está nervioso/a, le cuesta trabajo esperar su turno para hablar","1, Casi siempre falsa | 2, Generalmente falsa | 3, Algunas veces falsa, otras veces cierta | 4, Generalmente cierta | 5, Casi siempre cierta",,,,,,,y,,,eatqes,,
eatqes_i7_s1_r1_e1,eatqes_s1_r1_e1,,radio,"Parece que sus amigos se lo pasan mejor que él/ella","1, Casi siempre falsa | 2, Generalmente falsa | 3, Algunas veces falsa, otras veces cierta | 4, Generalmente cierta | 5, Casi siempre cierta",,,,,,,y,,,eatqes,,
eatqes_i8_s1_r1_e1,eatqes_s1_r1_e1,,radio,"Abre los regalos antes de tiempo","1, Casi siempre falsa | 2, Generalmente falsa | 3, Algunas veces falsa, otras veces cierta | 4, Generalmente cierta | 5, Casi siempre cierta",,,,,,,y,,,eatqes,,
eatqes_i9_s1_r1_e1,eatqes_s1_r1_e1,,radio,"Le daría miedo la idea de esquiar rápido sobre una pendiente muy inclinada","1, Casi siempre falsa | 2, Generalmente falsa | 3, Algunas veces falsa, otras veces cierta | 4, Generalmente cierta | 5, Casi siempre cierta",,,,,,,y,,,eatqes,,
eatqes_i10_s1_r1_e1,eatqes_s1_r1_e1,,radio,"Algunos días le dan ganas de llorar por pequeñas cosas","1, Casi siempre falsa | 2, Generalmente falsa | 3, Algunas veces falsa, otras veces cierta | 4, Generalmente cierta | 5, Casi siempre cierta",,,,,,,y,,,eatqes,,
eatqes_i11_s1_r1_e1,eatqes_s1_r1_e1,,radio,"Si se pusiera muy furioso/a con alguien, podría llegar a pegarle","1, Casi siempre falsa | 2, Generalmente falsa | 3, Algunas veces falsa, otras veces cierta | 4, Generalmente cierta | 5, Casi siempre cierta",,,,,,,y,,,eatqes,,
eatqes_i12_s1_r1_e1,eatqes_s1_r1_e1,,radio,"Le gusta cuidar de otras personas","1, Casi siempre falsa | 2, Generalmente falsa | 3, Algunas veces falsa, otras veces cierta | 4, Generalmente cierta | 5, Casi siempre cierta",,,,,,,y,,,eatqes,,
eatqes_i13_s1_r1_e1,eatqes_s1_r1_e1,,radio,"Le gusta compartir sus sentimientos con otra persona","1, Casi siempre falsa | 2, Generalmente falsa | 3, Algunas veces falsa, otras veces cierta | 4, Generalmente cierta | 5, Casi siempre cierta",,,,,,,y,,,eatqes,,
eatqes_i14_s1_r1_e1,eatqes_s1_r1_e1,,radio,"Aunque no deba, le gusta divertirse por un rato antes de comenzar a hacer los deberes","1, Casi siempre falsa | 2, Generalmente falsa | 3, Algunas veces falsa, otras veces cierta | 4, Generalmente cierta | 5, Casi siempre cierta",,,,,,,y,,,eatqes,,
eatqes_i15_s1_r1_e1,eatqes_s1_r1_e1,,radio,"Le resulta fácil concentrarse para resolver un problema","1, Casi siempre falsa | 2, Generalmente falsa | 3, Algunas veces falsa, otras veces cierta | 4, Generalmente cierta | 5, Casi siempre cierta",,,,,,,y,,,eatqes,,
eatqes_i16_s1_r1_e1,eatqes_s1_r1_e1,,radio,"Piensa que sería emocionante trasladarse a otra ciudad","1, Casi siempre falsa | 2, Generalmente falsa | 3, Algunas veces falsa, otras veces cierta | 4, Generalmente cierta | 5, Casi siempre cierta",,,,,,,y,,,eatqes,,
eatqes_i17_s1_r1_e1,eatqes_s1_r1_e1,,radio,"Cuando alguien le pide que haga algo, lo hace enseguida, incluso aunque no quiera hacerlo","1, Casi siempre falsa | 2, Generalmente falsa | 3, Algunas veces falsa, otras veces cierta | 4, Generalmente cierta | 5, Casi siempre cierta",,,,,,,y,,,eatqes,,
eatqes_i18_s1_r1_e1,eatqes_s1_r1_e1,,radio,"Le gustaría poder pasar un rato con un buen amigo cada día","1, Casi siempre falsa | 2, Generalmente falsa | 3, Algunas veces falsa, otras veces cierta | 4, Generalmente cierta | 5, Casi siempre cierta",,,,,,,y,,,eatqes,,
eatqes_i19_s1_r1_e1,eatqes_s1_r1_e1,,radio,"Tiende a ser brusco/a con la gente que no le gusta","1, Casi siempre falsa | 2, Generalmente falsa | 3, Algunas veces falsa, otras veces cierta | 4, Generalmente cierta | 5, Casi siempre cierta",,,,,,,y,,,eatqes,,
eatqes_i20_s1_r1_e1,eatqes_s1_r1_e1,,radio,"Se molesta por pequeñas cosas que otros hacen","1, Casi siempre falsa | 2, Generalmente falsa | 3, Algunas veces falsa, otras veces cierta | 4, Generalmente cierta | 5, Casi siempre cierta",,,,,,,y,,,eatqes,,
eatqes_i21_s1_r1_e1,eatqes_s1_r1_e1,,radio,"Se enfada mucho cuando alguien le critica","1, Casi siempre falsa | 2, Generalmente falsa | 3, Algunas veces falsa, otras veces cierta | 4, Generalmente cierta | 5, Casi siempre cierta",,,,,,,y,,,eatqes,,
eatqes_i22_s1_r1_e1,eatqes_s1_r1_e1,,radio,"Si le interrumpen o le distraen, se olvida de lo que iba a decir","1, Casi siempre falsa | 2, Generalmente falsa | 3, Algunas veces falsa, otras veces cierta | 4, Generalmente cierta | 5, Casi siempre cierta",,,,,,,y,,,eatqes,,
eatqes_i23_s1_r1_e1,eatqes_s1_r1_e1,,radio,"Cuanto más intenta retenerse para no hacer algo que no debe, más cae en hacerlo","1, Casi siempre falsa | 2, Generalmente falsa | 3, Algunas veces falsa, otras veces cierta | 4, Generalmente cierta | 5, Casi siempre cierta",,,,,,,y,,,eatqes,,
eatqes_i24_s1_r1_e1,eatqes_s1_r1_e1,,radio,"Disfruta dando abrazos a la gente que le agrada","1, Casi siempre falsa | 2, Generalmente falsa | 3, Algunas veces falsa, otras veces cierta | 4, Generalmente cierta | 5, Casi siempre cierta",,,,,,,y,,,eatqes,,
eatqes_i25_s1_r1_e1,eatqes_s1_r1_e1,,radio,"Tiende a echar la culpa de los errores a los demás","1, Casi siempre falsa | 2, Generalmente falsa | 3, Algunas veces falsa, otras veces cierta | 4, Generalmente cierta | 5, Casi siempre cierta",,,,,,,y,,,eatqes,,
eatqes_i26_s1_r1_e1,eatqes_s1_r1_e1,,radio,"Se pone triste más a menudo de lo que la gente piensa","1, Casi siempre falsa | 2, Generalmente falsa | 3, Algunas veces falsa, otras veces cierta | 4, Generalmente cierta | 5, Casi siempre cierta",,,,,,,y,,,eatqes,,
eatqes_i27_s1_r1_e1,eatqes_s1_r1_e1,,radio,"Generalmente se le ocurre algo que decir, incluso estando con desconocidos","1, Casi siempre falsa | 2, Generalmente falsa | 3, Algunas veces falsa, otras veces cierta | 4, Generalmente cierta | 5, Casi siempre cierta",,,,,,,y,,,eatqes,,
eatqes_i28_s1_r1_e1,eatqes_s1_r1_e1,,radio,"No le daría miedo probar un deporte arriesgado, como el esquí acuático","1, Casi siempre falsa | 2, Generalmente falsa | 3, Algunas veces falsa, otras veces cierta | 4, Generalmente cierta | 5, Casi siempre cierta",,,,,,,y,,,eatqes,,
eatqes_i29_s1_r1_e1,eatqes_s1_r1_e1,,radio,"Expresa deseos de viajar a lugares exóticos cuando oye hablar de ellos","1, Casi siempre falsa | 2, Generalmente falsa | 3, Algunas veces falsa, otras veces cierta | 4, Generalmente cierta | 5, Casi siempre cierta",,,,,,,y,,,eatqes,,
eatqes_i30_s1_r1_e1,eatqes_s1_r1_e1,,radio,"Se preocupa por nuestra familia cuando no está con nosotros","1, Casi siempre falsa | 2, Generalmente falsa | 3, Algunas veces falsa, otras veces cierta | 4, Generalmente cierta | 5, Casi siempre cierta",,,,,,,y,,,eatqes,,
eatqes_i31_s1_r1_e1,eatqes_s1_r1_e1,,radio,"Se enfada si no vamos a algún sitio donde él/ella quiere ir","1, Casi siempre falsa | 2, Generalmente falsa | 3, Algunas veces falsa, otras veces cierta | 4, Generalmente cierta | 5, Casi siempre cierta",,,,,,,y,,,eatqes,,
eatqes_i32_s1_r1_e1,eatqes_s1_r1_e1,,radio,"Da portazos cuando se enfada","1, Casi siempre falsa | 2, Generalmente falsa | 3, Algunas veces falsa, otras veces cierta | 4, Generalmente cierta | 5, Casi siempre cierta",,,,,,,y,,,eatqes,,
eatqes_i33_s1_r1_e1,eatqes_s1_r1_e1,,radio,"Es difícil verle triste, incluso cuando muchas cosas le van mal","1, Casi siempre falsa | 2, Generalmente falsa | 3, Algunas veces falsa, otras veces cierta | 4, Generalmente cierta | 5, Casi siempre cierta",,,,,,,y,,,eatqes,,
eatqes_i34_s1_r1_e1,eatqes_s1_r1_e1,,radio,"Le gustaría conducir en una carrera de coches","1, Casi siempre falsa | 2, Generalmente falsa | 3, Algunas veces falsa, otras veces cierta | 4, Generalmente cierta | 5, Casi siempre cierta",,,,,,,y,,,eatqes,,
eatqes_i35_s1_r1_e1,eatqes_s1_r1_e1,,radio,"Cuando intenta estudiar, le cuesta trabajo aislarse de los ruidos y concentrarse","1, Casi siempre falsa | 2, Generalmente falsa | 3, Algunas veces falsa, otras veces cierta | 4, Generalmente cierta | 5, Casi siempre cierta",,,,,,,y,,,eatqes,,
eatqes_i36_s1_r1_e1,eatqes_s1_r1_e1,,radio,"Generalmente termina sus deberes antes de la fecha de entrega","1, Casi siempre falsa | 2, Generalmente falsa | 3, Algunas veces falsa, otras veces cierta | 4, Generalmente cierta | 5, Casi siempre cierta",,,,,,,y,,,eatqes,,
eatqes_i37_s1_r1_e1,eatqes_s1_r1_e1,,radio,"Le agrada que ocurra algo emocionante o diferente en el instituto","1, Casi siempre falsa | 2, Generalmente falsa | 3, Algunas veces falsa, otras veces cierta | 4, Generalmente cierta | 5, Casi siempre cierta",,,,,,,y,,,eatqes,,
eatqes_i38_s1_r1_e1,eatqes_s1_r1_e1,,radio,"Cuando le encargan algo difícil de hacer, se pone enseguida con ello","1, Casi siempre falsa | 2, Generalmente falsa | 3, Algunas veces falsa, otras veces cierta | 4, Generalmente cierta | 5, Casi siempre cierta",,,,,,,y,,,eatqes,,
eatqes_i39_s1_r1_e1,eatqes_s1_r1_e1,,radio,"Se le da bien seguir la pista a cosas diferentes que están ocurriendo a su alrededor","1, Casi siempre falsa | 2, Generalmente falsa | 3, Algunas veces falsa, otras veces cierta | 4, Generalmente cierta | 5, Casi siempre cierta",,,,,,,y,,,eatqes,,
eatqes_i40_s1_r1_e1,eatqes_s1_r1_e1,,radio,"Se emociona cuando se encuentra en una aglomeración de personas","1, Casi siempre falsa | 2, Generalmente falsa | 3, Algunas veces falsa, otras veces cierta | 4, Generalmente cierta | 5, Casi siempre cierta",,,,,,,y,,,eatqes,,
eatqes_i41_s1_r1_e1,eatqes_s1_r1_e1,,radio,"Se ríe de las apariencias de otras personas","1, Casi siempre falsa | 2, Generalmente falsa | 3, Algunas veces falsa, otras veces cierta | 4, Generalmente cierta | 5, Casi siempre cierta",,,,,,,y,,,eatqes,,
eatqes_i42_s1_r1_e1,eatqes_s1_r1_e1,,radio,"No critica a otras personas","1, Casi siempre falsa | 2, Generalmente falsa | 3, Algunas veces falsa, otras veces cierta | 4, Generalmente cierta | 5, Casi siempre cierta",,,,,,,y,,,eatqes,,
eatqes_i43_s1_r1_e1,eatqes_s1_r1_e1,,radio,"Le gusta tener relaciones cercanas con otras personas","1, Casi siempre falsa | 2, Generalmente falsa | 3, Algunas veces falsa, otras veces cierta | 4, Generalmente cierta | 5, Casi siempre cierta",,,,,,,y,,,eatqes,,
eatqes_i44_s1_r1_e1,eatqes_s1_r1_e1,,radio,"Es tímido/a","1, Casi siempre falsa | 2, Generalmente falsa | 3, Algunas veces falsa, otras veces cierta | 4, Generalmente cierta | 5, Casi siempre cierta",,,,,,,y,,,eatqes,,
eatqes_i45_s1_r1_e1,eatqes_s1_r1_e1,,radio,"Le irrita tener que dejar de hacer algo que le gusta","1, Casi siempre falsa | 2, Generalmente falsa | 3, Algunas veces falsa, otras veces cierta | 4, Generalmente cierta | 5, Casi siempre cierta",,,,,,,y,,,eatqes,,
eatqes_i46_s1_r1_e1,eatqes_s1_r1_e1,,radio,"Generalmente retrasa hacer los trabajos hasta que es el momento de entregarlos","1, Casi siempre falsa | 2, Generalmente falsa | 3, Algunas veces falsa, otras veces cierta | 4, Generalmente cierta | 5, Casi siempre cierta",,,,,,,y,,,eatqes,,
eatqes_i47_s1_r1_e1,eatqes_s1_r1_e1,,radio,"Puede contener la risa en momentos en que no es apropiado reirse","1, Casi siempre falsa | 2, Generalmente falsa | 3, Algunas veces falsa, otras veces cierta | 4, Generalmente cierta | 5, Casi siempre cierta",,,,,,,y,,,eatqes,,
eatqes_i48_s1_r1_e1,eatqes_s1_r1_e1,,radio,"Le da miedo la idea de que yo muera o le abandone","1, Casi siempre falsa | 2, Generalmente falsa | 3, Algunas veces falsa, otras veces cierta | 4, Generalmente cierta | 5, Casi siempre cierta",,,,,,,y,,,eatqes,,
eatqes_i49_s1_r1_e1,eatqes_s1_r1_e1,,radio,"Tiende a dejar algo a medio para ponerse a hacer otra cosa","1, Casi siempre falsa | 2, Generalmente falsa | 3, Algunas veces falsa, otras veces cierta | 4, Generalmente cierta | 5, Casi siempre cierta",,,,,,,y,,,eatqes,,
eatqes_i50_s1_r1_e1,eatqes_s1_r1_e1,,radio,"No es tímido/a","1, Casi siempre falsa | 2, Generalmente falsa | 3, Algunas veces falsa, otras veces cierta | 4, Generalmente cierta | 5, Casi siempre cierta",,,,,,,y,,,eatqes,,
eatqes_i51_s1_r1_e1,eatqes_s1_r1_e1,,radio,"Es una persona bastante cálida y amigable","1, Casi siempre falsa | 2, Generalmente falsa | 3, Algunas veces falsa, otras veces cierta | 4, Generalmente cierta | 5, Casi siempre cierta",,,,,,,y,,,eatqes,,
eatqes_i52_s1_r1_e1,eatqes_s1_r1_e1,,radio,"A veces parece triste incluso cuando debería estar disfrutando, como en Navidades o en un viaje","1, Casi siempre falsa | 2, Generalmente falsa | 3, Algunas veces falsa, otras veces cierta | 4, Generalmente cierta | 5, Casi siempre cierta",,,,,,,y,,,eatqes,,
eatqes_i53_s1_r1_e1,eatqes_s1_r1_e1,,radio,"No le gusta jugar al futbol o al baloncesto porque le da miedo la pelota","1, Casi siempre falsa | 2, Generalmente falsa | 3, Algunas veces falsa, otras veces cierta | 4, Generalmente cierta | 5, Casi siempre cierta",,,,,,,y,,,eatqes,,
eatqes_i54_s1_r1_e1,eatqes_s1_r1_e1,,radio,"Le gusta conocer gente nueva","1, Casi siempre falsa | 2, Generalmente falsa | 3, Algunas veces falsa, otras veces cierta | 4, Generalmente cierta | 5, Casi siempre cierta",,,,,,,y,,,eatqes,,
eatqes_i55_s1_r1_e1,eatqes_s1_r1_e1,,radio,"Siente miedo cuando entra en una habitación oscura por la noche","1, Casi siempre falsa | 2, Generalmente falsa | 3, Algunas veces falsa, otras veces cierta | 4, Generalmente cierta | 5, Casi siempre cierta",,,,,,,y,,,eatqes,,
eatqes_i56_s1_r1_e1,eatqes_s1_r1_e1,,radio,"No le gustaría montarse en las atracciones de miedo en la feria","1, Casi siempre falsa | 2, Generalmente falsa | 3, Algunas veces falsa, otras veces cierta | 4, Generalmente cierta | 5, Casi siempre cierta",,,,,,,y,,,eatqes,,
eatqes_i57_s1_r1_e1,eatqes_s1_r1_e1,,radio,"Odia que la gente no esté de acuerdo con él/ella","1, Casi siempre falsa | 2, Generalmente falsa | 3, Algunas veces falsa, otras veces cierta | 4, Generalmente cierta | 5, Casi siempre cierta",,,,,,,y,,,eatqes,,
eatqes_i58_s1_r1_e1,eatqes_s1_r1_e1,,radio,"Se frustra mucho cuando comete algun error en el trabajo del instituto","1, Casi siempre falsa | 2, Generalmente falsa | 3, Algunas veces falsa, otras veces cierta | 4, Generalmente cierta | 5, Casi siempre cierta",,,,,,,y,,,eatqes,,
eatqes_i59_s1_r1_e1,eatqes_s1_r1_e1,,radio,"Generalmente es capaz de persistir en sus planes y sus objetivos","1, Casi siempre falsa | 2, Generalmente falsa | 3, Algunas veces falsa, otras veces cierta | 4, Generalmente cierta | 5, Casi siempre cierta",,,,,,,y,,,eatqes,,
eatqes_i60_s1_r1_e1,eatqes_s1_r1_e1,,radio,"Presta mucha atención cuando alguien le explica cómo hacer algo","1, Casi siempre falsa | 2, Generalmente falsa | 3, Algunas veces falsa, otras veces cierta | 4, Generalmente cierta | 5, Casi siempre cierta",,,,,,,y,,,eatqes,,
eatqes_i61_s1_r1_e1,eatqes_s1_r1_e1,,radio,"Se pone nervioso/a cuando se queda solo/a en casa","1, Casi siempre falsa | 2, Generalmente falsa | 3, Algunas veces falsa, otras veces cierta | 4, Generalmente cierta | 5, Casi siempre cierta",,,,,,,y,,,eatqes,,
eatqes_i62_s1_r1_e1,eatqes_s1_r1_e1,,radio,"Es tímido/a al conocer gente nueva","1, Casi siempre falsa | 2, Generalmente falsa | 3, Algunas veces falsa, otras veces cierta | 4, Generalmente cierta | 5, Casi siempre cierta",,,,,,,y,,,eatqes,,
