"Variable / Field Name","Form Name","Section Header","Field Type","Field Label","Choices, Calculations, OR Slider Labels","Field Note","Text Validation Type OR Show Slider Number","Text Validation Min","Text Validation Max",Identifier?,"Branching Logic (Show field only if...)","Required Field?","Custom Alignment","Question Number (surveys only)","Matrix Group Name","Matrix Ranking?","Field Annotation"
pdsf_b_i1_s1_r1_e1,pdsf_b_s1_r1_e1,,radio,"Would you say your growth in height... ","1, Has not yet begun to spurt (""spurt"" means more growth than usual) | 2, Has barely started | 3, Is definitely underway | 4, Seems completed | NA, I don't know",,,,,,,y,LV,1,,,
pdsf_b_i2_s1_r1_e1,pdsf_b_s1_r1_e1,,radio,"And how about the growth of body hair (""body hair"" means underarm and pubic hair)? Would you say that your body hair...","1, Has not yet started growing | 2, Has barely started growing | 3, Is definitely underway | 4, Seems completed | NA, I don't know",,,,,,,y,LV,2,,,
pdsf_b_i3_s1_r1_e1,pdsf_b_s1_r1_e1,,radio,"Have you noticed any skin changes, especially pimples?","1, Not yet started showing changes | 2, Have barely started showing changes | 3, Skin changes are definitely underway | 4, Skin changes seem completed | NA, I don't know",,,,,,,y,LV,3,,,
pdsf_b_i4_s1_r1_e1,pdsf_b_s1_r1_e1,,radio,"Have your breasts begun to grow?","1, Not yet started growing | 2, Has barely started changing | 3, Breast growth is definitely underway | 4, Breast growth seems completed | NA, I don't know",,,,,,,y,LV,4,,,
pdsf_b_i5_s1_r1_e1,pdsf_b_s1_r1_e1,,radio,"Have you begun to menstruate or get your period?","4, Yes | 0, No | NA, I don't know",,,,,,,y,LV,5,,,
pdsf_b_i6_s1_r1_e1,pdsf_b_s1_r1_e1,"The following questions are about the history of your menstrual cycle. If you do not remember specific details, just try to answer as best you can.",text,"How old were you when you started to menstruate?

(If you don't know, please choose ""don't know"" in what follows below.)",,"(In years.)",integer,0,20,,"[pdsf_b_i5_s1_r1_e1] = '1'",,LV,6,,,
pdsf_b_i6dk_s1_r1_e1,pdsf_b_s1_r1_e1,,radio,,"999, I don't know",,,,,,"[pdsf_b_i5_s1_r1_e1] = '1'",,LV,,,,
pdsf_b_i7_s1_r1_e1,pdsf_b_s1_r1_e1,,text,"What was the date of the first day of your last period?",,,date_ymd,,,,"[pdsf_b_i5_s1_r1_e1] = '1'",,LV,,,," @HIDEBUTTON"
pdsf_b_i7dk_s1_r1_e1,pdsf_b_s1_r1_e1,,radio,,"999, I don't know",,,,,,"[pdsf_b_i5_s1_r1_e1] = '1'",,LV,,,,
pdsf_b_i8_s1_r1_e1,pdsf_b_s1_r1_e1,,text,"On average, how many days are there between the first day of your period and the first day of your next period?

(If you don't know, please choose ""don't know"" in what follows below.)",,"(E.g., 30 days.)",integer,17,50,,"[pdsf_b_i5_s1_r1_e1] = '1'",,LV,,,,
pdsf_b_i8dk_s1_r1_e1,pdsf_b_s1_r1_e1,,radio,,"999, I don't know",,,,,,"[pdsf_b_i5_s1_r1_e1] = '1'",,LV,,,,
pdsf_b_i9_s1_r1_e1,pdsf_b_s1_r1_e1,,radio,"Is your menstrual cycle regular?","1, Yes | 0, No | 999, Don't know",,,,,,"[pdsf_b_i5_s1_r1_e1] = '1'",,LV,,,,
pdsf_b_i10_s1_r1_e1,pdsf_b_s1_r1_e1,,radio,"Are you currently using hormonal birth control (eg. the pill, hormone patch, hormone injection)?","1, Yes | 0, No | 999, Don't know",,,,,,"[pdsf_b_i5_s1_r1_e1] = '1'",,LV,,,,
pdsf_b_i11_s1_r1_e1,pdsf_b_s1_r1_e1,,radio,"Do you experience premenstrual symptoms, such as irritability, fatigue, etc., which start before a period and stop within a few days of bleeding?","1, Not at all | 2, Mild | 3, Moderate | 4, Severe",,,,,,"[pdsf_b_i5_s1_r1_e1] = '1'",,LV,,,,
pdsf_b_i12_s1_r1_e1,pdsf_b_s1_r1_e1,,radio,"Do your premenstrual symptoms interfere with your relationships with family and friends, productivity, and/or social life activities?","1, Not at all | 2, Mild | 3, Moderate | 4, Severe",,,,,,"[pdsf_b_i5_s1_r1_e1] = '1'",,LV,,,,
