"Variable / Field Name","Form Name","Section Header","Field Type","Field Label","Choices, Calculations, OR Slider Labels","Field Note","Text Validation Type OR Show Slider Number","Text Validation Min","Text Validation Max",Identifier?,"Branching Logic (Show field only if...)","Required Field?","Custom Alignment","Question Number (surveys only)","Matrix Group Name","Matrix Ranking?","Field Annotation"
rcadsp_i1_s1_r1_e1,rcadsp_s1_r1_e1,"Please select the option that shows how often each of these things happens for your child.",radio,"My child feels sad or empty","0, Never | 1, Sometimes | 2, Often | 3, Always",,,,,,,y,,,rcadsp,,
rcadsp_i2_s1_r1_e1,rcadsp_s1_r1_e1,,radio,"My child worries when he/she thinks he/she has done poorly at something","0, Never | 1, Sometimes | 2, Often | 3, Always",,,,,,,y,,,rcadsp,,
rcadsp_i3_s1_r1_e1,rcadsp_s1_r1_e1,,radio,"My child feels afraid of being alone at home","0, Never | 1, Sometimes | 2, Often | 3, Always",,,,,,,y,,,rcadsp,,
rcadsp_i4_s1_r1_e1,rcadsp_s1_r1_e1,,radio,"Nothing is much fun for my child anymore","0, Never | 1, Sometimes | 2, Often | 3, Always",,,,,,,y,,,rcadsp,,
rcadsp_i5_s1_r1_e1,rcadsp_s1_r1_e1,,radio,"My child worries that something awful will happen to someone in the family","0, Never | 1, Sometimes | 2, Often | 3, Always",,,,,,,y,,,rcadsp,,
rcadsp_i6_s1_r1_e1,rcadsp_s1_r1_e1,,radio,"My child is afraid of being in crowded places (like shopping centers, the movies, buses, busy playgrounds)","0, Never | 1, Sometimes | 2, Often | 3, Always",,,,,,,y,,,rcadsp,,
rcadsp_i7_s1_r1_e1,rcadsp_s1_r1_e1,,radio,"My child worries what other people think of him/her","0, Never | 1, Sometimes | 2, Often | 3, Always",,,,,,,y,,,rcadsp,,
rcadsp_i8_s1_r1_e1,rcadsp_s1_r1_e1,,radio,"My child has trouble sleeping","0, Never | 1, Sometimes | 2, Often | 3, Always",,,,,,,y,,,rcadsp,,
rcadsp_i9_s1_r1_e1,rcadsp_s1_r1_e1,,radio,"My child feels scared to sleep on his/her own","0, Never | 1, Sometimes | 2, Often | 3, Always",,,,,,,y,,,rcadsp,,
rcadsp_i10_s1_r1_e1,rcadsp_s1_r1_e1,,radio,"My child has problems with his/her appetite","0, Never | 1, Sometimes | 2, Often | 3, Always",,,,,,,y,,,rcadsp,,
rcadsp_i11_s1_r1_e1,rcadsp_s1_r1_e1,,radio,"My child suddenly becomes dizzy or faint when there is no reason for this","0, Never | 1, Sometimes | 2, Often | 3, Always",,,,,,,y,,,rcadsp,,
rcadsp_i12_s1_r1_e1,rcadsp_s1_r1_e1,,radio,"My child has to do somethings over and over again (like washing hands, cleaning, or putting things in a certain order)","0, Never | 1, Sometimes | 2, Often | 3, Always",,,,,,,y,,,rcadsp,,
rcadsp_i13_s1_r1_e1,rcadsp_s1_r1_e1,,radio,"My child has no energy for things","0, Never | 1, Sometimes | 2, Often | 3, Always",,,,,,,y,,,rcadsp,,
rcadsp_i14_s1_r1_e1,rcadsp_s1_r1_e1,,radio,"My child suddenly starts to tremble or shake when there is no reason for this","0, Never | 1, Sometimes | 2, Often | 3, Always",,,,,,,y,,,rcadsp,,
rcadsp_i15_s1_r1_e1,rcadsp_s1_r1_e1,,radio,"My child cannot think clearly","0, Never | 1, Sometimes | 2, Often | 3, Always",,,,,,,y,,,rcadsp,,
rcadsp_i16_s1_r1_e1,rcadsp_s1_r1_e1,,radio,"My child feels worthless","0, Never | 1, Sometimes | 2, Often | 3, Always",,,,,,,y,,,rcadsp,,
rcadsp_i17_s1_r1_e1,rcadsp_s1_r1_e1,,radio,"My child has to think of special thoughts (like numbers or words) to stop bad things from happening","0, Never | 1, Sometimes | 2, Often | 3, Always",,,,,,,y,,,rcadsp,,
rcadsp_i18_s1_r1_e1,rcadsp_s1_r1_e1,,radio,"My child thinks about death","0, Never | 1, Sometimes | 2, Often | 3, Always",,,,,,,y,,,rcadsp,,
rcadsp_i19_s1_r1_e1,rcadsp_s1_r1_e1,,radio,"My child feels like he/she does not want to move","0, Never | 1, Sometimes | 2, Often | 3, Always",,,,,,,y,,,rcadsp,,
rcadsp_i20_s1_r1_e1,rcadsp_s1_r1_e1,,radio,"My child worries that he/she will suddenly get a scared feeling when there is nothing to be afraid of","0, Never | 1, Sometimes | 2, Often | 3, Always",,,,,,,y,,,rcadsp,,
rcadsp_i21_s1_r1_e1,rcadsp_s1_r1_e1,,radio,"My child is tired a lot","0, Never | 1, Sometimes | 2, Often | 3, Always",,,,,,,y,,,rcadsp,,
rcadsp_i22_s1_r1_e1,rcadsp_s1_r1_e1,,radio,"My child feels afraid that he/she will make a fool of him/herself in front of people","0, Never | 1, Sometimes | 2, Often | 3, Always",,,,,,,y,,,rcadsp,,
rcadsp_i23_s1_r1_e1,rcadsp_s1_r1_e1,,radio,"My child has to do some things in just the right way to stop bad things from happening","0, Never | 1, Sometimes | 2, Often | 3, Always",,,,,,,y,,,rcadsp,,
rcadsp_i24_s1_r1_e1,rcadsp_s1_r1_e1,,radio,"My child feels restless","0, Never | 1, Sometimes | 2, Often | 3, Always",,,,,,,y,,,rcadsp,,
rcadsp_i25_s1_r1_e1,rcadsp_s1_r1_e1,,radio,"My child worries that something bad will happen to him/her","0, Never | 1, Sometimes | 2, Often | 3, Always",,,,,,,y,,,rcadsp,,
