"Variable / Field Name","Form Name","Section Header","Field Type","Field Label","Choices, Calculations, OR Slider Labels","Field Note","Text Validation Type OR Show Slider Number","Text Validation Min","Text Validation Max",Identifier?,"Branching Logic (Show field only if...)","Required Field?","Custom Alignment","Question Number (surveys only)","Matrix Group Name","Matrix Ranking?","Field Annotation"
tsis_i1_s1_r1_e1,tsis_s1_r1_e1,"For each item, indicate how well it describes you on a scale from 1 (describes me extremely poorly) to 7 (describes me extremely well):",radio,"I can predict other peoples' behavior.","1, describes me extremely poorly | 2,  | 3,  | 4,  | 5,  | 6,  | 7, describes me extremely well",,,,,,,y,,,tsis,,
tsis_i2_s1_r1_e1,tsis_s1_r1_e1,,radio,"I often feel that it is difficult to understand others' choices.","1, describes me extremely poorly | 2,  | 3,  | 4,  | 5,  | 6,  | 7, describes me extremely well",,,,,,,y,,,tsis,,
tsis_i3_s1_r1_e1,tsis_s1_r1_e1,,radio,"I know how my actions will make others feel.","1, describes me extremely poorly | 2,  | 3,  | 4,  | 5,  | 6,  | 7, describes me extremely well",,,,,,,y,,,tsis,,
tsis_i4_s1_r1_e1,tsis_s1_r1_e1,,radio,"I often feel uncertain around new people who I don't know.","1, describes me extremely poorly | 2,  | 3,  | 4,  | 5,  | 6,  | 7, describes me extremely well",,,,,,,y,,,tsis,,
tsis_i5_s1_r1_e1,tsis_s1_r1_e1,,radio,"People often surprise me with the things they do.","1, describes me extremely poorly | 2,  | 3,  | 4,  | 5,  | 6,  | 7, describes me extremely well",,,,,,,y,,,tsis,,
tsis_i6_s1_r1_e1,tsis_s1_r1_e1,,radio,"I understand other peoples' feelings.","1, describes me extremely poorly | 2,  | 3,  | 4,  | 5,  | 6,  | 7, describes me extremely well",,,,,,,y,,,tsis,,
tsis_i7_s1_r1_e1,tsis_s1_r1_e1,,radio,"I fit in easily in social situations.","1, describes me extremely poorly | 2,  | 3,  | 4,  | 5,  | 6,  | 7, describes me extremely well",,,,,,,y,,,tsis,,
tsis_i8_s1_r1_e1,tsis_s1_r1_e1,,radio,"Other people become angry with me without me being able to explain why.","1, describes me extremely poorly | 2,  | 3,  | 4,  | 5,  | 6,  | 7, describes me extremely well",,,,,,,y,,,tsis,,
tsis_i9_s1_r1_e1,tsis_s1_r1_e1,,radio,"I understand others' wishes.","1, describes me extremely poorly | 2,  | 3,  | 4,  | 5,  | 6,  | 7, describes me extremely well",,,,,,,y,,,tsis,,
tsis_i10_s1_r1_e1,tsis_s1_r1_e1,,radio,"I am good at entering new situations and meeting people for the first time.","1, describes me extremely poorly | 2,  | 3,  | 4,  | 5,  | 6,  | 7, describes me extremely well",,,,,,,y,,,tsis,,
tsis_i11_s1_r1_e1,tsis_s1_r1_e1,,radio,"It seems as though people are often angry or irritated with me when I say what I think.","1, describes me extremely poorly | 2,  | 3,  | 4,  | 5,  | 6,  | 7, describes me extremely well",,,,,,,y,,,tsis,,
tsis_i12_s1_r1_e1,tsis_s1_r1_e1,,radio,"I have a hard time getting along with other people.","1, describes me extremely poorly | 2,  | 3,  | 4,  | 5,  | 6,  | 7, describes me extremely well",,,,,,,y,,,tsis,,
tsis_i13_s1_r1_e1,tsis_s1_r1_e1,,radio,"I find people unpredictable.","1, describes me extremely poorly | 2,  | 3,  | 4,  | 5,  | 6,  | 7, describes me extremely well",,,,,,,y,,,tsis,,
tsis_i14_s1_r1_e1,tsis_s1_r1_e1,,radio,"I can often understand what others are trying to accomplish without the need for them to say anything.","1, describes me extremely poorly | 2,  | 3,  | 4,  | 5,  | 6,  | 7, describes me extremely well",,,,,,,y,,,tsis,,
tsis_i15_s1_r1_e1,tsis_s1_r1_e1,,radio,"It takes a long time for me to get to know others well.","1, describes me extremely poorly | 2,  | 3,  | 4,  | 5,  | 6,  | 7, describes me extremely well",,,,,,,y,,,tsis,,
tsis_i16_s1_r1_e1,tsis_s1_r1_e1,,radio,"I have often hurt others without realizing it.","1, describes me extremely poorly | 2,  | 3,  | 4,  | 5,  | 6,  | 7, describes me extremely well",,,,,,,y,,,tsis,,
tsis_i17_s1_r1_e1,tsis_s1_r1_e1,,radio,"I can predict how others will react to my behavior.","1, describes me extremely poorly | 2,  | 3,  | 4,  | 5,  | 6,  | 7, describes me extremely well",,,,,,,y,,,tsis,,
tsis_i18_s1_r1_e1,tsis_s1_r1_e1,,radio,"I am good at getting on good terms with new people.","1, describes me extremely poorly | 2,  | 3,  | 4,  | 5,  | 6,  | 7, describes me extremely well",,,,,,,y,,,tsis,,
tsis_i19_s1_r1_e1,tsis_s1_r1_e1,,radio,"I can often understand what others really mean through their expression, body language, etc.","1, describes me extremely poorly | 2,  | 3,  | 4,  | 5,  | 6,  | 7, describes me extremely well",,,,,,,y,,,tsis,,
tsis_i20_s1_r1_e1,tsis_s1_r1_e1,,radio,"I frequently have problems finding good conversation topics.","1, describes me extremely poorly | 2,  | 3,  | 4,  | 5,  | 6,  | 7, describes me extremely well",,,,,,,y,,,tsis,,
tsis_i21_s1_r1_e1,tsis_s1_r1_e1,,radio,"I am often surprised by others' reactions to what I do.","1, describes me extremely poorly | 2,  | 3,  | 4,  | 5,  | 6,  | 7, describes me extremely well",,,,,,,y,,,tsis,,
