﻿"Variable / Field Name","Form Name","Section Header","Field Type","Field Label","Choices, Calculations, OR Slider Labels","Field Note","Text Validation Type OR Show Slider Number","Text Validation Min","Text Validation Max",Identifier?,"Branching Logic (Show field only if...)","Required Field?","Custom Alignment","Question Number (surveys only)","Matrix Group Name","Matrix Ranking?","Field Annotation"
psses_i1_s1_r1_e1,psses_s1_r1_e1,,radio,"En el último mes, ¿con qué frecuencia ha estado afectado por algo que ha ocurrido inesperadamente?","0, Nunca | 1, Casi nunca | 2, De vez en cuando | 3, A menudo | 4, Muy a menudo",,,,,,,y,,,psses,,
psses_i2_s1_r1_e1,psses_s1_r1_e1,,radio,"En el último mes, ¿con qué frecuencia se ha sentido incapaz de controlar las cosas importantes en su vida?","0, Nunca | 1, Casi nunca | 2, De vez en cuando | 3, A menudo | 4, Muy a menudo",,,,,,,y,,,psses,,
psses_i3_s1_r1_e1,psses_s1_r1_e1,,radio,"En el último mes, ¿con qué frecuencia se ha sentido nervioso y estresado?","0, Nunca | 1, Casi nunca | 2, De vez en cuando | 3, A menudo | 4, Muy a menudo",,,,,,,y,,,psses,,
psses_i4_s1_r1_e1,psses_s1_r1_e1,,radio,"En el último mes, ¿con qué frecuencia ha estado seguro sobre su capacidad para manejar sus problemas personales?","0, Nunca | 1, Casi nunca | 2, De vez en cuando | 3, A menudo | 4, Muy a menudo",,,,,,,y,,,psses,,
psses_i5_s1_r1_e1,psses_s1_r1_e1,,radio,"En el último mes, ¿con qué frecuencia ha sentido que las cosas iban bien?","0, Nunca | 1, Casi nunca | 2, De vez en cuando | 3, A menudo | 4, Muy a menudo",,,,,,,y,,,psses,,
psses_i6_s1_r1_e1,psses_s1_r1_e1,,radio,"En el último mes, ¿con qué frecuencia ha sentido que no podía afrontar todas las cosas que tenía que hacer?","0, Nunca | 1, Casi nunca | 2, De vez en cuando | 3, A menudo | 4, Muy a menudo",,,,,,,y,,,psses,,
psses_i7_s1_r1_e1,psses_s1_r1_e1,,radio,"En el último mes, ¿con qué frecuencia ha podido controlar las irritaciones en su vida?","0, Nunca | 1, Casi nunca | 2, De vez en cuando | 3, A menudo | 4, Muy a menudo",,,,,,,y,,,psses,,
psses_i8_s1_r1_e1,psses_s1_r1_e1,,radio,"En el ultimo mes, ¿con que frecuencia se ha sentido que tenia todo bajo control?","0, Nunca | 1, Casi nunca | 2, De vez en cuando | 3, A menudo | 4, Muy a menudo",,,,,,,y,,,psses,,
psses_i9_s1_r1_e1,psses_s1_r1_e1,,radio,"En el último mes, ¿con qué frecuencia te has enfadado por cosas que estaban fuera de tu control?","0, Nunca | 1, Casi nunca | 2, De vez en cuando | 3, A menudo | 4, Muy a menudo",,,,,,,y,,,psses,,
psses_i10_s1_r1_e1,psses_s1_r1_e1,,radio,"En el último mes, ¿con qué frecuencia ha sentido que las dificultades se acumulan tanto que no puede superarlas?","0, Nunca | 1, Casi nunca | 2, De vez en cuando | 3, A menudo | 4, Muy a menudo",,,,,,,y,,,psses,,
