"Variable / Field Name","Form Name","Section Header","Field Type","Field Label","Choices, Calculations, OR Slider Labels","Field Note","Text Validation Type OR Show Slider Number","Text Validation Min","Text Validation Max",Identifier?,"Branching Logic (Show field only if...)","Required Field?","Custom Alignment","Question Number (surveys only)","Matrix Group Name","Matrix Ranking?","Field Annotation"
lsasca_i1_s1_r1_e1,lsasca_s1_r1_e1,"1. Talking on the phone to classmates or other people.",radio,Fear,"0, None<br>0 | 1, Mild<br>1 | 2, Moderate<br>2 | 3, Severe<br>3",,,,,,,y,,,lsasca_f1,,
lsasca_i2_s1_r1_e1,lsasca_s1_r1_e1,,radio,Avoidance,"0, Never<br>0 | 1, Occasionally<br>1 | 2, Often<br>2 | 3, Usually<br>3",,,,,,,y,,,lsasca_a1,,
lsasca_i3_s1_r1_e1,lsasca_s1_r1_e1,"2. Participating in a small group activity in class.",radio,Fear,"0, None<br>0 | 1, Mild<br>1 | 2, Moderate<br>2 | 3, Severe<br>3",,,,,,,y,,,lsasca_f2,,
lsasca_i4_s1_r1_e1,lsasca_s1_r1_e1,,radio,Avoidance,"0, Never<br>0 | 1, Occasionally<br>1 | 2, Often<br>2 | 3, Usually<br>3",,,,,,,y,,,lsasca_a2,,
lsasca_i5_s1_r1_e1,lsasca_s1_r1_e1,"3. Eating in front of others (e.g., school cafeteria, restaurant).
",radio,Fear,"0, None<br>0 | 1, Mild<br>1 | 2, Moderate<br>2 | 3, Severe<br>3",,,,,,,y,,,lsasca_f3,,
lsasca_i6_s1_r1_e1,lsasca_s1_r1_e1,,radio,Avoidance,"0, Never<br>0 | 1, Occasionally<br>1 | 2, Often<br>2 | 3, Usually<br>3",,,,,,,y,,,lsasca_a3,,
lsasca_i7_s1_r1_e1,lsasca_s1_r1_e1,"4. Asking an adult that you don't know well for help (e.g., store clerk, principal, police officer).",radio,Fear,"0, None<br>0 | 1, Mild<br>1 | 2, Moderate<br>2 | 3, Severe<br>3",,,,,,,y,,,lsasca_f4,,
lsasca_i8_s1_r1_e1,lsasca_s1_r1_e1,,radio,Avoidance,"0, Never<br>0 | 1, Occasionally<br>1 | 2, Often<br>2 | 3, Usually<br>3",,,,,,,y,,,lsasca_a4,,
lsasca_i9_s1_r1_e1,lsasca_s1_r1_e1,"5. Giving an oral report or presentation in class.",radio,Fear,"0, None<br>0 | 1, Mild<br>1 | 2, Moderate<br>2 | 3, Severe<br>3",,,,,,,y,,,lsasca_f5,,
lsasca_i10_s1_r1_e1,lsasca_s1_r1_e1,,radio,Avoidance,"0, Never<br>0 | 1, Occasionally<br>1 | 2, Often<br>2 | 3, Usually<br>3",,,,,,,y,,,lsasca_a5,,
lsasca_i11_s1_r1_e1,lsasca_s1_r1_e1,"6. Going to parties, social gatherings, or other after-school social activities.",radio,Fear,"0, None<br>0 | 1, Mild<br>1 | 2, Moderate<br>2 | 3, Severe<br>3",,,,,,,y,,,lsasca_f6,,
lsasca_i12_s1_r1_e1,lsasca_s1_r1_e1,,radio,Avoidance,"0, Never<br>0 | 1, Occasionally<br>1 | 2, Often<br>2 | 3, Usually<br>3",,,,,,,y,,,lsasca_a6,,
lsasca_i13_s1_r1_e1,lsasca_s1_r1_e1,"7. Writing on the board in front of the class.",radio,Fear,"0, None<br>0 | 1, Mild<br>1 | 2, Moderate<br>2 | 3, Severe<br>3",,,,,,,y,,,lsasca_f7,,
lsasca_i14_s1_r1_e1,lsasca_s1_r1_e1,,radio,Avoidance,"0, Never<br>0 | 1, Occasionally<br>1 | 2, Often<br>2 | 3, Usually<br>3",,,,,,,y,,,lsasca_a7,,
lsasca_i15_s1_r1_e1,lsasca_s1_r1_e1,"8. Talking to other kids that you don't know well.",radio,Fear,"0, None<br>0 | 1, Mild<br>1 | 2, Moderate<br>2 | 3, Severe<br>3",,,,,,,y,,,lsasca_f8,,
lsasca_i16_s1_r1_e1,lsasca_s1_r1_e1,,radio,Avoidance,"0, Never<br>0 | 1, Occasionally<br>1 | 2, Often<br>2 | 3, Usually<br>3",,,,,,,y,,,lsasca_a8,,
lsasca_i17_s1_r1_e1,lsasca_s1_r1_e1,"9. Starting a conversation with people you don't know well.",radio,Fear,"0, None<br>0 | 1, Mild<br>1 | 2, Moderate<br>2 | 3, Severe<br>3",,,,,,,y,,,lsasca_f9,,
lsasca_i18_s1_r1_e1,lsasca_s1_r1_e1,,radio,Avoidance,"0, Never<br>0 | 1, Occasionally<br>1 | 2, Often<br>2 | 3, Usually<br>3",,,,,,,y,,,lsasca_a9,,
lsasca_i19_s1_r1_e1,lsasca_s1_r1_e1,"10. Using school or public bathrooms.",radio,Fear,"0, None<br>0 | 1, Mild<br>1 | 2, Moderate<br>2 | 3, Severe<br>3",,,,,,,y,,,lsasca_f10,,
lsasca_i20_s1_r1_e1,lsasca_s1_r1_e1,,radio,Avoidance,"0, Never<br>0 | 1, Occasionally<br>1 | 2, Often<br>2 | 3, Usually<br>3",,,,,,,y,,,lsasca_a610,,
lsasca_i21_s1_r1_e1,lsasca_s1_r1_e1,"11. Going into a classroom or another place (e.g., church, cafeteria) when other people are already there.",radio,Fear,"0, None<br>0 | 1, Mild<br>1 | 2, Moderate<br>2 | 3, Severe<br>3",,,,,,,y,,,lsasca_f11,,
lsasca_i22_s1_r1_e1,lsasca_s1_r1_e1,,radio,Avoidance,"0, Never<br>0 | 1, Occasionally<br>1 | 2, Often<br>2 | 3, Usually<br>3",,,,,,,y,,,lsasca_a11,,
lsasca_i23_s1_r1_e1,lsasca_s1_r1_e1,"12. Being the center of attention (e.g., your birthday party).",radio,Fear,"0, None<br>0 | 1, Mild<br>1 | 2, Moderate<br>2 | 3, Severe<br>3",,,,,,,y,,,lsasca_f12,,
lsasca_i24_s1_r1_e1,lsasca_s1_r1_e1,,radio,Avoidance,"0, Never<br>0 | 1, Occasionally<br>1 | 2, Often<br>2 | 3, Usually<br>3",,,,,,,y,,,lsasca_a12,,
lsasca_i25_s1_r1_e1,lsasca_s1_r1_e1,"13. Asking questions in class.",radio,Fear,"0, None<br>0 | 1, Mild<br>1 | 2, Moderate<br>2 | 3, Severe<br>3",,,,,,,y,,,lsasca_f13,,
lsasca_i26_s1_r1_e1,lsasca_s1_r1_e1,,radio,Avoidance,"0, Never<br>0 | 1, Occasionally<br>1 | 2, Often<br>2 | 3, Usually<br>3",,,,,,,y,,,lsasca_a13,,
lsasca_i27_s1_r1_e1,lsasca_s1_r1_e1,"14. Answering questions in class.",radio,Fear,"0, None<br>0 | 1, Mild<br>1 | 2, Moderate<br>2 | 3, Severe<br>3",,,,,,,y,,,lsasca_f14,,
lsasca_i28_s1_r1_e1,lsasca_s1_r1_e1,,radio,Avoidance,"0, Never<br>0 | 1, Occasionally<br>1 | 2, Often<br>2 | 3, Usually<br>3",,,,,,,y,,,lsasca_a14,,
lsasca_i29_s1_r1_e1,lsasca_s1_r1_e1,"15. Reading out loud in class.",radio,Fear,"0, None<br>0 | 1, Mild<br>1 | 2, Moderate<br>2 | 3, Severe<br>3",,,,,,,y,,,lsasca_f15,,
lsasca_i30_s1_r1_e1,lsasca_s1_r1_e1,,radio,Avoidance,"0, Never<br>0 | 1, Occasionally<br>1 | 2, Often<br>2 | 3, Usually<br>3",,,,,,,y,,,lsasca_a15,,
lsasca_i31_s1_r1_e1,lsasca_s1_r1_e1,"16. Taking tests.",radio,Fear,"0, None<br>0 | 1, Mild<br>1 | 2, Moderate<br>2 | 3, Severe<br>3",,,,,,,y,,,lsasca_f16,,
lsasca_i32_s1_r1_e1,lsasca_s1_r1_e1,,radio,Avoidance,"0, Never<br>0 | 1, Occasionally<br>1 | 2, Often<br>2 | 3, Usually<br>3",,,,,,,y,,,lsasca_a16,,
lsasca_i33_s1_r1_e1,lsasca_s1_r1_e1,"17. Saying ""no"" when people ask you to do things you don't want to do (e.g., to borrow something or to look at your homework).",radio,Fear,"0, None<br>0 | 1, Mild<br>1 | 2, Moderate<br>2 | 3, Severe<br>3",,,,,,,y,,,lsasca_f17,,
lsasca_i34_s1_r1_e1,lsasca_s1_r1_e1,,radio,Avoidance,"0, Never<br>0 | 1, Occasionally<br>1 | 2, Often<br>2 | 3, Usually<br>3",,,,,,,y,,,lsasca_a17,,
lsasca_i35_s1_r1_e1,lsasca_s1_r1_e1,"18. Telling people that you don't agree with them or that you are mad at them.",radio,Fear,"0, None<br>0 | 1, Mild<br>1 | 2, Moderate<br>2 | 3, Severe<br>3",,,,,,,y,,,lsasca_f18,,
lsasca_i36_s1_r1_e1,lsasca_s1_r1_e1,,radio,Avoidance,"0, Never<br>0 | 1, Occasionally<br>1 | 2, Often<br>2 | 3, Usually<br>3",,,,,,,y,,,lsasca_a18,,
lsasca_i37_s1_r1_e1,lsasca_s1_r1_e1,"19. Looking at people you don't know well in the eye.",radio,Fear,"0, None<br>0 | 1, Mild<br>1 | 2, Moderate<br>2 | 3, Severe<br>3",,,,,,,y,,,lsasca_f19,,
lsasca_i38_s1_r1_e1,lsasca_s1_r1_e1,,radio,Avoidance,"0, Never<br>0 | 1, Occasionally<br>1 | 2, Often<br>2 | 3, Usually<br>3",,,,,,,y,,,lsasca_a19,,
lsasca_i39_s1_r1_e1,lsasca_s1_r1_e1,"20. Asking questions in a store (e.g., to exchange something).",radio,Fear,"0, None<br>0 | 1, Mild<br>1 | 2, Moderate<br>2 | 3, Severe<br>3",,,,,,,y,,,lsasca_f20,,
lsasca_i40_s1_r1_e1,lsasca_s1_r1_e1,,radio,Avoidance,"0, Never<br>0 | 1, Occasionally<br>1 | 2, Often<br>2 | 3, Usually<br>3",,,,,,,y,,,lsasca_a20,,
lsasca_i41_s1_r1_e1,lsasca_s1_r1_e1,"21. Playing a sport or performing in front of other people (e.g., school show, musical performance).",radio,Fear,"0, None<br>0 | 1, Mild<br>1 | 2, Moderate<br>2 | 3, Severe<br>3",,,,,,,y,,,lsasca_f21,,
lsasca_i42_s1_r1_e1,lsasca_s1_r1_e1,,radio,Avoidance,"0, Never<br>0 | 1, Occasionally<br>1 | 2, Often<br>2 | 3, Usually<br>3",,,,,,,y,,,lsasca_a21,,
lsasca_i43_s1_r1_e1,lsasca_s1_r1_e1,"22. Joining a club or group.",radio,Fear,"0, None<br>0 | 1, Mild<br>1 | 2, Moderate<br>2 | 3, Severe<br>3",,,,,,,y,,,lsasca_f22,,
lsasca_i44_s1_r1_e1,lsasca_s1_r1_e1,,radio,Avoidance,"0, Never<br>0 | 1, Occasionally<br>1 | 2, Often<br>2 | 3, Usually<br>3",,,,,,,y,,,lsasca_a22,,
lsasca_i45_s1_r1_e1,lsasca_s1_r1_e1,"23. Meeting new people.",radio,Fear,"0, None<br>0 | 1, Mild<br>1 | 2, Moderate<br>2 | 3, Severe<br>3",,,,,,,y,,,lsasca_f23,,
lsasca_i46_s1_r1_e1,lsasca_s1_r1_e1,,radio,Avoidance,"0, Never<br>0 | 1, Occasionally<br>1 | 2, Often<br>2 | 3, Usually<br>3",,,,,,,y,,,lsasca_a23,,
lsasca_i47_s1_r1_e1,lsasca_s1_r1_e1,"24. Asking a teacher permission to leave the classroom (e.g., go to the bathroom or the school nurse).",radio,Fear,"0, None<br>0 | 1, Mild<br>1 | 2, Moderate<br>2 | 3, Severe<br>3",,,,,,,y,,,lsasca_f24,,
lsasca_i48_s1_r1_e1,lsasca_s1_r1_e1,,radio,Avoidance,"0, Never<br>0 | 1, Occasionally<br>1 | 2, Often<br>2 | 3, Usually<br>3",,,,,,,y,,,lsasca_a24,,
