"Variable / Field Name","Form Name","Section Header","Field Type","Field Label","Choices, Calculations, OR Slider Labels","Field Note","Text Validation Type OR Show Slider Number","Text Validation Min","Text Validation Max",Identifier?,"Branching Logic (Show field only if...)","Required Field?","Custom Alignment","Question Number (surveys only)","Matrix Group Name","Matrix Ranking?","Field Annotation"
posttaskh_i1_s1_r1_e1,posttaskh_s1_r1_e1,,radio,"How well do you think you did on the activity?","1, Not well at all | 2,  | 3,  | 4, Very well",,,,,,,y,,,posttaskhfirst,,
posttaskh_i2_s1_r1_e1,posttaskh_s1_r1_e1,,radio,"How hard did you try?","1, Not at all | 2,  | 3,  | 4, Very much",,,,,,,y,,,posttaskhmain,,
posttaskh_i3_s1_r1_e1,posttaskh_s1_r1_e1,,radio,"How much did it bother you when you made a mistake?","1, Not at all | 2,  | 3,  | 4, Very much",,,,,,,y,,,posttaskhmain,,
posttaskh_i4_s1_r1_e1,posttaskh_s1_r1_e1,,radio,"How anxious or nervous were you during the activity?","1, Not at all | 2,  | 3,  | 4, Very much",,,,,,,y,,,posttaskhmain,,
posttaskh_i5_s1_r1_e1,posttaskh_s1_r1_e1,,radio,"How calm and confident were you during the activity?","1, Not at all | 2,  | 3,  | 4, Very much",,,,,,,y,,,posttaskhmain,,
posttaskh_i6_s1_r1_e1,posttaskh_s1_r1_e1,,radio,"How much did you worry about being judged negatively?","1, Not at all | 2,  | 3,  | 4, Very much",,,,,,,y,,,posttaskhmain,,
posttaskh_i7_s1_r1_e1,posttaskh_s1_r1_e1,,radio,"How much did you think about performing well?","1, Not at all | 2,  | 3,  | 4, Very much",,,,,,,y,,,posttaskhmain,,
posttaskh_i8_s1_r1_e1,posttaskh_s1_r1_e1,"How much did each of the following influence how well you did on the activity?",radio,"Your own ability","1, Not at all | 2,  | 3,  | 4, Very much",,,,,,,y,,,posttaskhinfluence,,
posttaskh_i9_s1_r1_e1,posttaskh_s1_r1_e1,,radio,"Difficulty of the activity","1, Not at all | 2,  | 3,  | 4, Very much",,,,,,,y,,,posttaskhinfluence,,
