﻿"Variable / Field Name","Form Name","Section Header","Field Type","Field Label","Choices, Calculations, OR Slider Labels","Field Note","Text Validation Type OR Show Slider Number","Text Validation Min","Text Validation Max",Identifier?,"Branching Logic (Show field only if...)","Required Field?","Custom Alignment","Question Number (surveys only)","Matrix Group Name","Matrix Ranking?","Field Annotation"
fasapes_i1_s1_r1_e1,fasapes_s1_r1_e1,"Participación en síntomas relacionados a las conductas en el último mes",radio,"¿Con cuanta frecuencia tranquiliza a su hijo/a?","0, Nunca | 1, 1-3 veces por mes | 2, 1-2 veces por semana | 3, 3-6 veces por semana | 4, A diario",,,,,,,y,,,fasapes1,,
fasapes_i2_s1_r1_e1,fasapes_s1_r1_e1,,radio,"¿Con que frecuencia proporcionó elementos que su hijo/a necesitaba por la ansiedad? ","0, Nunca | 1, 1-3 veces por mes | 2, 1-2 veces por semana | 3, 3-6 veces por semana | 4, A diario",,,,,,,y,,,fasapes1,,
fasapes_i3_s1_r1_e1,fasapes_s1_r1_e1,,radio,"¿Con qué frecuencia participó en conductas relacionadas a la ansiedad de su hijo/a?","0, Nunca | 1, 1-3 veces por mes | 2, 1-2 veces por semana | 3, 3-6 veces por semana | 4, A diario",,,,,,,y,,,fasapes1,,
fasapes_i4_s1_r1_e1,fasapes_s1_r1_e1,,radio,"¿Con qué frecuencia ayudo a su hijo/a  a evitar las cosas que le producían ansiedad? ","0, Nunca | 1, 1-3 veces por mes | 2, 1-2 veces por semana | 3, 3-6 veces por semana | 4, A diario",,,,,,,y,,,fasapes1,,
fasapes_i5_s1_r1_e1,fasapes_s1_r1_e1,,radio,"¿Ha evitado hacer cosas, ir a sitios o gente por la ansiedad de su hijo/a?","0, Nunca | 1, 1-3 veces por mes | 2, 1-2 veces por semana | 3, 3-6 veces por semana | 4, A diario",,,,,,,y,,,fasapes1,,
fasapes_i6_s1_r1_e1,fasapes_s1_r1_e1,"Modificación del funcionamiento durante el último mes",radio,"¿Ha modificado la rutina de su familia por los síntomas de su hijo/a?","0, Nunca | 1, 1-3 veces por mes | 2, 1-2 veces por semana | 3, 3-6 veces por semana | 4, A diario",,,,,,,y,,,fasapes2,,
fasapes_i7_s1_r1_e1,fasapes_s1_r1_e1,,radio,"¿Ha tenido que hacer cosas que usualmente serían la responsabilidad de su hijo/a?","0, Nunca | 1, 1-3 veces por mes | 2, 1-2 veces por semana | 3, 3-6 veces por semana | 4, A diario",,,,,,,y,,,fasapes2,,
fasapes_i8_s1_r1_e1,fasapes_s1_r1_e1,,radio,"¿Ha modificado su horario de trabajo por la ansiedad de su hijo/a?","0, Nunca | 1, 1-3 veces por mes | 2, 1-2 veces por semana | 3, 3-6 veces por semana | 4, A diario",,,,,,,y,,,fasapes2,,
fasapes_i9_s1_r1_e1,fasapes_s1_r1_e1,,radio,"¿Ha modificado sus actividades de ocio por la ansiedad de su hijo/a?","0, Nunca | 1, 1-3 veces por mes | 2, 1-2 veces por semana | 3, 3-6 veces por semana | 4, A diario",,,,,,,y,,,fasapes2,,
fasapes_i10_s1_r1_e1,fasapes_s1_r1_e1,"Angustia y consecuencias",radio,"¿El ayudar a su hijo/a de estas maneras le causa angustia?","0, No | 1, Leves | 2, Moderadas | 3, Severas | 4, Extremas",,,,,,,y,,,fasapes3,,
fasapes_i11_s1_r1_e1,fasapes_s1_r1_e1,,radio,"¿Se ha angustiado su hijo/a cuando no le ha proporcianado asistencia? ¿En que grado?","0, No | 1, Leves | 2, Moderadas | 3, Severas | 4, Extremas",,,,,,,y,,,fasapes3,,
fasapes_i12_s1_r1_e1,fasapes_s1_r1_e1,,radio,"¿Su hijo/a se ha enfadado o vuelto abusivo cuando no le ha proporcioando asistencia? ¿En qué grado?","0, No | 1, Leves | 2, Moderadas | 3, Severas | 4, Extremas",,,,,,,y,,,fasapes3,,
fasapes_i13_s1_r1_e1,fasapes_s1_r1_e1,,radio,"¿La ansiedad de su hijo/a ha empeorado cuando no le ha proporcionado asistencia? ¿Cuánto peor?","0, No | 1, Leves | 2, Moderadas | 3, Severas | 4, Extremas",,,,,,,y,,,fasapes3,,
