﻿"Variable / Field Name","Form Name","Section Header","Field Type","Field Label","Choices, Calculations, OR Slider Labels","Field Note","Text Validation Type OR Show Slider Number","Text Validation Min","Text Validation Max",Identifier?,"Branching Logic (Show field only if...)","Required Field?","Custom Alignment","Question Number (surveys only)","Matrix Group Name","Matrix Ranking?","Field Annotation"
fpees_i1_s1_r1_e1,fpees_s1_r1_e1,,radio,"Me incomoda exhibir mis talentos a otras personas, incluso si creo que mis talentos los impresionarán.","0, Para nada cierto | 1,  | 2,  | 3,  | 4, Parcialmente cierto | 5,  | 6,  | 7,  | 8,  | 9, Muy cierto",,,,,,,y,,,fpees,,
fpees_i2_s1_r1_e1,fpees_s1_r1_e1,,radio,"Me sentiría ansioso/a si recibiera un cumplido de una persona que me atrae.","0, Para nada cierto | 1,  | 2,  | 3,  | 4, Parcialmente cierto | 5,  | 6,  | 7,  | 8,  | 9, Muy cierto",,,,,,,y,,,fpees,,
fpees_i3_s1_r1_e1,fpees_s1_r1_e1,,radio,"Trato de elegir ropa que le dé a las personas poca impresión de cómo soy.","0, Para nada cierto | 1,  | 2,  | 3,  | 4, Parcialmente cierto | 5,  | 6,  | 7,  | 8,  | 9, Muy cierto",,,,,,,y,,,fpees,,
fpees_i4_s1_r1_e1,fpees_s1_r1_e1,,radio,"Me incomoda recibir elogios de una figura de autoridad.","0, Para nada cierto | 1,  | 2,  | 3,  | 4, Parcialmente cierto | 5,  | 6,  | 7,  | 8,  | 9, Muy cierto",,,,,,,y,,,fpees,,
fpees_i5_s1_r1_e1,fpees_s1_r1_e1,,radio,"Si tengo algo que decir que creo que un grupo encontrará interesante, típicamente lo digo.","0, Para nada cierto | 1,  | 2,  | 3,  | 4, Parcialmente cierto | 5,  | 6,  | 7,  | 8,  | 9, Muy cierto",,,,,,,y,,,fpees,,
fpees_i6_s1_r1_e1,fpees_s1_r1_e1,,radio,"Preferiría recibir un cumplido de alguien cuando estoy solo/a con esa persona antes que en presencia de otros","0, Para nada cierto | 1,  | 2,  | 3,  | 4, Parcialmente cierto | 5,  | 6,  | 7,  | 8,  | 9, Muy cierto",,,,,,,y,,,fpees,,
fpees_i7_s1_r1_e1,fpees_s1_r1_e1,,radio,"Si estuviera haciendo algo bien frente a otras personas, me preguntaría si lo estoy haciendo ""demasiado bien.""","0, Para nada cierto | 1,  | 2,  | 3,  | 4, Parcialmente cierto | 5,  | 6,  | 7,  | 8,  | 9, Muy cierto",,,,,,,y,,,fpees,,
fpees_i8_s1_r1_e1,fpees_s1_r1_e1,,radio,"Generalmente me siento incómodo/a cuando la gente me hace cumplidos.","0, Para nada cierto | 1,  | 2,  | 3,  | 4, Parcialmente cierto | 5,  | 6,  | 7,  | 8,  | 9, Muy cierto",,,,,,,y,,,fpees,,
fpees_i9_s1_r1_e1,fpees_s1_r1_e1,,radio,"No me gusta ser percibido/a en lugares públicos, incluso si siento que estoy siendo admirado/a.","0, Para nada cierto | 1,  | 2,  | 3,  | 4, Parcialmente cierto | 5,  | 6,  | 7,  | 8,  | 9, Muy cierto",,,,,,,y,,,fpees,,
fpees_i10_s1_r1_e1,fpees_s1_r1_e1,,radio,"Me siento subvalorado/a a menudo, y deseo que la gente comentara más acerca de mis cualidades positivas.","0, Para nada cierto | 1,  | 2,  | 3,  | 4, Parcialmente cierto | 5,  | 6,  | 7,  | 8,  | 9, Muy cierto",,,,,,,y,,,fpees,,
