﻿"Variable / Field Name","Form Name","Section Header","Field Type","Field Label","Choices, Calculations, OR Slider Labels","Field Note","Text Validation Type OR Show Slider Number","Text Validation Min","Text Validation Max",Identifier?,"Branching Logic (Show field only if...)","Required Field?","Custom Alignment","Question Number (surveys only)","Matrix Group Name","Matrix Ranking?","Field Annotation"
phq8es_i1_s1_r1_e1,phq8es_s1_r1_e1,,radio,"Poco interés o placer en hacer cosas","0, Ningún día | 1, Varios días | 2, Más de la mitad de los días | 3, Casi todos los días",,,,,,,y,,,phq8es,,
phq8es_i2_s1_r1_e1,phq8es_s1_r1_e1,,radio,"Se ha sentido decaído(a), deprimido(a) o sin esperanzas","0, Ningún día | 1, Varios días | 2, Más de la mitad de los días | 3, Casi todos los días",,,,,,,y,,,phq8es,,
phq8es_i3_s1_r1_e1,phq8es_s1_r1_e1,,radio,"Ha tenido dificultad para quedarse o permanecer dormido(a), o ha dormido demasiado","0, Ningún día | 1, Varios días | 2, Más de la mitad de los días | 3, Casi todos los días",,,,,,,y,,,phq8es,,
phq8es_i4_s1_r1_e1,phq8es_s1_r1_e1,,radio,"Se ha sentido cansado(a) o con poca energía","0, Ningún día | 1, Varios días | 2, Más de la mitad de los días | 3, Casi todos los días",,,,,,,y,,,phq8es,,
phq8es_i5_s1_r1_e1,phq8es_s1_r1_e1,,radio,"Sin apetito o ha comido en exceso","0, Ningún día | 1, Varios días | 2, Más de la mitad de los días | 3, Casi todos los días",,,,,,,y,,,phq8es,,
phq8es_i6_s1_r1_e1,phq8es_s1_r1_e1,,radio,"Se ha sentido mal con usted mismo(a) - o que es un fracaso o que ha quedado mal con usted mismo(a) o con su familia","0, Ningún día | 1, Varios días | 2, Más de la mitad de los días | 3, Casi todos los días",,,,,,,y,,,phq8es,,
phq8es_i7_s1_r1_e1,phq8es_s1_r1_e1,,radio,"Ha tenido dificultad para concentrarse en ciertas actividades, tales como leer el periódico o ver la televisión","0, Ningún día | 1, Varios días | 2, Más de la mitad de los días | 3, Casi todos los días",,,,,,,y,,,phq8es,,
phq8es_i8_s1_r1_e1,phq8es_s1_r1_e1,,radio,"¿Se ha movido o hablado tan lento que otras personas podrían haberlo notado? o lo contrario - muy inquieto(a) o agitado(a) que ha estado moviéndose mucho más de lo normal","0, Ningún día | 1, Varios días | 2, Más de la mitad de los días | 3, Casi todos los días",,,,,,,y,,,phq8es,,
