"Variable / Field Name","Form Name","Section Header","Field Type","Field Label","Choices, Calculations, OR Slider Labels","Field Note","Text Validation Type OR Show Slider Number","Text Validation Min","Text Validation Max",Identifier?,"Branching Logic (Show field only if...)","Required Field?","Custom Alignment","Question Number (surveys only)","Matrix Group Name","Matrix Ranking?","Field Annotation"
cdi2_example,cdi2_s1_r1_e1,,radio,"Here is an example of how this form works. Try it. 
Put a mark next to the sentence that describes you best. ","0, I read books all the time | 1, I read books once in a while | 2, I never read books",,,,,,,y,LV,,,,
cdi2_i1_s1_r1_e1,cdi2_s1_r1_e1,,radio,"Item 1","0, I am sad once in a while. | 1, I am sad many times. | 2, I am sad all the time.",,,,,,,y,LV,,,,
cdi2_i2_s1_r1_e1,cdi2_s1_r1_e1,,radio,"Item 2","0, Nothing will ever work out for me. | 1, I am not sure if things will work out for me. | 2, Things will work out for me O.K.",,,,,,,y,LV,,,,
cdi2_i3_s1_r1_e1,cdi2_s1_r1_e1,,radio,"Item 3","0, I do most things O.K. | 1, I do many things wrong. | 2, I do everything wrong.",,,,,,,y,LV,,,,
cdi2_i4_s1_r1_e1,cdi2_s1_r1_e1,,radio,"Item 4","0, I have fun in many things. | 1, I have fun in some things. | 2, Nothing is fun at all.",,,,,,,y,LV,,,,
cdi2_i5_s1_r1_e1,cdi2_s1_r1_e1,,radio,"Item 5","0, I am important to my family. | 1, I am not sure if I am important to my family. | 2, My family is better off without me.",,,,,,,y,LV,,,,
cdi2_i6_s1_r1_e1,cdi2_s1_r1_e1,,radio,"Item 6","0, I hate myself. | 1, I do not like myself. | 2, I like myself.",,,,,,,y,LV,,,,
cdi2_i7_s1_r1_e1,cdi2_s1_r1_e1,,radio,"Item 7","0, All bad things are my fault. | 1, Many bad things are my fault. | 2, Bad things are usually not my fault.",,,,,,,y,LV,,,,
cdi2_i8_s1_r1_e1,cdi2_s1_r1_e1,,radio,"Item 8","0, I do not think about killing myself. | 1, I think about killing myself but would not do it. | 2, I want to kill myself.",,,,,,,y,LV,,,,
cdi2_i9_s1_r1_e1,cdi2_s1_r1_e1,,radio,"Item 9","0, I feel like crying every day. | 1, I feel like crying many days. | 2, I feel like crying once in a while.",,,,,,,y,LV,,,,
cdi2_i10_s1_r1_e1,cdi2_s1_r1_e1,,radio,"Item 10","0, I feel cranky all the time. | 1, I feel cranky many times. | 2, I am almost never cranky.",,,,,,,y,LV,,,,
cdi2_i11_s1_r1_e1,cdi2_s1_r1_e1,,radio,"Item 11","0, I feel like being with people. | 1, I do not like being with people many times. | 2, I do not want to be with people at all.",,,,,,,y,LV,,,,
cdi2_i12_s1_r1_e1,cdi2_s1_r1_e1,,radio,"Item 12","0, I cannot make up my mind about things. | 1, It is hard to make up my mind about things. | 2, I make up my mind about things easily.",,,,,,,y,LV,,,,
cdi2_i13_s1_r1_e1,cdi2_s1_r1_e1,,radio,"Item 13","0, I look O.K. | 1, There are some bad things about my looks. | 2, I look ugly.",,,,,,,y,LV,,,,
cdi2_i14_s1_r1_e1,cdi2_s1_r1_e1,,radio,"Item 14","0, I have to push myself all the time to do schoolwork. | 1, I have to push myself many times to do schoolwork. | 2, Doing schoolwork is not a big problem.",,,,,,,y,LV,,,,
cdi2_i15_s1_r1_e1,cdi2_s1_r1_e1,,radio,"Item 15","0, I have trouble sleeping every night. | 1, I have trouble sleeping many nights. | 2, I sleep pretty well.",,,,,,,y,LV,,,,
cdi2_i16_s1_r1_e1,cdi2_s1_r1_e1,,radio,"Item 16","0, I am tired once in a while. | 1, I am tired many days. | 2, I am tired all the time.",,,,,,,y,LV,,,,
cdi2_i17_s1_r1_e1,cdi2_s1_r1_e1,,radio,"Item 17","0, Most days I do not feel like eating. | 1, Many days I do not feel like eating. | 2, I eat pretty well.",,,,,,,y,LV,,,,
cdi2_i18_s1_r1_e1,cdi2_s1_r1_e1,,radio,"Item 18","0, I do not worry about aches and pains. | 1, I worry about aches and pains many times. | 2, I worry about aches and pains all the time.",,,,,,,y,LV,,,,
cdi2_i19_s1_r1_e1,cdi2_s1_r1_e1,,radio,"Item 19","0, I do not feel alone. | 1, I feel alone many times. | 2, I feel alone all the time.",,,,,,,y,LV,,,,
cdi2_i20_s1_r1_e1,cdi2_s1_r1_e1,,radio,"Item 20","0, I never have fun at school. | 1, I have fun at school only once in a while. | 2, I have fun at school many times.",,,,,,,y,LV,,,,
cdi2_i21_s1_r1_e1,cdi2_s1_r1_e1,,radio,"Item 21","0, I have plenty of friends. | 1, I have some friends but I wish I had more. | 2, I do not have any friends.",,,,,,,y,LV,,,,
cdi2_i22_s1_r1_e1,cdi2_s1_r1_e1,,radio,"Item 22","0, My schoolwork is alright. | 1, My schoolwork is not as good as before. | 2, I do very badly in subjects I used to be good in.",,,,,,,y,LV,,,,
cdi2_i23_s1_r1_e1,cdi2_s1_r1_e1,,radio,"Item 23","0, I can never be as good as other kids. | 1, I can be as good as other kids if I want to. | 2, I am just as good as other kids.",,,,,,,y,LV,,,,
cdi2_i24_s1_r1_e1,cdi2_s1_r1_e1,,radio,"Item 24","0, Nobody really loves me. | 1, I am not sure if anybody loves me. | 2, I am sure that somebody loves me.",,,,,,,y,LV,,,,
cdi2_i25_s1_r1_e1,cdi2_s1_r1_e1,,radio,"Item 25","0, It is easy for me to get along with friends. | 1, I get into arguments with friends many times. | 2, I get into arguments with friends all the time.",,,,,,,y,LV,,,,
cdi2_i26_s1_r1_e1,cdi2_s1_r1_e1,,radio,"Item 26","0, I fall asleep during the day all the time. | 1, I fall asleep during the day many times. | 2, I almost never fall asleep during the day.",,,,,,,y,LV,,,,
cdi2_i27_s1_r1_e1,cdi2_s1_r1_e1,,radio,"Item 27","0, Most days I feel like I can't stop eating. | 1, Many days I feel like I can't stop eating. | 2, My eating is O.K.",,,,,,,y,LV,,,,
cdi2_i28_s1_r1_e1,cdi2_s1_r1_e1,,radio,"Item 28","0, It is easy for me to remember things. | 1, It is a little hard to remember things. | 2, It is very hard to remember things.",,,,,,,y,LV,,,,
