﻿"Variable / Field Name","Form Name","Section Header","Field Type","Field Label","Choices, Calculations, OR Slider Labels","Field Note","Text Validation Type OR Show Slider Number","Text Validation Min","Text Validation Max",Identifier?,"Branching Logic (Show field only if...)","Required Field?","Custom Alignment","Question Number (surveys only)","Matrix Group Name","Matrix Ranking?","Field Annotation"
pdspes_i0_s1_r1_e1,pdspes_s1_r1_e1,,radio,"Qué sexo se le asignó al niño/a cuando nació, en su acta de nacimiento original?","1, Masculino | 2, Femenino | 3, Entre sexo-masculino | 4, Entre sexo-femenino | 999, No sé",,,,,,,y,LV,,,,
pdspes_i1_s1_r1_e1,pdspes_s1_r1_e1,,radio,"Con respecto a la estatura de su niño(a), ¿diría usted que...?","1, Aún no ha empezado a crecer | 2, Apenas ha empezado a crecer | 3, Definitivamente está creciendo | 4, Parece haber terminado de crecer | NA, No sé",,,,,,,y,LV,,,,
pdspes_i2_s1_r1_e1,pdspes_s1_r1_e1,,radio,"¿Y qué diría del crecimiento del vello corporal de su niño(a) (""vello corporal"" se refiere al vello que crece en cualquier parte del cuerpo que no sea el pelo de la cabeza, como en las axilas)?¿Diría usted que el vello corporal de su niño(a)...?","1, Aún no le ha empezado a salir | 2, Apenas le está empezando a salir | 3, Definitivamente ya le está saliendo | 4, Parece haber terminado de salir | NA, No sé",,,,,,,y,LV,,,,
pdspes_i3_s1_r1_e1,pdspes_s1_r1_e1,,radio,"¿Ha notado cambios en la piel de su niño(a), particularmente acné, granos o espinillas?","1, Su piel aún no ha empezado a mostrar cambios | 2, Su piel apenas ha empezado a mostrar cambios | 3, Definitivamente ya están ocurriendo cambios en su piel | 4, Parece haber terminado de cambiarle la piel | NA, No sé",,,,,,,y,LV,,,,
pdspes_i4_s1_r1_e1,pdspes_s1_r1_e1,,radio,"¿Ha notado que los senos de su niña han empezado a crecer?","1, Aún no le han empezado a crecer | 2, Apenas le han empezado a crecer | 3, Definitivamente ya le están creciendo los senos | 4, Sus senos ya parecen haber terminado de crecer | NA, No sé",,,,,,"[pdspes_i0_s1_r1_e1] = '2' or [pdspes_i0_s1_r1_e1] = '4'",y,LV,,,,
pdspes_i5_s1_r1_e1,pdspes_s1_r1_e1,,radio,"Su niña ha comenzado la menstruación?","4, Sí | 0, No | 999, No sé",,,,,,"[pdspes_i0_s1_r1_e1] = '2' or [pdspes_i0_s1_r1_e1] = '4'",y,LV,,,,
pdspes_i6_s1_r1_e1,pdspes_s1_r1_e1,,text,"Qué edad tenía cuando empezó a menstruar?",,"(En años.) ",integer,1,20,,"[pdspes_i5_s1_r1_e1] = '4'",,LV,,,,
pdspes_i6dk_s1_r1_e1,pdspes_s1_r1_e1,,checkbox,"Qué edad tenía cuando empezó a menstruar?","999, No sé",,,,,,"[pdspes_i5_s1_r1_e1] = '4'",,,,,,
pdspes_i6disp_embed,pdspes_s1_r1_e1,,descriptive,"<div class=""rich-text-field-label""><table style=""border-collapse: collapse; width: 75.5305%; border-style: hidden;"" border=""1""> <tbody> <tr> <td style=""width: 72.2316%;"">Qué edad tenía cuando empezó a menstruar?</td> <td style=""width: 24.5152%; border-style: hidden;""> <p><span style=""font-weight: normal;"">{pdspes_i6_s1_r1_e1} (En años.) </span></p> <p><span style=""font-weight: normal;"">{pdspes_i6dk_s1_r1_e1}</span></p> </td> </tr> </tbody> </table></div>",,,,,,,"[pdspes_i5_s1_r1_e1] = '4'",,,,,,
pdspes_i7_s1_r1_e1,pdspes_s1_r1_e1,,radio,"¿Ha notado que la voz de su niño se ha vuelto más profunda?","1, Su voz aún no ha empezado a cambiar | 2, Su voz apenas ha empezado a cambiar | 3, Definitivamente ya están ocurriendo cambios en su voz | 4, Parece haber terminado de cambiar su voz | NA, No sé",,,,,,"[pdspes_i0_s1_r1_e1] = '1' or [pdspes_i0_s1_r1_e1] = '3'",y,LV,,,,
pdspes_i8_s1_r1_e1,pdspes_s1_r1_e1,,radio,"¿A su niño le ha empezado a crecer vello en la cara?","1, Aún no le ha empezado a salir vello facial | 2, Apenas le ha empezado a salir vello facial | 3, Definitivamente ya le ha empezado a salir vello facial | 4, Ya parece haber terminado de salirle el vello facial | NA, No sé",,,,,,"[pdspes_i0_s1_r1_e1] = '1' or [pdspes_i0_s1_r1_e1] = '3'",y,LV,,,,
