"Variable / Field Name","Form Name","Section Header","Field Type","Field Label","Choices, Calculations, OR Slider Labels","Field Note","Text Validation Type OR Show Slider Number","Text Validation Min","Text Validation Max",Identifier?,"Branching Logic (Show field only if...)","Required Field?","Custom Alignment","Question Number (surveys only)","Matrix Group Name","Matrix Ranking?","Field Annotation"
panasrtq_describe_s1_r1_e1,panasrtq_s1_r1_e1,,notes,"Recall the last time you felt especially distressed or upset. Briefly describe this situation in terms of what happened and what you did.",,,,,,,,y,,,,,
panasrtq_i1_s1_r1_e1,panasrtq_s1_r1_e1,"Think about how you felt at the time of the situation. Rate how strongly you felt each of the following emotions:",radio,Distressed,"1, Very slightly or not at all | 2, A little | 3, Moderately | 4, Quite a bit | 5, Extremely",,,,,,,y,,,panas_s1_r1_e1,,
panasrtq_i2_s1_r1_e1,panasrtq_s1_r1_e1,,radio,Upset,"1, Very slightly or not at all | 2, A little | 3, Moderately | 4, Quite a bit | 5, Extremely",,,,,,,y,,,panas_s1_r1_e1,,
panasrtq_i3_s1_r1_e1,panasrtq_s1_r1_e1,,radio,Guilty,"1, Very slightly or not at all | 2, A little | 3, Moderately | 4, Quite a bit | 5, Extremely",,,,,,,y,,,panas_s1_r1_e1,,
panasrtq_i4_s1_r1_e1,panasrtq_s1_r1_e1,,radio,Scared,"1, Very slightly or not at all | 2, A little | 3, Moderately | 4, Quite a bit | 5, Extremely",,,,,,,y,,,panas_s1_r1_e1,,
panasrtq_i5_s1_r1_e1,panasrtq_s1_r1_e1,,radio,Hostile,"1, Very slightly or not at all | 2, A little | 3, Moderately | 4, Quite a bit | 5, Extremely",,,,,,,y,,,panas_s1_r1_e1,,
panasrtq_i6_s1_r1_e1,panasrtq_s1_r1_e1,,radio,Irritable,"1, Very slightly or not at all | 2, A little | 3, Moderately | 4, Quite a bit | 5, Extremely",,,,,,,y,,,panas_s1_r1_e1,,
panasrtq_i7_s1_r1_e1,panasrtq_s1_r1_e1,,radio,Ashamed,"1, Very slightly or not at all | 2, A little | 3, Moderately | 4, Quite a bit | 5, Extremely",,,,,,,y,,,panas_s1_r1_e1,,
panasrtq_i8_s1_r1_e1,panasrtq_s1_r1_e1,,radio,Nervous,"1, Very slightly or not at all | 2, A little | 3, Moderately | 4, Quite a bit | 5, Extremely",,,,,,,y,,,panas_s1_r1_e1,,
panasrtq_i9_s1_r1_e1,panasrtq_s1_r1_e1,,radio,Jittery,"1, Very slightly or not at all | 2, A little | 3, Moderately | 4, Quite a bit | 5, Extremely",,,,,,,y,,,panas_s1_r1_e1,,
panasrtq_i10_s1_r1_e1,panasrtq_s1_r1_e1,,radio,Afraid,"1, Very slightly or not at all | 2, A little | 3, Moderately | 4, Quite a bit | 5, Extremely",,,,,,,y,,,panas_s1_r1_e1,,
panasrtq_i11_s1_r1_e1,panasrtq_s1_r1_e1,"Please answer the following questions in relation to the situation you have just described. How true (1-5) are each of these statements with respect to your experience after the situation?",radio,"I had thoughts or images about the situation that occurred over and over again, that resulted in my feelings getting worse and worse.","1, Not true at all | 2,  | 3, Somewhat true | 4,  | 5, Very true",,,,,,,y,,,rtq_s1_r1_e1,,
panasrtq_i12_s1_r1_e1,panasrtq_s1_r1_e1,,radio,"There was nothing more I could do about the situation, so I didn't think about it anymore.","1, Not true at all | 2,  | 3, Somewhat true | 4,  | 5, Very true",,,,,,,y,,,rtq_s1_r1_e1,,
panasrtq_i13_s1_r1_e1,panasrtq_s1_r1_e1,,radio,"I listened to sad music","1, Not true at all | 2,  | 3, Somewhat true | 4,  | 5, Very true",,,,,,,y,,,rtq_s1_r1_e1,,
panasrtq_i14_s1_r1_e1,panasrtq_s1_r1_e1,,radio,"I had thoughts or images about turning the clock back to do something again, but doing it better.","1, Not true at all | 2,  | 3, Somewhat true | 4,  | 5, Very true",,,,,,,y,,,rtq_s1_r1_e1,,
panasrtq_i15_s1_r1_e1,panasrtq_s1_r1_e1,,radio,"I had thoughts or images about all my shortcomings, failings, faults, mistakes.","1, Not true at all | 2,  | 3, Somewhat true | 4,  | 5, Very true",,,,,,,y,,,rtq_s1_r1_e1,,
panasrtq_i16_s1_r1_e1,panasrtq_s1_r1_e1,,radio,"I went some place alone to think about my feelings.","1, Not true at all | 2,  | 3, Somewhat true | 4,  | 5, Very true",,,,,,,y,,,rtq_s1_r1_e1,,
panasrtq_i17_s1_r1_e1,panasrtq_s1_r1_e1,,radio,"My thoughts overwhelmed me","1, Not true at all | 2,  | 3, Somewhat true | 4,  | 5, Very true",,,,,,,y,,,rtq_s1_r1_e1,,
panasrtq_i18_s1_r1_e1,panasrtq_s1_r1_e1,,radio,"I had thoughts or images like ""Why do I have problems other people don't have?""","1, Not true at all | 2,  | 3, Somewhat true | 4,  | 5, Very true",,,,,,,y,,,rtq_s1_r1_e1,,
panasrtq_i19_s1_r1_e1,panasrtq_s1_r1_e1,,radio,"When I was under pressure, I thought a lot about the situation","1, Not true at all | 2,  | 3, Somewhat true | 4,  | 5, Very true",,,,,,,y,,,rtq_s1_r1_e1,,
panasrtq_i20_s1_r1_e1,panasrtq_s1_r1_e1,,radio,"I had thoughts or images about a past event that came into my head even when I did not wish to think about it again","1, Not true at all | 2,  | 3, Somewhat true | 4,  | 5, Very true",,,,,,,y,,,rtq_s1_r1_e1,,
panasrtq_i21_s1_r1_e1,panasrtq_s1_r1_e1,,radio,"I had thoughts or images that ""I won't be able to do my job/work because I feel so badly.""","1, Not true at all | 2,  | 3, Somewhat true | 4,  | 5, Very true",,,,,,,y,,,rtq_s1_r1_e1,,
panasrtq_i22_s1_r1_e1,panasrtq_s1_r1_e1,,radio,"I went away by myself and thought about why I felt this way.","1, Not true at all | 2,  | 3, Somewhat true | 4,  | 5, Very true",,,,,,,y,,,rtq_s1_r1_e1,,
panasrtq_i23_s1_r1_e1,panasrtq_s1_r1_e1,,radio,"I had thoughts or images about the situation that resulted in me avoiding similar situations and that reinforced a decision to avoid similar situations.","1, Not true at all | 2,  | 3, Somewhat true | 4,  | 5, Very true",,,,,,,y,,,rtq_s1_r1_e1,,
panasrtq_i24_s1_r1_e1,panasrtq_s1_r1_e1,,radio,"I found it easy to dismiss distressing thoughts about the situation","1, Not true at all | 2,  | 3, Somewhat true | 4,  | 5, Very true",,,,,,,y,,,rtq_s1_r1_e1,,
panasrtq_i25_s1_r1_e1,panasrtq_s1_r1_e1,,radio,"I had thoughts or images like ""Why can't I get going?""","1, Not true at all | 2,  | 3, Somewhat true | 4,  | 5, Very true",,,,,,,y,,,rtq_s1_r1_e1,,
panasrtq_i26_s1_r1_e1,panasrtq_s1_r1_e1,,radio,"I had thoughts or images of the situation that were difficult to forget.","1, Not true at all | 2,  | 3, Somewhat true | 4,  | 5, Very true",,,,,,,y,,,rtq_s1_r1_e1,,
panasrtq_i27_s1_r1_e1,panasrtq_s1_r1_e1,,radio,"I was always thinking about something.","1, Not true at all | 2,  | 3, Somewhat true | 4,  | 5, Very true",,,,,,,y,,,rtq_s1_r1_e1,,
panasrtq_i28_s1_r1_e1,panasrtq_s1_r1_e1,,radio,"I didn't tend to think about it (the situation)","1, Not true at all | 2,  | 3, Somewhat true | 4,  | 5, Very true",,,,,,,y,,,rtq_s1_r1_e1,,
panasrtq_i29_s1_r1_e1,panasrtq_s1_r1_e1,,radio,"Once I started thinking about the situation, I couldn't stop.","1, Not true at all | 2,  | 3, Somewhat true | 4,  | 5, Very true",,,,,,,y,,,rtq_s1_r1_e1,,
panasrtq_i30_s1_r1_e1,panasrtq_s1_r1_e1,,radio,"I didn't have enough time to do everything, so I didn't think about it","1, Not true at all | 2,  | 3, Somewhat true | 4,  | 5, Very true",,,,,,,y,,,rtq_s1_r1_e1,,
panasrtq_i31_s1_r1_e1,panasrtq_s1_r1_e1,,radio,"I had thoughts or images about how alone I felt.","1, Not true at all | 2,  | 3, Somewhat true | 4,  | 5, Very true",,,,,,,y,,,rtq_s1_r1_e1,,
panasrtq_i32_s1_r1_e1,panasrtq_s1_r1_e1,,radio,"I had a lot of thoughts or images of the situation after it was over.","1, Not true at all | 2,  | 3, Somewhat true | 4,  | 5, Very true",,,,,,,y,,,rtq_s1_r1_e1,,
panasrtq_i33_s1_r1_e1,panasrtq_s1_r1_e1,,radio,"I noticed that I had been thinking about the situation.","1, Not true at all | 2,  | 3, Somewhat true | 4,  | 5, Very true",,,,,,,y,,,rtq_s1_r1_e1,,
panasrtq_i34_s1_r1_e1,panasrtq_s1_r1_e1,,radio,"I had thoughts or images of the situation that I tried to resist thinking about.","1, Not true at all | 2,  | 3, Somewhat true | 4,  | 5, Very true",,,,,,,y,,,rtq_s1_r1_e1,,
panasrtq_i35_s1_r1_e1,panasrtq_s1_r1_e1,,radio,"I had thoughts or images about how angry I was with myself.","1, Not true at all | 2,  | 3, Somewhat true | 4,  | 5, Very true",,,,,,,y,,,rtq_s1_r1_e1,,
panasrtq_i36_s1_r1_e1,panasrtq_s1_r1_e1,,radio,"I thought about the situation all the time.","1, Not true at all | 2,  | 3, Somewhat true | 4,  | 5, Very true",,,,,,,y,,,rtq_s1_r1_e1,,
panasrtq_i37_s1_r1_e1,panasrtq_s1_r1_e1,,radio,"I thought about the situation until it was all done","1, Not true at all | 2,  | 3, Somewhat true | 4,  | 5, Very true",,,,,,,y,,,rtq_s1_r1_e1,,
panasrtq_i38_s1_r1_e1,panasrtq_s1_r1_e1,,radio,"I knew I shouldn't have thought about the situation, but I couldn't help it","1, Not true at all | 2,  | 3, Somewhat true | 4,  | 5, Very true",,,,,,,y,,,rtq_s1_r1_e1,,
panasrtq_i39_s1_r1_e1,panasrtq_s1_r1_e1,,radio,"I had thoughts or images asking ""Why do I always react this way?""","1, Not true at all | 2,  | 3, Somewhat true | 4,  | 5, Very true",,,,,,,y,,,rtq_s1_r1_e1,,
panasrtq_i40_s1_r1_e1,panasrtq_s1_r1_e1,,radio,"I had thoughts or images about the situation and wishing it had gone better.","1, Not true at all | 2,  | 3, Somewhat true | 4,  | 5, Very true",,,,,,,y,,,rtq_s1_r1_e1,,
panasrtq_i41_s1_r1_e1,panasrtq_s1_r1_e1,,radio,"The situation really made me think","1, Not true at all | 2,  | 3, Somewhat true | 4,  | 5, Very true",,,,,,,y,,,rtq_s1_r1_e1,,
