"Variable / Field Name","Form Name","Section Header","Field Type","Field Label","Choices, Calculations, OR Slider Labels","Field Note","Text Validation Type OR Show Slider Number","Text Validation Min","Text Validation Max",Identifier?,"Branching Logic (Show field only if...)","Required Field?","Custom Alignment","Question Number (surveys only)","Matrix Group Name","Matrix Ranking?","Field Annotation"
scaared_b_i1_s1_r1_e1,scaared_b_s1_r1_e1,,radio,"When I feel nervous, it is hard for me to breathe.","0, Not true or hardly ever true | 1, Somewhat true or sometimes true | 2, Very true or often true",,,,,,,y,,,scaared,,
scaared_b_i2_s1_r1_e1,scaared_b_s1_r1_e1,,radio,"I get headaches when I am at school, at work or in public places.","0, Not true or hardly ever true | 1, Somewhat true or sometimes true | 2, Very true or often true",,,,,,,y,,,scaared,,
scaared_b_i3_s1_r1_e1,scaared_b_s1_r1_e1,,radio,"I don't like to be with people I don't know well.","0, Not true or hardly ever true | 1, Somewhat true or sometimes true | 2, Very true or often true",,,,,,,y,,,scaared,,
scaared_b_i4_s1_r1_e1,scaared_b_s1_r1_e1,,radio,"I get nervous if I sleep away from home.","0, Not true or hardly ever true | 1, Somewhat true or sometimes true | 2, Very true or often true",,,,,,,y,,,scaared,,
scaared_b_i5_s1_r1_e1,scaared_b_s1_r1_e1,,radio,"I worry about people liking me.","0, Not true or hardly ever true | 1, Somewhat true or sometimes true | 2, Very true or often true",,,,,,,y,,,scaared,,
scaared_b_i6_s1_r1_e1,scaared_b_s1_r1_e1,,radio,"When I get anxious, I feel like passing out.","0, Not true or hardly ever true | 1, Somewhat true or sometimes true | 2, Very true or often true",,,,,,,y,,,scaared,,
scaared_b_i7_s1_r1_e1,scaared_b_s1_r1_e1,,radio,"I am nervous.","0, Not true or hardly ever true | 1, Somewhat true or sometimes true | 2, Very true or often true",,,,,,,y,,,scaared,,
scaared_b_i8_s1_r1_e1,scaared_b_s1_r1_e1,,radio,"It is hard for me to stop worrying.","0, Not true or hardly ever true | 1, Somewhat true or sometimes true | 2, Very true or often true",,,,,,,y,,,scaared,,
scaared_b_i9_s1_r1_e1,scaared_b_s1_r1_e1,,radio,"People tell me that I look nervous.","0, Not true or hardly ever true | 1, Somewhat true or sometimes true | 2, Very true or often true",,,,,,,y,,,scaared,,
scaared_b_i10_s1_r1_e1,scaared_b_s1_r1_e1,,radio,"I feel nervous with people I don't know well.","0, Not true or hardly ever true | 1, Somewhat true or sometimes true | 2, Very true or often true",,,,,,,y,,,scaared,,
scaared_b_i11_s1_r1_e1,scaared_b_s1_r1_e1,,radio,"I get stomachaches at school, at work, or in public places.","0, Not true or hardly ever true | 1, Somewhat true or sometimes true | 2, Very true or often true",,,,,,,y,,,scaared,,
scaared_b_i12_s1_r1_e1,scaared_b_s1_r1_e1,,radio,"When I get anxious, I feel like I'm going crazy.","0, Not true or hardly ever true | 1, Somewhat true or sometimes true | 2, Very true or often true",,,,,,,y,,,scaared,,
scaared_b_i13_s1_r1_e1,scaared_b_s1_r1_e1,,radio,"I worry about sleeping alone.","0, Not true or hardly ever true | 1, Somewhat true or sometimes true | 2, Very true or often true",,,,,,,y,,,scaared,,
scaared_b_i14_s1_r1_e1,scaared_b_s1_r1_e1,,radio,"I worry about being as good as other people.","0, Not true or hardly ever true | 1, Somewhat true or sometimes true | 2, Very true or often true",,,,,,,y,,,scaared,,
scaared_b_i15_s1_r1_e1,scaared_b_s1_r1_e1,,radio,"When I get anxious, I feel like things are not real.","0, Not true or hardly ever true | 1, Somewhat true or sometimes true | 2, Very true or often true",,,,,,,y,,,scaared,,
scaared_b_i16_s1_r1_e1,scaared_b_s1_r1_e1,,radio,"I have nightmares about something bad happening to my family.","0, Not true or hardly ever true | 1, Somewhat true or sometimes true | 2, Very true or often true",,,,,,,y,,,scaared,,
scaared_b_i17_s1_r1_e1,scaared_b_s1_r1_e1,,radio,"I worry about going to work or school, or to public places.","0, Not true or hardly ever true | 1, Somewhat true or sometimes true | 2, Very true or often true",,,,,,,y,,,scaared,,
scaared_b_i18_s1_r1_e1,scaared_b_s1_r1_e1,,radio,"When I get anxious, my heart beats fast.","0, Not true or hardly ever true | 1, Somewhat true or sometimes true | 2, Very true or often true",,,,,,,y,,,scaared,,
scaared_b_i19_s1_r1_e1,scaared_b_s1_r1_e1,,radio,"I get shaky.","0, Not true or hardly ever true | 1, Somewhat true or sometimes true | 2, Very true or often true",,,,,,,y,,,scaared,,
scaared_b_i20_s1_r1_e1,scaared_b_s1_r1_e1,,radio,"I have nightmares about something bad happening to me.","0, Not true or hardly ever true | 1, Somewhat true or sometimes true | 2, Very true or often true",,,,,,,y,,,scaared,,
scaared_b_i21_s1_r1_e1,scaared_b_s1_r1_e1,,radio,"I worry about things working out for me.","0, Not true or hardly ever true | 1, Somewhat true or sometimes true | 2, Very true or often true",,,,,,,y,,,scaared,,
scaared_b_i22_s1_r1_e1,scaared_b_s1_r1_e1,,radio,"When I get anxious, I sweat a lot.","0, Not true or hardly ever true | 1, Somewhat true or sometimes true | 2, Very true or often true",,,,,,,y,,,scaared,,
scaared_b_i23_s1_r1_e1,scaared_b_s1_r1_e1,,radio,"I am a worrier.","0, Not true or hardly ever true | 1, Somewhat true or sometimes true | 2, Very true or often true",,,,,,,y,,,scaared,,
scaared_b_i24_s1_r1_e1,scaared_b_s1_r1_e1,,radio,"When I worry a lot, I have trouble sleeping.","0, Not true or hardly ever true | 1, Somewhat true or sometimes true | 2, Very true or often true",,,,,,,y,,,scaared,,
scaared_b_i25_s1_r1_e1,scaared_b_s1_r1_e1,,radio,"I get really frightened for no reason at all.","0, Not true or hardly ever true | 1, Somewhat true or sometimes true | 2, Very true or often true",,,,,,,y,,,scaared,,
scaared_b_i26_s1_r1_e1,scaared_b_s1_r1_e1,,radio,"I am afraid to be alone in the house.","0, Not true or hardly ever true | 1, Somewhat true or sometimes true | 2, Very true or often true",,,,,,,y,,,scaared,,
scaared_b_i27_s1_r1_e1,scaared_b_s1_r1_e1,,radio,"It is hard for me to talk with people I don't know well.","0, Not true or hardly ever true | 1, Somewhat true or sometimes true | 2, Very true or often true",,,,,,,y,,,scaared,,
scaared_b_i28_s1_r1_e1,scaared_b_s1_r1_e1,,radio,"When I get anxious, I feel like I'm choking.","0, Not true or hardly ever true | 1, Somewhat true or sometimes true | 2, Very true or often true",,,,,,,y,,,scaared,,
scaared_b_i29_s1_r1_e1,scaared_b_s1_r1_e1,,radio,"People tell me that I worry too much.","0, Not true or hardly ever true | 1, Somewhat true or sometimes true | 2, Very true or often true",,,,,,,y,,,scaared,,
scaared_b_i30_s1_r1_e1,scaared_b_s1_r1_e1,,radio,"I don't like to be away from my family.","0, Not true or hardly ever true | 1, Somewhat true or sometimes true | 2, Very true or often true",,,,,,,y,,,scaared,,
scaared_b_i31_s1_r1_e1,scaared_b_s1_r1_e1,,radio,"When I worry a lot, I feel restless.","0, Not true or hardly ever true | 1, Somewhat true or sometimes true | 2, Very true or often true",,,,,,,y,,,scaared,,
scaared_b_i32_s1_r1_e1,scaared_b_s1_r1_e1,,radio,"I am afraid of having anxiety (or panic) attacks.","0, Not true or hardly ever true | 1, Somewhat true or sometimes true | 2, Very true or often true",,,,,,,y,,,scaared,,
scaared_b_i33_s1_r1_e1,scaared_b_s1_r1_e1,,radio,"I worry that something bad might happen to my family.","0, Not true or hardly ever true | 1, Somewhat true or sometimes true | 2, Very true or often true",,,,,,,y,,,scaared,,
scaared_b_i34_s1_r1_e1,scaared_b_s1_r1_e1,,radio,"I feel shy with people I don't know well.","0, Not true or hardly ever true | 1, Somewhat true or sometimes true | 2, Very true or often true",,,,,,,y,,,scaared,,
scaared_b_i35_s1_r1_e1,scaared_b_s1_r1_e1,,radio,"I worry about what is going to happen in the future.","0, Not true or hardly ever true | 1, Somewhat true or sometimes true | 2, Very true or often true",,,,,,,y,,,scaared,,
scaared_b_i36_s1_r1_e1,scaared_b_s1_r1_e1,,radio,"When I get anxious, I feel like throwing up.","0, Not true or hardly ever true | 1, Somewhat true or sometimes true | 2, Very true or often true",,,,,,,y,,,scaared,,
scaared_b_i37_s1_r1_e1,scaared_b_s1_r1_e1,,radio,"I worry about how well I do things.","0, Not true or hardly ever true | 1, Somewhat true or sometimes true | 2, Very true or often true",,,,,,,y,,,scaared,,
scaared_b_i38_s1_r1_e1,scaared_b_s1_r1_e1,,radio,"I am afraid to go outside or to crowded places by myself.","0, Not true or hardly ever true | 1, Somewhat true or sometimes true | 2, Very true or often true",,,,,,,y,,,scaared,,
scaared_b_i39_s1_r1_e1,scaared_b_s1_r1_e1,,radio,"I worry about things that have already happened.","0, Not true or hardly ever true | 1, Somewhat true or sometimes true | 2, Very true or often true",,,,,,,y,,,scaared,,
scaared_b_i40_s1_r1_e1,scaared_b_s1_r1_e1,,radio,"When I get anxious, I feel dizzy.","0, Not true or hardly ever true | 1, Somewhat true or sometimes true | 2, Very true or often true",,,,,,,y,,,scaared,,
scaared_b_i41_s1_r1_e1,scaared_b_s1_r1_e1,,radio,"I feel nervous when I am with other people and I have to do something while they watch me (for example: speak, play a sport.)","0, Not true or hardly ever true | 1, Somewhat true or sometimes true | 2, Very true or often true",,,,,,,y,,,scaared,,
scaared_b_i42_s1_r1_e1,scaared_b_s1_r1_e1,,radio,"I feel nervous when I go to parties, dances, or any place where there will be people that I don't know well.","0, Not true or hardly ever true | 1, Somewhat true or sometimes true | 2, Very true or often true",,,,,,,y,,,scaared,,
scaared_b_i43_s1_r1_e1,scaared_b_s1_r1_e1,,radio,"I am shy.","0, Not true or hardly ever true | 1, Somewhat true or sometimes true | 2, Very true or often true",,,,,,,y,,,scaared,,
scaared_b_i44_s1_r1_e1,scaared_b_s1_r1_e1,,radio,"When I worry a lot, I feel irritable.","0, Not true or hardly ever true | 1, Somewhat true or sometimes true | 2, Very true or often true",,,,,,,y,,,scaared,,
