﻿"Variable / Field Name","Form Name","Section Header","Field Type","Field Label","Choices, Calculations, OR Slider Labels","Field Note","Text Validation Type OR Show Slider Number","Text Validation Min","Text Validation Max",Identifier?,"Branching Logic (Show field only if...)","Required Field?","Custom Alignment","Question Number (surveys only)","Matrix Group Name","Matrix Ranking?","Field Annotation"
scaredpes_i1_s1_r1_e1,scaredpes_s1_r1_e1,,radio,"Cuando siente miedo, no puede respirar bien.","0, Casi nunca o nunca es cierto | 1, Es cierto algunas veces | 2, Casi siempre o siempre es cierto",,,,,,,y,,,scared_s1_r1_e1,,
scaredpes_i2_s1_r1_e1,scaredpes_s1_r1_e1,,radio,"Cuando está en la escuela, se queja de dolor de cabeza.","0, Casi nunca o nunca es cierto | 1, Es cierto algunas veces | 2, Casi siempre o siempre es cierto",,,,,,,y,,,scared_s1_r1_e1,,
scaredpes_i3_s1_r1_e1,scaredpes_s1_r1_e1,,radio,"No le gusta estar con personas que no conoce bien.","0, Casi nunca o nunca es cierto | 1, Es cierto algunas veces | 2, Casi siempre o siempre es cierto",,,,,,,y,,,scared_s1_r1_e1,,
scaredpes_i4_s1_r1_e1,scaredpes_s1_r1_e1,,radio,"Le da miedo dormir en otras casas.","0, Casi nunca o nunca es cierto | 1, Es cierto algunas veces | 2, Casi siempre o siempre es cierto",,,,,,,y,,,scared_s1_r1_e1,,
scaredpes_i5_s1_r1_e1,scaredpes_s1_r1_e1,,radio,"Se preocupa de lo que piensan de el (ella).","0, Casi nunca o nunca es cierto | 1, Es cierto algunas veces | 2, Casi siempre o siempre es cierto",,,,,,,y,,,scared_s1_r1_e1,,
scaredpes_i6_s1_r1_e1,scaredpes_s1_r1_e1,,radio,"Cuando tiene miedo, siente que se va a desmayar.","0, Casi nunca o nunca es cierto | 1, Es cierto algunas veces | 2, Casi siempre o siempre es cierto",,,,,,,y,,,scared_s1_r1_e1,,
scaredpes_i7_s1_r1_e1,scaredpes_s1_r1_e1,,radio,"Es un niño(a) nervios(a).","0, Casi nunca o nunca es cierto | 1, Es cierto algunas veces | 2, Casi siempre o siempre es cierto",,,,,,,y,,,scared_s1_r1_e1,,
scaredpes_i8_s1_r1_e1,scaredpes_s1_r1_e1,,radio,"Me sigue a todas partes donde voy (es como mi ""sombra"").","0, Casi nunca o nunca es cierto | 1, Es cierto algunas veces | 2, Casi siempre o siempre es cierto",,,,,,,y,,,scared_s1_r1_e1,,
scaredpes_i9_s1_r1_e1,scaredpes_s1_r1_e1,,radio,"La gente dice que mi hijo(a) se ve nervioso(a).","0, Casi nunca o nunca es cierto | 1, Es cierto algunas veces | 2, Casi siempre o siempre es cierto",,,,,,,y,,,scared_s1_r1_e1,,
scaredpes_i10_s1_r1_e1,scaredpes_s1_r1_e1,,radio,"Se pone nervioso(a) con personas que no conoce bien.","0, Casi nunca o nunca es cierto | 1, Es cierto algunas veces | 2, Casi siempre o siempre es cierto",,,,,,,y,,,scared_s1_r1_e1,,
scaredpes_i11_s1_r1_e1,scaredpes_s1_r1_e1,,radio,"Cuando está en la escuela le duele el estómago.","0, Casi nunca o nunca es cierto | 1, Es cierto algunas veces | 2, Casi siempre o siempre es cierto",,,,,,,y,,,scared_s1_r1_e1,,
scaredpes_i12_s1_r1_e1,scaredpes_s1_r1_e1,,radio,"Cuando tiene mucho miedo, se siente como si se fuera a ""enloquecer"".","0, Casi nunca o nunca es cierto | 1, Es cierto algunas veces | 2, Casi siempre o siempre es cierto",,,,,,,y,,,scared_s1_r1_e1,,
scaredpes_i13_s1_r1_e1,scaredpes_s1_r1_e1,,radio,"Se preocupa si tiene que dormir solo(a).","0, Casi nunca o nunca es cierto | 1, Es cierto algunas veces | 2, Casi siempre o siempre es cierto",,,,,,,y,,,scared_s1_r1_e1,,
scaredpes_i14_s1_r1_e1,scaredpes_s1_r1_e1,,radio,"Se preocupa de ser tan bueno(a) como los otros niños.","0, Casi nunca o nunca es cierto | 1, Es cierto algunas veces | 2, Casi siempre o siempre es cierto",,,,,,,y,,,scared_s1_r1_e1,,
scaredpes_i15_s1_r1_e1,scaredpes_s1_r1_e1,,radio,"Cuando tiene mucho miedo siente como si las cosas no fueran reales.","0, Casi nunca o nunca es cierto | 1, Es cierto algunas veces | 2, Casi siempre o siempre es cierto",,,,,,,y,,,scared_s1_r1_e1,,
scaredpes_i16_s1_r1_e1,scaredpes_s1_r1_e1,,radio,"Sueña que algo malo le va a pasar a su mama o a su papa.","0, Casi nunca o nunca es cierto | 1, Es cierto algunas veces | 2, Casi siempre o siempre es cierto",,,,,,,y,,,scared_s1_r1_e1,,
scaredpes_i17_s1_r1_e1,scaredpes_s1_r1_e1,,radio,"Se preocupa cuando tiene que ir a la escuela.","0, Casi nunca o nunca es cierto | 1, Es cierto algunas veces | 2, Casi siempre o siempre es cierto",,,,,,,y,,,scared_s1_r1_e1,,
scaredpes_i18_s1_r1_e1,scaredpes_s1_r1_e1,,radio,"Cuando tiene miedo, el corazón le late muy rápido.","0, Casi nunca o nunca es cierto | 1, Es cierto algunas veces | 2, Casi siempre o siempre es cierto",,,,,,,y,,,scared_s1_r1_e1,,
scaredpes_i19_s1_r1_e1,scaredpes_s1_r1_e1,,radio,"Se pone tembloroso.","0, Casi nunca o nunca es cierto | 1, Es cierto algunas veces | 2, Casi siempre o siempre es cierto",,,,,,,y,,,scared_s1_r1_e1,,
scaredpes_i20_s1_r1_e1,scaredpes_s1_r1_e1,,radio,"Sueña que algo malo le va a pasar a el (ella).","0, Casi nunca o nunca es cierto | 1, Es cierto algunas veces | 2, Casi siempre o siempre es cierto",,,,,,,y,,,scared_s1_r1_e1,,
scaredpes_i21_s1_r1_e1,scaredpes_s1_r1_e1,,radio,"Le preocupa cómo le van a salir las cosas.","0, Casi nunca o nunca es cierto | 1, Es cierto algunas veces | 2, Casi siempre o siempre es cierto",,,,,,,y,,,scared_s1_r1_e1,,
scaredpes_i22_s1_r1_e1,scaredpes_s1_r1_e1,,radio,"Cuando tiene miedo (nervios) suda mucho.","0, Casi nunca o nunca es cierto | 1, Es cierto algunas veces | 2, Casi siempre o siempre es cierto",,,,,,,y,,,scared_s1_r1_e1,,
scaredpes_i23_s1_r1_e1,scaredpes_s1_r1_e1,,radio,"Se preocupa demasiado.","0, Casi nunca o nunca es cierto | 1, Es cierto algunas veces | 2, Casi siempre o siempre es cierto",,,,,,,y,,,scared_s1_r1_e1,,
scaredpes_i24_s1_r1_e1,scaredpes_s1_r1_e1,,radio,"Le da miedo sin tener ningún motivo.","0, Casi nunca o nunca es cierto | 1, Es cierto algunas veces | 2, Casi siempre o siempre es cierto",,,,,,,y,,,scared_s1_r1_e1,,
scaredpes_i25_s1_r1_e1,scaredpes_s1_r1_e1,,radio,"Le da miedo estar solo en casa.","0, Casi nunca o nunca es cierto | 1, Es cierto algunas veces | 2, Casi siempre o siempre es cierto",,,,,,,y,,,scared_s1_r1_e1,,
scaredpes_i26_s1_r1_e1,scaredpes_s1_r1_e1,,radio,"Le cuesta trabajo hablar con personas que no conoce.","0, Casi nunca o nunca es cierto | 1, Es cierto algunas veces | 2, Casi siempre o siempre es cierto",,,,,,,y,,,scared_s1_r1_e1,,
scaredpes_i27_s1_r1_e1,scaredpes_s1_r1_e1,,radio,"Cuando tiene miedo, siente que no puede tragar.","0, Casi nunca o nunca es cierto | 1, Es cierto algunas veces | 2, Casi siempre o siempre es cierto",,,,,,,y,,,scared_s1_r1_e1,,
scaredpes_i28_s1_r1_e1,scaredpes_s1_r1_e1,,radio,"Las personas dicen que se preocupa demasiado.","0, Casi nunca o nunca es cierto | 1, Es cierto algunas veces | 2, Casi siempre o siempre es cierto",,,,,,,y,,,scared_s1_r1_e1,,
scaredpes_i29_s1_r1_e1,scaredpes_s1_r1_e1,,radio,"No le gusta estar separado de la familia.","0, Casi nunca o nunca es cierto | 1, Es cierto algunas veces | 2, Casi siempre o siempre es cierto",,,,,,,y,,,scared_s1_r1_e1,,
scaredpes_i30_s1_r1_e1,scaredpes_s1_r1_e1,,radio,"Le da miedo de tener ataques de nervios (pánico).","0, Casi nunca o nunca es cierto | 1, Es cierto algunas veces | 2, Casi siempre o siempre es cierto",,,,,,,y,,,scared_s1_r1_e1,,
scaredpes_i31_s1_r1_e1,scaredpes_s1_r1_e1,,radio,"Le preocupa que algo malo le pueda pasar a sus padres.","0, Casi nunca o nunca es cierto | 1, Es cierto algunas veces | 2, Casi siempre o siempre es cierto",,,,,,,y,,,scared_s1_r1_e1,,
scaredpes_i32_s1_r1_e1,scaredpes_s1_r1_e1,,radio,"Le da vergüenza cuando esta con personas que no conoce.","0, Casi nunca o nunca es cierto | 1, Es cierto algunas veces | 2, Casi siempre o siempre es cierto",,,,,,,y,,,scared_s1_r1_e1,,
scaredpes_i33_s1_r1_e1,scaredpes_s1_r1_e1,,radio,"Le preocupa que le va a pasar en el futuro.","0, Casi nunca o nunca es cierto | 1, Es cierto algunas veces | 2, Casi siempre o siempre es cierto",,,,,,,y,,,scared_s1_r1_e1,,
scaredpes_i34_s1_r1_e1,scaredpes_s1_r1_e1,,radio,"Cuando tiene miedo le dan ganas de vomitar.","0, Casi nunca o nunca es cierto | 1, Es cierto algunas veces | 2, Casi siempre o siempre es cierto",,,,,,,y,,,scared_s1_r1_e1,,
scaredpes_i35_s1_r1_e1,scaredpes_s1_r1_e1,,radio,"Le preocupa saber si está haciendo las cosas bien.","0, Casi nunca o nunca es cierto | 1, Es cierto algunas veces | 2, Casi siempre o siempre es cierto",,,,,,,y,,,scared_s1_r1_e1,,
scaredpes_i36_s1_r1_e1,scaredpes_s1_r1_e1,,radio,"Tiene miedo de ir al colegio.","0, Casi nunca o nunca es cierto | 1, Es cierto algunas veces | 2, Casi siempre o siempre es cierto",,,,,,,y,,,scared_s1_r1_e1,,
scaredpes_i37_s1_r1_e1,scaredpes_s1_r1_e1,,radio,"Le preocupan las cosas que ya han pasado.","0, Casi nunca o nunca es cierto | 1, Es cierto algunas veces | 2, Casi siempre o siempre es cierto",,,,,,,y,,,scared_s1_r1_e1,,
scaredpes_i38_s1_r1_e1,scaredpes_s1_r1_e1,,radio,"Cuando tiene miedo, se siente mareado(a).","0, Casi nunca o nunca es cierto | 1, Es cierto algunas veces | 2, Casi siempre o siempre es cierto",,,,,,,y,,,scared_s1_r1_e1,,
scaredpes_i39_s1_r1_e1,scaredpes_s1_r1_e1,,radio,"Se siente nervioso(a) cuando tiene que hacer algo delante de otros niños o adultos (por ejemplo: leer en voz alta, hablar, jugar).","0, Casi nunca o nunca es cierto | 1, Es cierto algunas veces | 2, Casi siempre o siempre es cierto",,,,,,,y,,,scared_s1_r1_e1,,
scaredpes_i40_s1_r1_e1,scaredpes_s1_r1_e1,,radio,"Se siente nervioso(a) de ir a fiestas, bailes, o alguna parte donde hay gente que no conoce.","0, Casi nunca o nunca es cierto | 1, Es cierto algunas veces | 2, Casi siempre o siempre es cierto",,,,,,,y,,,scared_s1_r1_e1,,
scaredpes_i41_s1_r1_e1,scaredpes_s1_r1_e1,,radio,"Mi hijo(a) es tímido(a).","0, Casi nunca o nunca es cierto | 1, Es cierto algunas veces | 2, Casi siempre o siempre es cierto",,,,,,,y,,,scared_s1_r1_e1,,
