﻿"Variable / Field Name","Form Name","Section Header","Field Type","Field Label","Choices, Calculations, OR Slider Labels","Field Note","Text Validation Type OR Show Slider Number","Text Validation Min","Text Validation Max",Identifier?,"Branching Logic (Show field only if...)","Required Field?","Custom Alignment","Question Number (surveys only)","Matrix Group Name","Matrix Ranking?","Field Annotation"
scaredpes_i1_s1_r1_e1,scaredpes_s1_r1_e1,,radio,"Cuando mi niño/a se siente asustado/a, le cuesta respirar.","0, Nunca cierta o rara vez cierta | 1, Moderadamente cierta o a veces cierta | 2, Muy cierta o a menudo cierta",,,,,,,y,,,scaredpes,,
scaredpes_i2_s1_r1_e1,scaredpes_s1_r1_e1,,radio,"A mi niño/a le dan dolores de cabeza cuando está en la escuela.","0, Nunca cierta o rara vez cierta | 1, Moderadamente cierta o a veces cierta | 2, Muy cierta o a menudo cierta",,,,,,,y,,,scaredpes,,
scaredpes_i3_s1_r1_e1,scaredpes_s1_r1_e1,,radio,"A mi niño/a no le gusta estar con personas que no conoce bien.","0, Nunca cierta o rara vez cierta | 1, Moderadamente cierta o a veces cierta | 2, Muy cierta o a menudo cierta",,,,,,,y,,,scaredpes,,
scaredpes_i4_s1_r1_e1,scaredpes_s1_r1_e1,,radio,"Mi niño/a se asusta si duerme fuera de casa.","0, Nunca cierta o rara vez cierta | 1, Moderadamente cierta o a veces cierta | 2, Muy cierta o a menudo cierta",,,,,,,y,,,scaredpes,,
scaredpes_i5_s1_r1_e1,scaredpes_s1_r1_e1,,radio,"A mi niño/a le preoucpa agradarle a otras personas.","0, Nunca cierta o rara vez cierta | 1, Moderadamente cierta o a veces cierta | 2, Muy cierta o a menudo cierta",,,,,,,y,,,scaredpes,,
scaredpes_i6_s1_r1_e1,scaredpes_s1_r1_e1,,radio,"Cuando mi niño/a se asusta, siente que se va a desmayar.","0, Nunca cierta o rara vez cierta | 1, Moderadamente cierta o a veces cierta | 2, Muy cierta o a menudo cierta",,,,,,,y,,,scaredpes,,
scaredpes_i7_s1_r1_e1,scaredpes_s1_r1_e1,,radio,"Mi niño/a es nervioso/a.","0, Nunca cierta o rara vez cierta | 1, Moderadamente cierta o a veces cierta | 2, Muy cierta o a menudo cierta",,,,,,,y,,,scaredpes,,
scaredpes_i8_s1_r1_e1,scaredpes_s1_r1_e1,,radio,"Mi niño/a me sigue a todas partes donde voy.","0, Nunca cierta o rara vez cierta | 1, Moderadamente cierta o a veces cierta | 2, Muy cierta o a menudo cierta",,,,,,,y,,,scaredpes,,
scaredpes_i9_s1_r1_e1,scaredpes_s1_r1_e1,,radio,"La gente me dice que mi niño/a se ve nervioso/a","0, Nunca cierta o rara vez cierta | 1, Moderadamente cierta o a veces cierta | 2, Muy cierta o a menudo cierta",,,,,,,y,,,scaredpes,,
scaredpes_i10_s1_r1_e1,scaredpes_s1_r1_e1,,radio,"Mi niño/a se siente nervioso/a con personas que no conoce bien.","0, Nunca cierta o rara vez cierta | 1, Moderadamente cierta o a veces cierta | 2, Muy cierta o a menudo cierta",,,,,,,y,,,scaredpes,,
scaredpes_i11_s1_r1_e1,scaredpes_s1_r1_e1,,radio,"A mi niño/a le dan dolores de estómago en la escuela.","0, Nunca cierta o rara vez cierta | 1, Moderadamente cierta o a veces cierta | 2, Muy cierta o a menudo cierta",,,,,,,y,,,scaredpes,,
scaredpes_i12_s1_r1_e1,scaredpes_s1_r1_e1,,radio,"Cuando mi niño/a se asusta, siente que está enloqueciendo.","0, Nunca cierta o rara vez cierta | 1, Moderadamente cierta o a veces cierta | 2, Muy cierta o a menudo cierta",,,,,,,y,,,scaredpes,,
scaredpes_i13_s1_r1_e1,scaredpes_s1_r1_e1,,radio,"A mi niño/a le preocupa dormir solo/a.","0, Nunca cierta o rara vez cierta | 1, Moderadamente cierta o a veces cierta | 2, Muy cierta o a menudo cierta",,,,,,,y,,,scaredpes,,
scaredpes_i14_s1_r1_e1,scaredpes_s1_r1_e1,,radio,"A mi niño/a le preocupa ser tan bueno/a como otros niños.","0, Nunca cierta o rara vez cierta | 1, Moderadamente cierta o a veces cierta | 2, Muy cierta o a menudo cierta",,,,,,,y,,,scaredpes,,
scaredpes_i15_s1_r1_e1,scaredpes_s1_r1_e1,,radio,"Cuando mi niño/a se asusta, siente que las cosas no son reales.","0, Nunca cierta o rara vez cierta | 1, Moderadamente cierta o a veces cierta | 2, Muy cierta o a menudo cierta",,,,,,,y,,,scaredpes,,
scaredpes_i16_s1_r1_e1,scaredpes_s1_r1_e1,,radio,"Mi niño/a tiene pesadillas en las que algo malo le sucede a sus padres.","0, Nunca cierta o rara vez cierta | 1, Moderadamente cierta o a veces cierta | 2, Muy cierta o a menudo cierta",,,,,,,y,,,scaredpes,,
scaredpes_i17_s1_r1_e1,scaredpes_s1_r1_e1,,radio,"A mi niño/a le preocupa ir a la escuela.","0, Nunca cierta o rara vez cierta | 1, Moderadamente cierta o a veces cierta | 2, Muy cierta o a menudo cierta",,,,,,,y,,,scaredpes,,
scaredpes_i18_s1_r1_e1,scaredpes_s1_r1_e1,,radio,"Cuando mi niño/a se asusta, su corazón late rápido.","0, Nunca cierta o rara vez cierta | 1, Moderadamente cierta o a veces cierta | 2, Muy cierta o a menudo cierta",,,,,,,y,,,scaredpes,,
scaredpes_i19_s1_r1_e1,scaredpes_s1_r1_e1,,radio,"Mi niño/a se pone tembloroso/a.","0, Nunca cierta o rara vez cierta | 1, Moderadamente cierta o a veces cierta | 2, Muy cierta o a menudo cierta",,,,,,,y,,,scaredpes,,
scaredpes_i20_s1_r1_e1,scaredpes_s1_r1_e1,,radio,"Mi niño/a tiene pesadillas en las que le sucede algo malo.","0, Nunca cierta o rara vez cierta | 1, Moderadamente cierta o a veces cierta | 2, Muy cierta o a menudo cierta",,,,,,,y,,,scaredpes,,
scaredpes_i21_s1_r1_e1,scaredpes_s1_r1_e1,,radio,"A mi niño/a le preocupa que las cosas le salgan bien.","0, Nunca cierta o rara vez cierta | 1, Moderadamente cierta o a veces cierta | 2, Muy cierta o a menudo cierta",,,,,,,y,,,scaredpes,,
scaredpes_i22_s1_r1_e1,scaredpes_s1_r1_e1,,radio,"Cuando mi niño/a se asusta, suda mucho.","0, Nunca cierta o rara vez cierta | 1, Moderadamente cierta o a veces cierta | 2, Muy cierta o a menudo cierta",,,,,,,y,,,scaredpes,,
scaredpes_i23_s1_r1_e1,scaredpes_s1_r1_e1,,radio,"Mi niño/a es preocupado/a.","0, Nunca cierta o rara vez cierta | 1, Moderadamente cierta o a veces cierta | 2, Muy cierta o a menudo cierta",,,,,,,y,,,scaredpes,,
scaredpes_i24_s1_r1_e1,scaredpes_s1_r1_e1,,radio,"Mi niño/a se asusta mucho sin razón.","0, Nunca cierta o rara vez cierta | 1, Moderadamente cierta o a veces cierta | 2, Muy cierta o a menudo cierta",,,,,,,y,,,scaredpes,,
scaredpes_i25_s1_r1_e1,scaredpes_s1_r1_e1,,radio,"A mi niño/a le asusta estar solo/a en casa.","0, Nunca cierta o rara vez cierta | 1, Moderadamente cierta o a veces cierta | 2, Muy cierta o a menudo cierta",,,,,,,y,,,scaredpes,,
scaredpes_i26_s1_r1_e1,scaredpes_s1_r1_e1,,radio,"A mi niño/a se le hace difícil hablar con personas que no conoce bien.","0, Nunca cierta o rara vez cierta | 1, Moderadamente cierta o a veces cierta | 2, Muy cierta o a menudo cierta",,,,,,,y,,,scaredpes,,
scaredpes_i27_s1_r1_e1,scaredpes_s1_r1_e1,,radio,"Cuando mi niño/a se asusta, siente que se está asfixiando.","0, Nunca cierta o rara vez cierta | 1, Moderadamente cierta o a veces cierta | 2, Muy cierta o a menudo cierta",,,,,,,y,,,scaredpes,,
scaredpes_i28_s1_r1_e1,scaredpes_s1_r1_e1,,radio,"La gente me dice que mi niño/a se preocupa demasiado.","0, Nunca cierta o rara vez cierta | 1, Moderadamente cierta o a veces cierta | 2, Muy cierta o a menudo cierta",,,,,,,y,,,scaredpes,,
scaredpes_i29_s1_r1_e1,scaredpes_s1_r1_e1,,radio,"A mi niño/a no le gusta estar lejos de su familia.","0, Nunca cierta o rara vez cierta | 1, Moderadamente cierta o a veces cierta | 2, Muy cierta o a menudo cierta",,,,,,,y,,,scaredpes,,
scaredpes_i30_s1_r1_e1,scaredpes_s1_r1_e1,,radio,"A mi niño le da miedo tener ataques de ansiedad (o pánico).","0, Nunca cierta o rara vez cierta | 1, Moderadamente cierta o a veces cierta | 2, Muy cierta o a menudo cierta",,,,,,,y,,,scaredpes,,
scaredpes_i31_s1_r1_e1,scaredpes_s1_r1_e1,,radio,"A mi niño/a le preocupa que algo malo le pueda pasar a sus padres.","0, Nunca cierta o rara vez cierta | 1, Moderadamente cierta o a veces cierta | 2, Muy cierta o a menudo cierta",,,,,,,y,,,scaredpes,,
scaredpes_i32_s1_r1_e1,scaredpes_s1_r1_e1,,radio,"Mi niño/a se siente tímido/a con personas que no conoce bien.","0, Nunca cierta o rara vez cierta | 1, Moderadamente cierta o a veces cierta | 2, Muy cierta o a menudo cierta",,,,,,,y,,,scaredpes,,
scaredpes_i33_s1_r1_e1,scaredpes_s1_r1_e1,,radio,"A mi niño/a le preocupa lo que vaya a pasar en el futuro.","0, Nunca cierta o rara vez cierta | 1, Moderadamente cierta o a veces cierta | 2, Muy cierta o a menudo cierta",,,,,,,y,,,scaredpes,,
scaredpes_i34_s1_r1_e1,scaredpes_s1_r1_e1,,radio,"Cuando mi niño/a se asusta, siente ganas de vomitar","0, Nunca cierta o rara vez cierta | 1, Moderadamente cierta o a veces cierta | 2, Muy cierta o a menudo cierta",,,,,,,y,,,scaredpes,,
scaredpes_i35_s1_r1_e1,scaredpes_s1_r1_e1,,radio,"A mi niño/a le preocupa qué tan bien hace las cosas.","0, Nunca cierta o rara vez cierta | 1, Moderadamente cierta o a veces cierta | 2, Muy cierta o a menudo cierta",,,,,,,y,,,scaredpes,,
scaredpes_i36_s1_r1_e1,scaredpes_s1_r1_e1,,radio,"Mi niño/a tiene miedo de ir a la escuela.","0, Nunca cierta o rara vez cierta | 1, Moderadamente cierta o a veces cierta | 2, Muy cierta o a menudo cierta",,,,,,,y,,,scaredpes,,
scaredpes_i37_s1_r1_e1,scaredpes_s1_r1_e1,,radio,"Mi niño/a se preocupa por cosas que ya pasaron.","0, Nunca cierta o rara vez cierta | 1, Moderadamente cierta o a veces cierta | 2, Muy cierta o a menudo cierta",,,,,,,y,,,scaredpes,,
scaredpes_i38_s1_r1_e1,scaredpes_s1_r1_e1,,radio,"Cuando mi niño/a se asusta, se siente mareado/a.","0, Nunca cierta o rara vez cierta | 1, Moderadamente cierta o a veces cierta | 2, Muy cierta o a menudo cierta",,,,,,,y,,,scaredpes,,
scaredpes_i39_s1_r1_e1,scaredpes_s1_r1_e1,,radio,"Mi niño/a se siente nervioso cuando está con otros niños o adultos y tiene que hacer algo mientras le observan (por ejemplo: leer en voz alta, hablar, jugar un juego, jugar un deporte).","0, Nunca cierta o rara vez cierta | 1, Moderadamente cierta o a veces cierta | 2, Muy cierta o a menudo cierta",,,,,,,y,,,scaredpes,,
scaredpes_i40_s1_r1_e1,scaredpes_s1_r1_e1,,radio,"Mi niño/a se siente nervioso cuando va a fiestas, bailes, o cualquier lugar donde habrá gente que no conoce bien.","0, Nunca cierta o rara vez cierta | 1, Moderadamente cierta o a veces cierta | 2, Muy cierta o a menudo cierta",,,,,,,y,,,scaredpes,,
scaredpes_i41_s1_r1_e1,scaredpes_s1_r1_e1,,radio,"Mi niño/a es tímido/a.","0, Nunca cierta o rara vez cierta | 1, Moderadamente cierta o a veces cierta | 2, Muy cierta o a menudo cierta",,,,,,,y,,,scaredpes,,
