title,instructions,offline_instructions,acknowledgement,stop_action_acknowledgement,stop_action_delete_response,question_by_section,display_page_number,question_auto_numbering,survey_enabled,save_and_return,save_and_return_code_bypass,hide_title,view_results,min_responses_view_results,check_diversity_view_results,end_survey_redirect_url,survey_expiration,promis_skip_question,survey_auth_enabled_single,edit_completed_response,hide_back_button,show_required_field_text,confirmation_email_subject,confirmation_email_content,confirmation_email_from,confirmation_email_from_display,confirmation_email_attach_pdf,text_to_speech,text_to_speech_language,end_survey_redirect_next_survey,theme,text_size,font_family,theme_text_buttons,theme_bg_page,theme_text_title,theme_bg_title,theme_text_sectionheader,theme_bg_sectionheader,theme_text_question,theme_bg_question,enhanced_choices,repeat_survey_enabled,repeat_survey_btn_text,repeat_survey_btn_location,response_limit,response_limit_include_partials,response_limit_custom_text,survey_time_limit_days,survey_time_limit_hours,survey_time_limit_minutes,email_participant_field,end_of_survey_pdf_download,pdf_save_to_field,pdf_save_to_event_id,pdf_auto_archive,pdf_econsent_version,pdf_econsent_type,pdf_econsent_firstname_field,pdf_econsent_firstname_event_id,pdf_econsent_lastname_field,pdf_econsent_lastname_event_id,pdf_econsent_dob_field,pdf_econsent_dob_event_id,pdf_econsent_allow_edit,pdf_econsent_signature_field1,pdf_econsent_signature_field2,pdf_econsent_signature_field3,pdf_econsent_signature_field4,pdf_econsent_signature_field5
"Filtro para Desordenes Relacionados con la Ansiedad en Niños (SCARED) - Versión para Padres","<div class=""page"" title=""Page 1"">
<div class=""layoutArea"">
<div class=""column"">
<p>A continuaci&oacute;n hay una lista de afirmaciones que describen c&oacute;mo se siente la gente. Lea cada afirmaci&oacute;n cuidadosamente y decida si es ""Nunca cierta o rara vez cierta"" o ""Moderadamente cierta o a veces cierta"" o ""Muy cierta o a menudo cierta"" acerca de su ni&ntilde;o/a. Luego para cada afirmaci&oacute;n, seleccione la respuesta que parezca describir a su hijo <span style=""text-decoration: underline;"">en los &uacute;ltimos 3 meses</span>. Por favor responda a todas las afirmaciones tan bien como pueda, incluso si algunas no parecen pertinentes a su ni&ntilde;o/a,</p>
</div>
</div>
</div>",,"<p><strong>Thank you for taking the survey.</strong></p>
<p>Have a nice day!</p>",,0,0,0,0,1,0,0,0,0,10,0,,,0,0,0,0,1,,,,,0,0,en,0,,1,16,,,,,,,,,0,0,,HIDDEN,,1,"<p>Thank you for your interest; however, the survey is closed because the maximum number of responses has been reached.</p>",,,,,0,,,0,,,,,,,,,1,,,,,
