"Variable / Field Name","Form Name","Section Header","Field Type","Field Label","Choices, Calculations, OR Slider Labels","Field Note","Text Validation Type OR Show Slider Number","Text Validation Min","Text Validation Max",Identifier?,"Branching Logic (Show field only if...)","Required Field?","Custom Alignment","Question Number (surveys only)","Matrix Group Name","Matrix Ranking?","Field Annotation"
oopjr_i1_s1_r1_e1,oopjr_s1_r1_e1,,radio,"I do not like to be friends with anyone who is not perfect","1, Not at all | 2,  | 3,  | 4,  | 5, Extremely",,,,,,,y,,,oopjr,,
oopjr_i2_s1_r1_e1,oopjr_s1_r1_e1,,radio,"If other kids aren't perfect, I don't like them","1, Not at all | 2,  | 3,  | 4,  | 5, Extremely",,,,,,,y,,,oopjr,,
oopjr_i3_s1_r1_e1,oopjr_s1_r1_e1,,radio,"People who want to be my friend need to be perfect","1, Not at all | 2,  | 3,  | 4,  | 5, Extremely",,,,,,,y,,,oopjr,,
oopjr_i4_s1_r1_e1,oopjr_s1_r1_e1,,radio,"It is important that people I am close to are perfect","1, Not at all | 2,  | 3,  | 4,  | 5, Extremely",,,,,,,y,,,oopjr,,
oopjr_i5_s1_r1_e1,oopjr_s1_r1_e1,,radio,"I need my family members to be perfect","1, Not at all | 2,  | 3,  | 4,  | 5, Extremely",,,,,,,y,,,oopjr,,
oopjr_i6_s1_r1_e1,oopjr_s1_r1_e1,,radio,"Everything that others do must be perfect","1, Not at all | 2,  | 3,  | 4,  | 5, Extremely",,,,,,,y,,,oopjr,,
oopjr_i7_s1_r1_e1,oopjr_s1_r1_e1,,radio,"I get upset when other kids aren't perfect","1, Not at all | 2,  | 3,  | 4,  | 5, Extremely",,,,,,,y,,,oopjr,,
oopjr_i8_s1_r1_e1,oopjr_s1_r1_e1,,radio,"I need my friends to be perfect","1, Not at all | 2,  | 3,  | 4,  | 5, Extremely",,,,,,,y,,,oopjr,,
oopjr_i9_s1_r1_e1,oopjr_s1_r1_e1,,radio,"I think less of my classmates if they make mistakes","1, Not at all | 2,  | 3,  | 4,  | 5, Extremely",,,,,,,y,,,oopjr,,
oopjr_i10_s1_r1_e1,oopjr_s1_r1_e1,,radio,"I expect my friends to be the best, not second best","1, Not at all | 2,  | 3,  | 4,  | 5, Extremely",,,,,,,y,,,oopjr,,
