"Variable / Field Name","Form Name","Section Header","Field Type","Field Label","Choices, Calculations, OR Slider Labels","Field Note","Text Validation Type OR Show Slider Number","Text Validation Min","Text Validation Max",Identifier?,"Branching Logic (Show field only if...)","Required Field?","Custom Alignment","Question Number (surveys only)","Matrix Group Name","Matrix Ranking?","Field Annotation"
sassy_i1_s1_r1_e1,sassy_s1_r1_e1,,radio,"You notice at school one day that a favorite book of yours is missing. Later you notice a boy/girl in your class has a similar book in their bag. What do you think is most likely to have happened to your book?","2, That child has stolen the book and put it in their bag. | 3, Someone who doesn't like you has taken your book so you will be in trouble with your parents. | 0, You left your book at home. | 1, A friend borrowed the book thinking you wouldn't mind.",,,,,,,y,,,,,
sassy_i2_s1_r1_e1,sassy_s1_r1_e1,,radio,"You see the School Principal walking around the playground and s/he has been asking other children where you are. Why do you think the Principal is most likely looking for you?","0, The principal has a message for you. | 2, The principal thinks you have done something wrong and is angry. | 1, The principal wants to tell you he/she has noticed you are working harder and is pleased. | 3, One of the other children has told the teachers something bad about you.",,,,,,,y,,,,,
sassy_i3_s1_r1_e1,sassy_s1_r1_e1,,radio,"You arrange to have a party at 4:00pm and by 4:30pm no one has arrived. What do you think is most likely to have happened?","2, Your friends are angry at you and don't want to come. | 0, You must have put 4:30pm on the invitation. | 1, Your friends are late because the traffic is very heavy. | 3, Your friends don't want to come because they think it will be really boring.",,,,,,,y,,,,,
sassy_i4_s1_r1_e1,sassy_s1_r1_e1,,radio,"You are showing your school project in front of the class and two students in the back are giggling. What is the reason that they are giggling?","2, They think the project is really dumb. | 0, They are being silly and tickling each other. | 1, Another kid is making funny faces at them. | 3, There is a big stain on your uniform and they are laughing at you.",,,,,,,y,,,,,
sassy_i5_s1_r1_e1,sassy_s1_r1_e1,,radio,"You are sleeping over at a friend's place and his/her parents seem to be really annoyed and cranky all the time. What is the most likely reason that your friend's parents are annoyed and cranky all the time?","0, They had a little argument and are a bit upset with each other. | 2, They don't really like you. | 3, They think you have done something wrong. | 1, They had a party last night and they are tired and don't feel well.",,,,,,,y,,,,,
sassy_i6_s1_r1_e1,sassy_s1_r1_e1,,radio,"You see a group of students from another class playing a great game. You walk over and want to join in and you hear them laughing. Which of the following do you think is most likely to happen next?","2, They are going to start looking at you and telling secrets about you. | 0, They will soon ask you to join in. | 3, One of them is likely to rush up and push you away. | 1, They are going to notice you and smile.",,,,,,,y,,,,,
