﻿"Variable / Field Name","Form Name","Section Header","Field Type","Field Label","Choices, Calculations, OR Slider Labels","Field Note","Text Validation Type OR Show Slider Number","Text Validation Min","Text Validation Max",Identifier?,"Branching Logic (Show field only if...)","Required Field?","Custom Alignment","Question Number (surveys only)","Matrix Group Name","Matrix Ranking?","Field Annotation"
esipes_i1_s1_r1_e1,esipes_s1_r1_e1,,radio,"Cuando mi niño/a comete un error, él/ella se siente disgustado/a.","1, Para nada | 2, Un poco | 3, Mucho",,,,,,,y,,,esipes,,
esipes_i2_s1_r1_e1,esipes_s1_r1_e1,,radio,"Cuando mi niño/a comete un error, él/ella se siente mal del estómago.","1, Para nada | 2, Un poco | 3, Mucho",,,,,,,y,,,esipes,,
esipes_i3_s1_r1_e1,esipes_s1_r1_e1,,radio,"Cuando mi niño/a comete un error, él/ella siempre quiere arreglarlo.","1, Para nada | 2, Un poco | 3, Mucho",,,,,,,y,,,esipes,,
esipes_i4_s1_r1_e1,esipes_s1_r1_e1,,radio,"Cuando alguien nota que mi niño/a cometió un error, mi niño/a se siente disgustado/a.","1, Para nada | 2, Un poco | 3, Mucho",,,,,,,y,,,esipes,,
esipes_i5_s1_r1_e1,esipes_s1_r1_e1,,radio,"Mi niño/a tiene miedo a cometer errores frente a otras personas.","1, Para nada | 2, Un poco | 3, Mucho",,,,,,,y,,,esipes,,
esipes_i6_s1_r1_e1,esipes_s1_r1_e1,,radio,"A mi niño/a le gusta hacer las cosas perfectamente.","1, Para nada | 2, Un poco | 3, Mucho",,,,,,,y,,,esipes,,
esipes_i7_s1_r1_e1,esipes_s1_r1_e1,,radio,"Mi niño/a se siente disgustado/a cuando a otras personas no les gusta lo que él/ella hizo.","1, Para nada | 2, Un poco | 3, Mucho",,,,,,,y,,,esipes,,
esipes_i8_s1_r1_e1,esipes_s1_r1_e1,,radio,"Cuando mi niño/a comete un error, se siente ansioso/a.","1, Para nada | 2, Un poco | 3, Mucho",,,,,,,y,,,esipes,,
esipes_i9_s1_r1_e1,esipes_s1_r1_e1,,radio,"Cuando mi niño/a comete un error, comienza a sudar o sonrrojarse.","1, Para nada | 2, Un poco | 3, Mucho",,,,,,,y,,,esipes,,
