"Variable / Field Name","Form Name","Section Header","Field Type","Field Label","Choices, Calculations, OR Slider Labels","Field Note","Text Validation Type OR Show Slider Number","Text Validation Min","Text Validation Max",Identifier?,"Branching Logic (Show field only if...)","Required Field?","Custom Alignment","Question Number (surveys only)","Matrix Group Name","Matrix Ranking?","Field Annotation"
esi_i1_s1_r1_e1,esi_s1_r1_e1,"To what extent is this statement true for you?",radio,"When I notice a mistake I made, I feel upset.","1, not at all | 2, somewhat | 3, a lot",,,,,,,y,,,esi,,
esi_i2_s1_r1_e1,esi_s1_r1_e1,,radio,"My stomach feels sick when I make a mistake.","1, not at all | 2, somewhat | 3, a lot",,,,,,,y,,,esi,,
esi_i3_s1_r1_e1,esi_s1_r1_e1,,radio,"If I make a mistake, I always want to fix it.","1, not at all | 2, somewhat | 3, a lot",,,,,,,y,,,esi,,
esi_i4_s1_r1_e1,esi_s1_r1_e1,,radio,"When someone notices I did something wrong, I feel upset.","1, not at all | 2, somewhat | 3, a lot",,,,,,,y,,,esi,,
esi_i5_s1_r1_e1,esi_s1_r1_e1,,radio,"I am afraid of making mistakes in front of other people.","1, not at all | 2, somewhat | 3, a lot",,,,,,,y,,,esi,,
esi_i6_s1_r1_e1,esi_s1_r1_e1,,radio,"I like to do things perfectly.","1, not at all | 2, somewhat | 3, a lot",,,,,,,y,,,esi,,
esi_i7_s1_r1_e1,esi_s1_r1_e1,,radio,"I feel upset when other people don't like something I have done.","1, not at all | 2, somewhat | 3, a lot",,,,,,,y,,,esi,,
esi_i8_s1_r1_e1,esi_s1_r1_e1,,radio,"When I make a mistake, I feel anxious.","1, not at all | 2, somewhat | 3, a lot",,,,,,,y,,,esi,,
esi_i9_s1_r1_e1,esi_s1_r1_e1,,radio,"When I make a mistake, I start sweating or blushing.","1, not at all | 2, somewhat | 3, a lot",,,,,,,y,,,esi,,
