"Variable / Field Name","Form Name","Section Header","Field Type","Field Label","Choices, Calculations, OR Slider Labels","Field Note","Text Validation Type OR Show Slider Number","Text Validation Min","Text Validation Max",Identifier?,"Branching Logic (Show field only if...)","Required Field?","Custom Alignment","Question Number (surveys only)","Matrix Group Name","Matrix Ranking?","Field Annotation"
rpeq_i1_s1_r1_e1,rpeq_s1_r1_e1,"Please read the questions and answer how often this happens to you. The questions say ""a teen,"" but imagine that ""teen"" just means someone in your age group.",radio,"A teen chased me like he or she was really trying to hurt me.","1, never | 2, once or twice | 3, a few times | 4, about once a week | 5, a few times a week",,,,,,,y,,,rpeq,,
rpeq_i2_s1_r1_e1,rpeq_s1_r1_e1,,radio,"A teen threatened to hurt or beat me up.","1, never | 2, once or twice | 3, a few times | 4, about once a week | 5, a few times a week",,,,,,,y,,,rpeq,,
rpeq_i3_s1_r1_e1,rpeq_s1_r1_e1,,radio,"A teen hit, kicked, or pushed me in a mean way.","1, never | 2, once or twice | 3, a few times | 4, about once a week | 5, a few times a week",,,,,,,y,,,rpeq,,
rpeq_i4_s1_r1_e1,rpeq_s1_r1_e1,,radio,"Some teens left me out of an activity or conversation that I really wanted to be included in.","1, never | 2, once or twice | 3, a few times | 4, about once a week | 5, a few times a week",,,,,,,y,,,rpeq,,
rpeq_i5_s1_r1_e1,rpeq_s1_r1_e1,,radio,"A teen did not invite me to a party or other social event even though they knew that I wanted to go.","1, never | 2, once or twice | 3, a few times | 4, about once a week | 5, a few times a week",,,,,,,y,,,rpeq,,
rpeq_i6_s1_r1_e1,rpeq_s1_r1_e1,,radio,"A teen left me out of what they were doing.","1, never | 2, once or twice | 3, a few times | 4, about once a week | 5, a few times a week",,,,,,,y,,,rpeq,,
rpeq_i7_s1_r1_e1,rpeq_s1_r1_e1,,radio,"A teen tried to damage my social reputation by spreading rumors about me.","1, never | 2, once or twice | 3, a few times | 4, about once a week | 5, a few times a week",,,,,,,y,,,rpeq,,
rpeq_i8_s1_r1_e1,rpeq_s1_r1_e1,,radio,"Another teen gossiped about me so that others would not like me.","1, never | 2, once or twice | 3, a few times | 4, about once a week | 5, a few times a week",,,,,,,y,,,rpeq,,
rpeq_i9_s1_r1_e1,rpeq_s1_r1_e1,,radio,"Another teen said mean things about me so that people would think that I was a loser.","1, never | 2, once or twice | 3, a few times | 4, about once a week | 5, a few times a week",,,,,,,y,,,rpeq,,
rpeq_i10_s1_r1_e1,rpeq_s1_r1_e1,,radio,"Another teen helped me when I was having a problem.","1, never | 2, once or twice | 3, a few times | 4, about once a week | 5, a few times a week",,,,,,,y,,,rpeq,,
rpeq_i11_s1_r1_e1,rpeq_s1_r1_e1,,radio,"Another teen was nice and friendly to me when I needed help.","1, never | 2, once or twice | 3, a few times | 4, about once a week | 5, a few times a week",,,,,,,y,,,rpeq,,
rpeq_i12_s1_r1_e1,rpeq_s1_r1_e1,,radio,"Another teen stuck up for me when I was being picked on or excluded.","1, never | 2, once or twice | 3, a few times | 4, about once a week | 5, a few times a week",,,,,,,y,,,rpeq,,
rpeq_i13_s1_r1_e1,rpeq_s1_r1_e1,,radio,"A teen helped me join into a group or conversation.","1, never | 2, once or twice | 3, a few times | 4, about once a week | 5, a few times a week",,,,,,,y,,,rpeq,,
rpeq_i14_s1_r1_e1,rpeq_s1_r1_e1,,radio,"A teen spent time with me when I had no one else to hang out with.","1, never | 2, once or twice | 3, a few times | 4, about once a week | 5, a few times a week",,,,,,,y,,,rpeq,,
