"Variable / Field Name","Form Name","Section Header","Field Type","Field Label","Choices, Calculations, OR Slider Labels","Field Note","Text Validation Type OR Show Slider Number","Text Validation Min","Text Validation Max",Identifier?,"Branching Logic (Show field only if...)","Required Field?","Custom Alignment","Question Number (surveys only)","Matrix Group Name","Matrix Ranking?","Field Annotation"
identity_sexor_s1_r1_e1,identitya_s1_r1_e1,,dropdown,"Would you describe yourself as:","1, Heterosexual (straight) | 2, Gay or lesbian | 3, Bisexual | 4, Other | 5, Unsure",,,,,,,y,,,,,
identity_sexoroth_s1_r1_e1,identitya_s1_r1_e1,,text,"If Other, please explain:",,,,,,,"[identity_sexor_s1_r1_e1] = '4'",,,,,,
identity_gender_s1_r1_e1,identitya_s1_r1_e1,,dropdown,"What is your current gender identity?","1, Boy | 2, Girl | 3, Another gender | 999, I don't understand the question",,,,,,,y,,,,,
identity_feelboy_s1_r1_e1,identitya_s1_r1_e1,"Kids vary a lot in how they think and feel about themselves.",radio,"How much do you feel like a boy?","4, Totally | 3, Mostly | 2, Somewhat | 1, A little | 0, Not at all",,,,,,,y,,,feelboygrl,,
identity_feelgrl_s1_r1_e1,identitya_s1_r1_e1,,radio,"How much do you feel like a girl?","4, Totally | 3, Mostly | 2, Somewhat | 1, A little | 0, Not at all",,,,,,,y,,,feelboygrl,,
identity_attrgrl_s1_r1_e1,identitya_s1_r1_e1,"The next questions are about who you are attracted to and who you have relationships with.",radio,"I am attracted to girls.","0, Not at all | 1, A little | 2, A lot | 3, I don't know",,,,,,,y,,,attrboygrl,,
identity_attrboy_s1_r1_e1,identitya_s1_r1_e1,,radio,"I am attracted to boys.","0, Not at all | 1, A little | 2, A lot | 3, I don't know",,,,,,,y,,,attrboygrl,,
identity_attrnon_s1_r1_e1,identitya_s1_r1_e1,,radio,"I am attracted to people who are another gender (e.g. nonbinary).","0, Not at all | 1, A little | 2, A lot | 3, I don't know",,,,,,,y,,,attrboygrl,,
