﻿"Variable / Field Name","Form Name","Section Header","Field Type","Field Label","Choices, Calculations, OR Slider Labels","Field Note","Text Validation Type OR Show Slider Number","Text Validation Min","Text Validation Max",Identifier?,"Branching Logic (Show field only if...)","Required Field?","Custom Alignment","Question Number (surveys only)","Matrix Group Name","Matrix Ranking?","Field Annotation"
txrxa_any_s1_r1_e1,txrxa_s1_r1_e1,,dropdown,"Has the child ever (now or in the past) received treatment for any emotional or psychological problem? Problems may include but are not limited to Anxiety, Depression, Substance Abuse, Eating Disorder, ADHD, and Autism.","1, Yes | 0, No | 999, Don't know","(You will provide details below.)",,,,,,y,,,,,
txrxa_recentmeds_s1_r1_e1,txrxa_s1_r1_e1,,dropdown,"Has the child taken any medications (prescription or over-the-counter) within the past two weeks?","1, Yes | 0, No | 999, Don't know","(You will provide details below.)",,,,,,y,,,,,
txrxa_tx1_embed,txrxa_s1_r1_e1,"Please list all current and past treatment and/or evaluations the child has received for any emotional or psychological problem. ",descriptive,"<div class=""rich-text-field-label""><table style=""border-collapse: collapse; width: 100%; height: 144.086px;"" border=""1""> <tbody> <tr style=""height: 19px;""> <td style=""width: 48.3734%; border-style: hidden; height: 19px;""> <h6>Treatment 1</h6> </td> <td style=""width: 48.3734%; height: 19px; border-style: hidden;""> </td> </tr> <tr style=""height: 66.8906px;""> <td style=""width: 48.3734%; height: 66.8906px; border-style: hidden;""> <p>Problem:</p> <p>{txrxa_tx1prob_s1_r1_e1}</p> </td> <td style=""width: 48.3734%; height: 66.8906px; border-style: hidden;""> <p>Type of treatment and/or medication:</p> <p>{txrxa_tx1desc_s1_r1_e1}</p> </td> </tr> <tr style=""height: 58.1953px;""> <td style=""width: 48.3734%; height: 58.1953px; border-style: hidden;""> <p>Start Date: {txrxa_tx1start_s1_r1_e1}</p> <h6 style=""font-size: 7.5pt;""><span style=""color: #0e0e79;"">(Indicate month and year.)</span></h6> </td> <td style=""width: 48.3734%; height: 58.1953px; border-style: hidden;""> <p>End Date: {txrxa_tx1end_s1_r1_e1}</p> <h6 style=""font-size: 7.5pt;""><span style=""color: #0e0e79;"">(Indicate month and year.)</span></h6> </td> </tr> </tbody> </table></div>",,,,,,,"[txrxa_any_s1_r1_e1] = '1'",,,,,,
txrxa_tx1prob_s1_r1_e1,txrxa_s1_r1_e1,,notes,Problem:,,,,,,,,,,,,,
txrxa_tx1desc_s1_r1_e1,txrxa_s1_r1_e1,,notes,"Type of treatment and/or medication:",,,,,,,,,,,,,
txrxa_tx1start_s1_r1_e1,txrxa_s1_r1_e1,,text,"Start Date:",,,,,,,,,,,,,
txrxa_tx1end_s1_r1_e1,txrxa_s1_r1_e1,,text,"End Date:",,,,,,,,,,,,,
txrxa_tx2_embed,txrxa_s1_r1_e1,,descriptive,"<div class=""rich-text-field-label""><table style=""border-collapse: collapse; width: 100%; height: 144.086px;"" border=""1""> <tbody> <tr style=""height: 19px;""> <td style=""width: 48.3734%; border-style: hidden; height: 19px;""> <h6>Treatment 2</h6> </td> <td style=""width: 48.3734%; height: 19px; border-style: hidden;""> </td> </tr> <tr style=""height: 66.8906px;""> <td style=""width: 48.3734%; height: 66.8906px; border-style: hidden;""> <p>Problem:</p> <p>{txrxa_tx2prob_s1_r1_e1}</p> </td> <td style=""width: 48.3734%; height: 66.8906px; border-style: hidden;""> <p>Type of treatment and/or medication:</p> <p>{txrxa_tx2desc_s1_r1_e1}</p> </td> </tr> <tr style=""height: 58.1953px;""> <td style=""width: 48.3734%; height: 58.1953px; border-style: hidden;""> <p>Start Date: {txrxa_tx2start_s1_r1_e1}</p> <h6 style=""font-size: 7.5pt;""><span style=""color: #0e0e79;"">(Indicate month and year.)</span></h6> </td> <td style=""width: 48.3734%; height: 58.1953px; border-style: hidden;""> <p>End Date: {txrxa_tx2end_s1_r1_e1}</p> <h6 style=""font-size: 7.5pt;""><span style=""color: #0e0e79;"">(Indicate month and year.)</span></h6> </td> </tr> </tbody> </table></div>",,,,,,,"[txrxa_tx1prob_s1_r1_e1] <> """"",,,,,,
txrxa_tx2prob_s1_r1_e1,txrxa_s1_r1_e1,,notes,Problem:,,,,,,,,,,,,," @PLACEHOLDER=""(If no further treatments to report, leave blank.)"""
txrxa_tx2desc_s1_r1_e1,txrxa_s1_r1_e1,,notes,"Type of treatment and/or medication:",,,,,,,,,,,,," @PLACEHOLDER=""(If no further treatments to report, leave blank.)"""
txrxa_tx2start_s1_r1_e1,txrxa_s1_r1_e1,,text,"Start Date:",,,,,,,,,,,,," @PLACEHOLDER=""(If no further treatments to report, leave blank.)"""
txrxa_tx2end_s1_r1_e1,txrxa_s1_r1_e1,,text,"End Date:",,,,,,,,,,,,," @PLACEHOLDER=""(If no further treatments to report, leave blank.)"""
txrxa_tx3_embed,txrxa_s1_r1_e1,,descriptive,"<div class=""rich-text-field-label""><table style=""border-collapse: collapse; width: 100%; height: 144.086px;"" border=""1""> <tbody> <tr style=""height: 19px;""> <td style=""width: 48.3734%; border-style: hidden; height: 19px;""> <h6>Treatment 3</h6> </td> <td style=""width: 48.3734%; height: 19px; border-style: hidden;""> </td> </tr> <tr style=""height: 66.8906px;""> <td style=""width: 48.3734%; height: 66.8906px; border-style: hidden;""> <p>Problem:</p> <p>{txrxa_tx3prob_s1_r1_e1}</p> </td> <td style=""width: 48.3734%; height: 66.8906px; border-style: hidden;""> <p>Type of treatment and/or medication:</p> <p>{txrxa_tx3desc_s1_r1_e1}</p> </td> </tr> <tr style=""height: 58.1953px;""> <td style=""width: 48.3734%; height: 58.1953px; border-style: hidden;""> <p>Start Date: {txrxa_tx3start_s1_r1_e1}</p> <h6 style=""font-size: 7.5pt;""><span style=""color: #0e0e79;"">(Indicate month and year.)</span></h6> </td> <td style=""width: 48.3734%; height: 58.1953px; border-style: hidden;""> <p>End Date: {txrxa_tx3end_s1_r1_e1}</p> <h6 style=""font-size: 7.5pt;""><span style=""color: #0e0e79;"">(Indicate month and year.)</span></h6> </td> </tr> </tbody> </table></div>",,,,,,,"[txrxa_tx2prob_s1_r1_e1] <> """"",,,,,,
txrxa_tx3prob_s1_r1_e1,txrxa_s1_r1_e1,,notes,Problem:,,,,,,,,,,,,," @PLACEHOLDER=""(If no further treatments to report, leave blank.)"""
txrxa_tx3desc_s1_r1_e1,txrxa_s1_r1_e1,,notes,"Type of treatment and/or medication:",,,,,,,,,,,,," @PLACEHOLDER=""(If no further treatments to report, leave blank.)"""
txrxa_tx3start_s1_r1_e1,txrxa_s1_r1_e1,,text,"Start Date:",,,,,,,,,,,,," @PLACEHOLDER=""(If no further treatments to report, leave blank.)"""
txrxa_tx3end_s1_r1_e1,txrxa_s1_r1_e1,,text,"End Date:",,,,,,,,,,,,," @PLACEHOLDER=""(If no further treatments to report, leave blank.)"""
txrxa_tx4_embed,txrxa_s1_r1_e1,,descriptive,"<div class=""rich-text-field-label""><table style=""border-collapse: collapse; width: 100%; height: 144.086px;"" border=""1""> <tbody> <tr style=""height: 19px;""> <td style=""width: 48.3734%; border-style: hidden; height: 19px;""> <h6>Treatment 4</h6> </td> <td style=""width: 48.3734%; height: 19px; border-style: hidden;""> </td> </tr> <tr style=""height: 66.8906px;""> <td style=""width: 48.3734%; height: 66.8906px; border-style: hidden;""> <p>Problem:</p> <p>{txrxa_tx4prob_s1_r1_e1}</p> </td> <td style=""width: 48.3734%; height: 66.8906px; border-style: hidden;""> <p>Type of treatment and/or medication:</p> <p>{txrxa_tx4desc_s1_r1_e1}</p> </td> </tr> <tr style=""height: 58.1953px;""> <td style=""width: 48.3734%; height: 58.1953px; border-style: hidden;""> <p>Start Date: {txrxa_tx4start_s1_r1_e1}</p> <h6 style=""font-size: 7.5pt;""><span style=""color: #0e0e79;"">(Indicate month and year.)</span></h6> </td> <td style=""width: 48.3734%; height: 58.1953px; border-style: hidden;""> <p>End Date: {txrxa_tx4end_s1_r1_e1}</p> <h6 style=""font-size: 7.5pt;""><span style=""color: #0e0e79;"">(Indicate month and year.)</span></h6> </td> </tr> </tbody> </table></div>",,,,,,,"[txrxa_tx3prob_s1_r1_e1] <> """"",,,,,,
txrxa_tx4prob_s1_r1_e1,txrxa_s1_r1_e1,,notes,Problem:,,,,,,,,,,,,," @PLACEHOLDER=""(If no further treatments to report, leave blank.)"""
txrxa_tx4desc_s1_r1_e1,txrxa_s1_r1_e1,,notes,"Type of treatment and/or medication:",,,,,,,,,,,,," @PLACEHOLDER=""(If no further treatments to report, leave blank.)"""
txrxa_tx4start_s1_r1_e1,txrxa_s1_r1_e1,,text,"Start Date:",,,,,,,,,,,,," @PLACEHOLDER=""(If no further treatments to report, leave blank.)"""
txrxa_tx4end_s1_r1_e1,txrxa_s1_r1_e1,,text,"End Date:",,,,,,,,,,,,," @PLACEHOLDER=""(If no further treatments to report, leave blank.)"""
txrxa_tx5_embed,txrxa_s1_r1_e1,,descriptive,"<div class=""rich-text-field-label""><table style=""border-collapse: collapse; width: 100%; height: 144.086px;"" border=""1""> <tbody> <tr style=""height: 19px;""> <td style=""width: 48.3734%; border-style: hidden; height: 19px;""> <h6>Treatment 5</h6> </td> <td style=""width: 48.3734%; height: 19px; border-style: hidden;""> </td> </tr> <tr style=""height: 66.8906px;""> <td style=""width: 48.3734%; height: 66.8906px; border-style: hidden;""> <p>Problem:</p> <p>{txrxa_tx5prob_s1_r1_e1}</p> </td> <td style=""width: 48.3734%; height: 66.8906px; border-style: hidden;""> <p>Type of treatment and/or medication:</p> <p>{txrxa_tx5desc_s1_r1_e1}</p> </td> </tr> <tr style=""height: 58.1953px;""> <td style=""width: 48.3734%; height: 58.1953px; border-style: hidden;""> <p>Start Date: {txrxa_tx5start_s1_r1_e1}</p> <h6 style=""font-size: 7.5pt;""><span style=""color: #0e0e79;"">(Indicate month and year.)</span></h6> </td> <td style=""width: 48.3734%; height: 58.1953px; border-style: hidden;""> <p>End Date: {txrxa_tx5end_s1_r1_e1}</p> <h6 style=""font-size: 7.5pt;""><span style=""color: #0e0e79;"">(Indicate month and year.)</span></h6> </td> </tr> </tbody> </table></div>",,,,,,,"[txrxa_tx4prob_s1_r1_e1] <> """"",,,,,,
txrxa_tx5prob_s1_r1_e1,txrxa_s1_r1_e1,,notes,Problem:,,,,,,,,,,,,," @PLACEHOLDER=""(If no further treatments to report, leave blank.)"""
txrxa_tx5desc_s1_r1_e1,txrxa_s1_r1_e1,,notes,"Type of treatment and/or medication:",,,,,,,,,,,,," @PLACEHOLDER=""(If no further treatments to report, leave blank.)"""
txrxa_tx5start_s1_r1_e1,txrxa_s1_r1_e1,,text,"Start Date:",,,,,,,,,,,,," @PLACEHOLDER=""(If no further treatments to report, leave blank.)"""
txrxa_tx5end_s1_r1_e1,txrxa_s1_r1_e1,,text,"End Date:",,,,,,,,,,,,," @PLACEHOLDER=""(If no further treatments to report, leave blank.)"""
txrxa_tx6_embed,txrxa_s1_r1_e1,,descriptive,"<div class=""rich-text-field-label""><table style=""border-collapse: collapse; width: 100%; height: 144.086px;"" border=""1""> <tbody> <tr style=""height: 19px;""> <td style=""width: 48.3734%; border-style: hidden; height: 19px;""> <h6>Treatment 6</h6> </td> <td style=""width: 48.3734%; height: 19px; border-style: hidden;""> </td> </tr> <tr style=""height: 66.8906px;""> <td style=""width: 48.3734%; height: 66.8906px; border-style: hidden;""> <p>Problem:</p> <p>{txrxa_tx6prob_s1_r1_e1}</p> </td> <td style=""width: 48.3734%; height: 66.8906px; border-style: hidden;""> <p>Type of treatment and/or medication:</p> <p>{txrxa_tx6desc_s1_r1_e1}</p> </td> </tr> <tr style=""height: 58.1953px;""> <td style=""width: 48.3734%; height: 58.1953px; border-style: hidden;""> <p>Start Date: {txrxa_tx6start_s1_r1_e1}</p> <h6 style=""font-size: 7.5pt;""><span style=""color: #0e0e79;"">(Indicate month and year.)</span></h6> </td> <td style=""width: 48.3734%; height: 58.1953px; border-style: hidden;""> <p>End Date: {txrxa_tx6end_s1_r1_e1}</p> <h6 style=""font-size: 7.5pt;""><span style=""color: #0e0e79;"">(Indicate month and year.)</span></h6> </td> </tr> </tbody> </table></div>",,,,,,,"[txrxa_tx5prob_s1_r1_e1] <> """"",,,,,,
txrxa_tx6prob_s1_r1_e1,txrxa_s1_r1_e1,,notes,Problem:,,,,,,,,,,,,," @PLACEHOLDER=""(If no further treatments to report, leave blank.)"""
txrxa_tx6desc_s1_r1_e1,txrxa_s1_r1_e1,,notes,"Type of treatment and/or medication:",,,,,,,,,,,,," @PLACEHOLDER=""(If no further treatments to report, leave blank.)"""
txrxa_tx6start_s1_r1_e1,txrxa_s1_r1_e1,,text,"Start Date:",,,,,,,,,,,,," @PLACEHOLDER=""(If no further treatments to report, leave blank.)"""
txrxa_tx6end_s1_r1_e1,txrxa_s1_r1_e1,,text,"End Date:",,,,,,,,,,,,," @PLACEHOLDER=""(If no further treatments to report, leave blank.)"""
txrxa_tx7_embed,txrxa_s1_r1_e1,,descriptive,"<div class=""rich-text-field-label""><table style=""border-collapse: collapse; width: 100%; height: 144.086px;"" border=""1""> <tbody> <tr style=""height: 19px;""> <td style=""width: 48.3734%; border-style: hidden; height: 19px;""> <h6>Treatment 7</h6> </td> <td style=""width: 48.3734%; height: 19px; border-style: hidden;""> </td> </tr> <tr style=""height: 66.8906px;""> <td style=""width: 48.3734%; height: 66.8906px; border-style: hidden;""> <p>Problem:</p> <p>{txrxa_tx7prob_s1_r1_e1}</p> </td> <td style=""width: 48.3734%; height: 66.8906px; border-style: hidden;""> <p>Type of treatment and/or medication:</p> <p>{txrxa_tx7desc_s1_r1_e1}</p> </td> </tr> <tr style=""height: 58.1953px;""> <td style=""width: 48.3734%; height: 58.1953px; border-style: hidden;""> <p>Start Date: {txrxa_tx7start_s1_r1_e1}</p> <h6 style=""font-size: 7.5pt;""><span style=""color: #0e0e79;"">(Indicate month and year.)</span></h6> </td> <td style=""width: 48.3734%; height: 58.1953px; border-style: hidden;""> <p>End Date: {txrxa_tx7end_s1_r1_e1}</p> <h6 style=""font-size: 7.5pt;""><span style=""color: #0e0e79;"">(Indicate month and year.)</span></h6> </td> </tr> </tbody> </table></div>",,,,,,,"[txrxa_tx6prob_s1_r1_e1] <> """"",,,,,,
txrxa_tx7prob_s1_r1_e1,txrxa_s1_r1_e1,,notes,Problem:,,,,,,,,,,,,," @PLACEHOLDER=""(If no further treatments to report, leave blank.)"""
txrxa_tx7desc_s1_r1_e1,txrxa_s1_r1_e1,,notes,"Type of treatment and/or medication:",,,,,,,,,,,,," @PLACEHOLDER=""(If no further treatments to report, leave blank.)"""
txrxa_tx7start_s1_r1_e1,txrxa_s1_r1_e1,,text,"Start Date:",,,,,,,,,,,,," @PLACEHOLDER=""(If no further treatments to report, leave blank.)"""
txrxa_tx7end_s1_r1_e1,txrxa_s1_r1_e1,,text,"End Date:",,,,,,,,,,,,," @PLACEHOLDER=""(If no further treatments to report, leave blank.)"""
txrxa_tx8_embed,txrxa_s1_r1_e1,,descriptive,"<div class=""rich-text-field-label""><table style=""border-collapse: collapse; width: 100%; height: 144.086px;"" border=""1""> <tbody> <tr style=""height: 19px;""> <td style=""width: 48.3734%; border-style: hidden; height: 19px;""> <h6>Treatment 8</h6> </td> <td style=""width: 48.3734%; height: 19px; border-style: hidden;""> </td> </tr> <tr style=""height: 66.8906px;""> <td style=""width: 48.3734%; height: 66.8906px; border-style: hidden;""> <p>Problem:</p> <p>{txrxa_tx8prob_s1_r1_e1}</p> </td> <td style=""width: 48.3734%; height: 66.8906px; border-style: hidden;""> <p>Type of treatment and/or medication:</p> <p>{txrxa_tx8desc_s1_r1_e1}</p> </td> </tr> <tr style=""height: 58.1953px;""> <td style=""width: 48.3734%; height: 58.1953px; border-style: hidden;""> <p>Start Date: {txrxa_tx8start_s1_r1_e1}</p> <h6 style=""font-size: 7.5pt;""><span style=""color: #0e0e79;"">(Indicate month and year.)</span></h6> </td> <td style=""width: 48.3734%; height: 58.1953px; border-style: hidden;""> <p>End Date: {txrxa_tx8end_s1_r1_e1}</p> <h6 style=""font-size: 7.5pt;""><span style=""color: #0e0e79;"">(Indicate month and year.)</span></h6> </td> </tr> </tbody> </table></div>",,,,,,,"[txrxa_tx7prob_s1_r1_e1] <> """"",,,,,,
txrxa_tx8prob_s1_r1_e1,txrxa_s1_r1_e1,,notes,Problem:,,,,,,,,,,,,," @PLACEHOLDER=""(If no further treatments to report, leave blank.)"""
txrxa_tx8desc_s1_r1_e1,txrxa_s1_r1_e1,,notes,"Type of treatment and/or medication:",,,,,,,,,,,,," @PLACEHOLDER=""(If no further treatments to report, leave blank.)"""
txrxa_tx8start_s1_r1_e1,txrxa_s1_r1_e1,,text,"Start Date:",,,,,,,,,,,,," @PLACEHOLDER=""(If no further treatments to report, leave blank.)"""
txrxa_tx8end_s1_r1_e1,txrxa_s1_r1_e1,,text,"End Date:",,,,,,,,,,,,," @PLACEHOLDER=""(If no further treatments to report, leave blank.)"""
txrxa_tx9_embed,txrxa_s1_r1_e1,,descriptive,"<div class=""rich-text-field-label""><table style=""border-collapse: collapse; width: 100%; height: 144.086px;"" border=""1""> <tbody> <tr style=""height: 19px;""> <td style=""width: 48.3734%; border-style: hidden; height: 19px;""> <h6>Treatment 9</h6> </td> <td style=""width: 48.3734%; height: 19px; border-style: hidden;""> </td> </tr> <tr style=""height: 66.8906px;""> <td style=""width: 48.3734%; height: 66.8906px; border-style: hidden;""> <p>Problem:</p> <p>{txrxa_tx9prob_s1_r1_e1}</p> </td> <td style=""width: 48.3734%; height: 66.8906px; border-style: hidden;""> <p>Type of treatment and/or medication:</p> <p>{txrxa_tx9desc_s1_r1_e1}</p> </td> </tr> <tr style=""height: 58.1953px;""> <td style=""width: 48.3734%; height: 58.1953px; border-style: hidden;""> <p>Start Date: {txrxa_tx9start_s1_r1_e1}</p> <h6 style=""font-size: 7.5pt;""><span style=""color: #0e0e79;"">(Indicate month and year.)</span></h6> </td> <td style=""width: 48.3734%; height: 58.1953px; border-style: hidden;""> <p>End Date: {txrxa_tx9end_s1_r1_e1}</p> <h6 style=""font-size: 7.5pt;""><span style=""color: #0e0e79;"">(Indicate month and year.)</span></h6> </td> </tr> </tbody> </table></div>",,,,,,,"[txrxa_tx8prob_s1_r1_e1] <> """"",,,,,,
txrxa_tx9prob_s1_r1_e1,txrxa_s1_r1_e1,,notes,Problem:,,,,,,,,,,,,," @PLACEHOLDER=""(If no further treatments to report, leave blank.)"""
txrxa_tx9desc_s1_r1_e1,txrxa_s1_r1_e1,,notes,"Type of treatment and/or medication:",,,,,,,,,,,,," @PLACEHOLDER=""(If no further treatments to report, leave blank.)"""
txrxa_tx9start_s1_r1_e1,txrxa_s1_r1_e1,,text,"Start Date:",,,,,,,,,,,,," @PLACEHOLDER=""(If no further treatments to report, leave blank.)"""
txrxa_tx9end_s1_r1_e1,txrxa_s1_r1_e1,,text,"End Date:",,,,,,,,,,,,," @PLACEHOLDER=""(If no further treatments to report, leave blank.)"""
txrxa_tx10_embed,txrxa_s1_r1_e1,,descriptive,"<div class=""rich-text-field-label""><table style=""border-collapse: collapse; width: 100%; height: 144.086px;"" border=""1""> <tbody> <tr style=""height: 19px;""> <td style=""width: 48.3734%; border-style: hidden; height: 19px;""> <h6>Treatment 10</h6> </td> <td style=""width: 48.3734%; height: 19px; border-style: hidden;""> </td> </tr> <tr style=""height: 66.8906px;""> <td style=""width: 48.3734%; height: 66.8906px; border-style: hidden;""> <p>Problem:</p> <p>{txrxa_tx10prob_s1_r1_e1}</p> </td> <td style=""width: 48.3734%; height: 66.8906px; border-style: hidden;""> <p>Type of treatment and/or medication:</p> <p>{txrxa_tx10desc_s1_r1_e1}</p> </td> </tr> <tr style=""height: 58.1953px;""> <td style=""width: 48.3734%; height: 58.1953px; border-style: hidden;""> <p>Start Date: {txrxa_tx10start_s1_r1_e1}</p> <h6 style=""font-size: 7.5pt;""><span style=""color: #0e0e79;"">(Indicate month and year.)</span></h6> </td> <td style=""width: 48.3734%; height: 58.1953px; border-style: hidden;""> <p>End Date: {txrxa_tx10end_s1_r1_e1}</p> <h6 style=""font-size: 7.5pt;""><span style=""color: #0e0e79;"">(Indicate month and year.)</span></h6> </td> </tr> </tbody> </table></div>",,,,,,,"[txrxa_tx9prob_s1_r1_e1] <> """"",,,,,,
txrxa_tx10prob_s1_r1_e1,txrxa_s1_r1_e1,,notes,Problem:,,,,,,,,,,,,," @PLACEHOLDER=""(If no further treatments to report, leave blank.)"""
txrxa_tx10desc_s1_r1_e1,txrxa_s1_r1_e1,,notes,"Type of treatment and/or medication:",,,,,,,,,,,,," @PLACEHOLDER=""(If no further treatments to report, leave blank.)"""
txrxa_tx10start_s1_r1_e1,txrxa_s1_r1_e1,,text,"Start Date:",,,,,,,,,,,,," @PLACEHOLDER=""(If no further treatments to report, leave blank.)"""
txrxa_tx10end_s1_r1_e1,txrxa_s1_r1_e1,,text,"End Date:",,,,,,,,,,,,," @PLACEHOLDER=""(If no further treatments to report, leave blank.)"""
txrxa_rx1_embed,txrxa_s1_r1_e1,"Please list all medications the child has taken within the past two weeks.",descriptive,"<div class=""rich-text-field-label""><table style=""border-collapse: collapse; width: 100%;"" border=""1""> <tbody> <tr> <td style=""width: 50%; border-style: hidden;""> <h6>Medication 1</h6> </td> <td style=""width: 50%; border-style: hidden;""> </td> </tr> <tr> <td style=""width: 50%; border-style: hidden;"">Medication name: {txrxa_rx1name_s1_r1_e1}</td> <td style=""width: 50%; border-style: hidden;"">Taken within the last 24 hours? {txrxa_rx124_s1_r1_e1}</td> </tr> <tr> <td style=""width: 100%; border-style: hidden;"" colspan=""2""> <p>Reason for taking medication:</p> <p>{txrxa_rx1why_s1_r1_e1}</p> </td> </tr> </tbody> </table></div>",,,,,,,"[txrxa_recentmeds_s1_r1_e1] = '1'",,,,,,
txrxa_rx1name_s1_r1_e1,txrxa_s1_r1_e1,,text,"Medication name:",,,,,,,"[txrxa_recentmeds_s1_r1_e1] = '1'",,,,,,
txrxa_rx1why_s1_r1_e1,txrxa_s1_r1_e1,,notes,"Reason for taking medication:",,,,,,,"[txrxa_recentmeds_s1_r1_e1] = '1'",,,,,,
txrxa_rx124_s1_r1_e1,txrxa_s1_r1_e1,,dropdown,"Taken within the last 24 hours?","1, Yes | 0, No",,,,,,"[txrxa_recentmeds_s1_r1_e1] = '1'",,,,,,
txrxa_rx2_embed,txrxa_s1_r1_e1,,descriptive,"<div class=""rich-text-field-label""><table style=""border-collapse: collapse; width: 100%;"" border=""1""> <tbody> <tr> <td style=""width: 50%; border-style: hidden;""> <h6>Medication 2</h6> </td> <td style=""width: 50%; border-style: hidden;""> </td> </tr> <tr> <td style=""width: 50%; border-style: hidden;"">Medication name: {txrxa_rx2name_s1_r1_e1}</td> <td style=""width: 50%; border-style: hidden;""> <p>Taken within the last 24 hours {txrxa_rx224_s1_r1_e1}</p> </td> </tr> <tr> <td style=""width: 100%; border-style: hidden;"" colspan=""2""> <p>Reason for taking medication:</p> <p>{txrxa_rx2why_s1_r1_e1}</p> </td> </tr> </tbody> </table></div>",,,,,,,"[txrxa_rx1name_s1_r1_e1] <> """"",,,,,,
txrxa_rx2name_s1_r1_e1,txrxa_s1_r1_e1,,text,"Medication name:",,,,,,,,,,,,," @PLACEHOLDER=""(If no further medications to report, leave blank.)"""
txrxa_rx2why_s1_r1_e1,txrxa_s1_r1_e1,,notes,"Reason for taking medication:",,,,,,,,,,,,," @PLACEHOLDER=""(If no further medications to report, leave blank.)"""
txrxa_rx224_s1_r1_e1,txrxa_s1_r1_e1,,dropdown,"Taken within the last 24 hours?","1, Yes | 0, No",,,,,,,,,,,,
txrxa_rx3_embed,txrxa_s1_r1_e1,,descriptive,"<div class=""rich-text-field-label""><table style=""border-collapse: collapse; width: 100%;"" border=""1""> <tbody> <tr> <td style=""width: 50%; border-style: hidden;""> <h6>Medication 3</h6> </td> <td style=""width: 50%; border-style: hidden;""> </td> </tr> <tr> <td style=""width: 50%; border-style: hidden;"">Medication name: {txrxa_rx3name_s1_r1_e1}</td> <td style=""width: 50%; border-style: hidden;""> <p>Taken within the last 24 hours {txrxa_rx324_s1_r1_e1}</p> </td> </tr> <tr> <td style=""width: 100%; border-style: hidden;"" colspan=""2""> <p>Reason for taking medication:</p> <p>{txrxa_rx3why_s1_r1_e1}</p> </td> </tr> </tbody> </table></div>",,,,,,,"[txrxa_rx2name_s1_r1_e1] <> """"",,,,,,
txrxa_rx3name_s1_r1_e1,txrxa_s1_r1_e1,,text,"Medication name:",,,,,,,,,,,,," @PLACEHOLDER=""(If no further medications to report, leave blank.)"""
txrxa_rx3why_s1_r1_e1,txrxa_s1_r1_e1,,notes,"Reason for taking medication:",,,,,,,,,,,,," @PLACEHOLDER=""(If no further medications to report, leave blank.)"""
txrxa_rx324_s1_r1_e1,txrxa_s1_r1_e1,,dropdown,"Taken within the last 24 hours?","1, Yes | 0, No",,,,,,,,,,,,
txrxa_rx4_embed,txrxa_s1_r1_e1,,descriptive,"<div class=""rich-text-field-label""><table style=""border-collapse: collapse; width: 100%;"" border=""1""> <tbody> <tr> <td style=""width: 50%; border-style: hidden;""> <h6>Medication 4</h6> </td> <td style=""width: 50%; border-style: hidden;""> </td> </tr> <tr> <td style=""width: 50%; border-style: hidden;"">Medication name: {txrxa_rx4name_s1_r1_e1}</td> <td style=""width: 50%; border-style: hidden;""> <p>Taken within the last 24 hours {txrxa_rx424_s1_r1_e1}</p> </td> </tr> <tr> <td style=""width: 100%; border-style: hidden;"" colspan=""2""> <p>Reason for taking medication:</p> <p>{txrxa_rx4why_s1_r1_e1}</p> </td> </tr> </tbody> </table></div>",,,,,,,"[txrxa_rx3name_s1_r1_e1] <> """"",,,,,,
txrxa_rx4name_s1_r1_e1,txrxa_s1_r1_e1,,text,"Medication name:",,,,,,,,,,,,," @PLACEHOLDER=""(If no further medications to report, leave blank.)"""
txrxa_rx4why_s1_r1_e1,txrxa_s1_r1_e1,,notes,"Reason for taking medication:",,,,,,,,,,,,," @PLACEHOLDER=""(If no further medications to report, leave blank.)"""
txrxa_rx424_s1_r1_e1,txrxa_s1_r1_e1,,dropdown,"Taken within the last 24 hours?","1, Yes | 0, No",,,,,,,,,,,,
txrxa_rx5_embed,txrxa_s1_r1_e1,,descriptive,"<div class=""rich-text-field-label""><table style=""border-collapse: collapse; width: 100%;"" border=""1""> <tbody> <tr> <td style=""width: 50%; border-style: hidden;""> <h6>Medication 5</h6> </td> <td style=""width: 50%; border-style: hidden;""> </td> </tr> <tr> <td style=""width: 50%; border-style: hidden;"">Medication name: {txrxa_rx5name_s1_r1_e1}</td> <td style=""width: 50%; border-style: hidden;""> <p>Taken within the last 24 hours {txrxa_rx524_s1_r1_e1}</p> </td> </tr> <tr> <td style=""width: 100%; border-style: hidden;"" colspan=""2""> <p>Reason for taking medication:</p> <p>{txrxa_rx5why_s1_r1_e1}</p> </td> </tr> </tbody> </table></div>",,,,,,,"[txrxa_rx4name_s1_r1_e1] <> """"",,,,,,
txrxa_rx5name_s1_r1_e1,txrxa_s1_r1_e1,,text,"Medication name:",,,,,,,,,,,,," @PLACEHOLDER=""(If no further medications to report, leave blank.)"""
txrxa_rx5why_s1_r1_e1,txrxa_s1_r1_e1,,notes,"Reason for taking medication:",,,,,,,,,,,,," @PLACEHOLDER=""(If no further medications to report, leave blank.)"""
txrxa_rx524_s1_r1_e1,txrxa_s1_r1_e1,,dropdown,"Taken within the last 24 hours?","1, Yes | 0, No",,,,,,,,,,,,
txrxa_rx6_embed,txrxa_s1_r1_e1,,descriptive,"<div class=""rich-text-field-label""><table style=""border-collapse: collapse; width: 100%;"" border=""1""> <tbody> <tr> <td style=""width: 50%; border-style: hidden;""> <h6>Medication 6</h6> </td> <td style=""width: 50%; border-style: hidden;""> </td> </tr> <tr> <td style=""width: 50%; border-style: hidden;"">Medication name: {txrxa_rx6name_s1_r1_e1}</td> <td style=""width: 50%; border-style: hidden;""> <p>Taken within the last 24 hours {txrxa_rx624_s1_r1_e1}</p> </td> </tr> <tr> <td style=""width: 100%; border-style: hidden;"" colspan=""2""> <p>Reason for taking medication:</p> <p>{txrxa_rx6why_s1_r1_e1}</p> </td> </tr> </tbody> </table></div>",,,,,,,"[txrxa_rx5name_s1_r1_e1] <> """"",,,,,," @PLACEHOLDER=""(If no further medications to report, leave blank.)"""
txrxa_rx6name_s1_r1_e1,txrxa_s1_r1_e1,,text,"Medication name:",,,,,,,,,,,,," @PLACEHOLDER=""(If no further medications to report, leave blank.)"""
txrxa_rx6why_s1_r1_e1,txrxa_s1_r1_e1,,notes,"Reason for taking medication:",,,,,,,,,,,,,
txrxa_rx624_s1_r1_e1,txrxa_s1_r1_e1,,dropdown,"Taken within the last 24 hours?","1, Yes | 0, No",,,,,,,,,,,,
txrxa_rx7_embed,txrxa_s1_r1_e1,,descriptive,"<div class=""rich-text-field-label""><table style=""border-collapse: collapse; width: 100%;"" border=""1""> <tbody> <tr> <td style=""width: 50%; border-style: hidden;""> <h6>Medication 7</h6> </td> <td style=""width: 50%; border-style: hidden;""> </td> </tr> <tr> <td style=""width: 50%; border-style: hidden;"">Medication name: {txrxa_rx7name_s1_r1_e1}</td> <td style=""width: 50%; border-style: hidden;""> <p>Taken within the last 24 hours {txrxa_rx724_s1_r1_e1}</p> </td> </tr> <tr> <td style=""width: 100%; border-style: hidden;"" colspan=""2""> <p>Reason for taking medication:</p> <p>{txrxa_rx7why_s1_r1_e1}</p> </td> </tr> </tbody> </table></div>",,,,,,,"[txrxa_rx6name_s1_r1_e1] <> """"",,,,,," @PLACEHOLDER=""(If no further medications to report, leave blank.)"""
txrxa_rx7name_s1_r1_e1,txrxa_s1_r1_e1,,text,"Medication name:",,,,,,,,,,,,," @PLACEHOLDER=""(If no further medications to report, leave blank.)"""
txrxa_rx7why_s1_r1_e1,txrxa_s1_r1_e1,,notes,"Reason for taking medication:",,,,,,,,,,,,,
txrxa_rx724_s1_r1_e1,txrxa_s1_r1_e1,,dropdown,"Taken within the last 24 hours?","1, Yes | 0, No",,,,,,,,,,,,
txrxa_rx8_embed,txrxa_s1_r1_e1,,descriptive,"<div class=""rich-text-field-label""><table style=""border-collapse: collapse; width: 100%;"" border=""1""> <tbody> <tr> <td style=""width: 50%; border-style: hidden;""> <h6>Medication 8</h6> </td> <td style=""width: 50%; border-style: hidden;""> </td> </tr> <tr> <td style=""width: 50%; border-style: hidden;"">Medication name: {txrxa_rx8name_s1_r1_e1}</td> <td style=""width: 50%; border-style: hidden;""> <p>Taken within the last 24 hours {txrxa_rx824_s1_r1_e1}</p> </td> </tr> <tr> <td style=""width: 100%; border-style: hidden;"" colspan=""2""> <p>Reason for taking medication:</p> <p>{txrxa_rx8why_s1_r1_e1}</p> </td> </tr> </tbody> </table></div>",,,,,,,"[txrxa_rx7name_s1_r1_e1] <> """"",,,,,,
txrxa_rx8name_s1_r1_e1,txrxa_s1_r1_e1,,text,"Medication name:",,,,,,,,,,,,," @PLACEHOLDER=""(If no further medications to report, leave blank.)"""
txrxa_rx8why_s1_r1_e1,txrxa_s1_r1_e1,,notes,"Reason for taking medication:",,,,,,,,,,,,," @PLACEHOLDER=""(If no further medications to report, leave blank.)"""
txrxa_rx824_s1_r1_e1,txrxa_s1_r1_e1,,dropdown,"Taken within the last 24 hours?","1, Yes | 0, No",,,,,,,,,,,,
txrxa_rx9_embed,txrxa_s1_r1_e1,,descriptive,"<div class=""rich-text-field-label""><table style=""border-collapse: collapse; width: 100%;"" border=""1""> <tbody> <tr> <td style=""width: 50%; border-style: hidden;""> <h6>Medication 9</h6> </td> <td style=""width: 50%; border-style: hidden;""> </td> </tr> <tr> <td style=""width: 50%; border-style: hidden;"">Medication name: {txrxa_rx9name_s1_r1_e1}</td> <td style=""width: 50%; border-style: hidden;""> <p>Taken within the last 24 hours {txrxa_rx924_s1_r1_e1}</p> </td> </tr> <tr> <td style=""width: 100%; border-style: hidden;"" colspan=""2""> <p>Reason for taking medication:</p> <p>{txrxa_rx9why_s1_r1_e1}</p> </td> </tr> </tbody> </table></div>",,,,,,,"[txrxa_rx8name_s1_r1_e1] <> """"",,,,,,
txrxa_rx9name_s1_r1_e1,txrxa_s1_r1_e1,,text,"Medication name:",,,,,,,,,,,,," @PLACEHOLDER=""(If no further medications to report, leave blank.)"""
txrxa_rx9why_s1_r1_e1,txrxa_s1_r1_e1,,notes,"Reason for taking medication:",,,,,,,,,,,,," @PLACEHOLDER=""(If no further medications to report, leave blank.)"""
txrxa_rx924_s1_r1_e1,txrxa_s1_r1_e1,,dropdown,"Taken within the last 24 hours?","1, Yes | 0, No",,,,,,,,,,,,
txrxa_rx10_embed,txrxa_s1_r1_e1,,descriptive,"<div class=""rich-text-field-label""><table style=""border-collapse: collapse; width: 100%;"" border=""1""> <tbody> <tr> <td style=""width: 50%; border-style: hidden;""> <h6>Medication 10</h6> </td> <td style=""width: 50%; border-style: hidden;""> </td> </tr> <tr> <td style=""width: 50%; border-style: hidden;"">Medication name: {txrxa_rx10name_s1_r1_e1}</td> <td style=""width: 50%; border-style: hidden;""> <p>Taken within the last 24 hours {txrxa_rx1024_s1_r1_e1}</p> </td> </tr> <tr> <td style=""width: 100%; border-style: hidden;"" colspan=""2""> <p>Reason for taking medication:</p> <p>{txrxa_rx10why_s1_r1_e1}</p> </td> </tr> </tbody> </table></div>",,,,,,,"[txrxa_rx9name_s1_r1_e1] <> """"",,,,,,
txrxa_rx10name_s1_r1_e1,txrxa_s1_r1_e1,,text,"Medication name:",,,,,,,,,,,,," @PLACEHOLDER=""(If no further medications to report, leave blank.)"""
txrxa_rx10why_s1_r1_e1,txrxa_s1_r1_e1,,notes,"Reason for taking medication:",,,,,,,,,,,,," @PLACEHOLDER=""(If no further medications to report, leave blank.)"""
txrxa_rx1024_s1_r1_e1,txrxa_s1_r1_e1,,dropdown,"Taken within the last 24 hours?","1, Yes | 0, No",,,,,,,,,,,,
