﻿"Variable / Field Name","Form Name","Section Header","Field Type","Field Label","Choices, Calculations, OR Slider Labels","Field Note","Text Validation Type OR Show Slider Number","Text Validation Min","Text Validation Max",Identifier?,"Branching Logic (Show field only if...)","Required Field?","Custom Alignment","Question Number (surveys only)","Matrix Group Name","Matrix Ranking?","Field Annotation"
pdsfpes_b_i1_s1_r1_e1,pdsfpes_b_s1_r1_e1,,radio,"Con respecto a la estatura de su niño(a), ¿diría usted que...?","1, Aún no ha empezado a crecer | 2, Apenas ha empezado a crecer | 3, Definitivamente está creciendo | 4, Parece haber terminado de crecer | NA, No sé",,,,,,,y,LV,1,,,
pdsfpes_b_i2_s1_r1_e1,pdsfpes_b_s1_r1_e1,,radio,"¿Y qué diría del crecimiento del vello corporal de su niño(a) (""vello corporal"" se refiere al vello que crece en cualquier parte del cuerpo que no sea el pelo de la cabeza, como en las axilas)?¿Diría usted que el vello corporal de su niño(a)...?","1, Aún no le ha empezado a salir | 2, Apenas le está empezando a salir | 3, Definitivamente ya le está saliendo | 4, Parece haber terminado de salir | NA, No sé",,,,,,,y,LV,2,,,
pdsfpes_b_i3_s1_r1_e1,pdsfpes_b_s1_r1_e1,,radio,"¿Ha notado cambios en la piel de su niño(a), particularmente acné, granos o espinillas?","1, Su piel aún no ha empezado a mostrar cambios | 2, Su piel apenas ha empezado a mostrar cambios | 3, Definitivamente ya están ocurriendo cambios en su piel | 4, Parece haber terminado de cambiarle la piel | NA, No sé",,,,,,,y,LV,3,,,
pdsfpes_b_i4_s1_r1_e1,pdsfpes_b_s1_r1_e1,,radio,"¿Ha notado que los senos de su niña han empezado a crecer?","1, Aún no le han empezado a crecer | 2, Apenas le han empezado a crecer | 3, Definitivamente ya le están creciendo los senos | 4, Sus senos ya parecen haber terminado de crecer | NA, No sé",,,,,,,y,LV,4,,,
pdsfpes_b_i5_s1_r1_e1,pdsfpes_b_s1_r1_e1,,radio,"Su niña ha comenzado la menstruación?","4, Sí | 0, No | 999, No sé",,,,,,,y,LV,5,,,
pdsfpes_b_i6_s1_r1_e1,pdsfpes_b_s1_r1_e1,,text,"Qué edad tenía cuando empezó a menstruar?

(Si no sabe, por favor escoja ""No sé"" en lo que sigue abajo.)",,"(En años.) ",,,,,"[pdsfpes_b_i5_s1_r1_e1] = '4'",,LV,6,,,
pdsfpes_b_i6dk_s1_r1_e1,pdsfpes_b_s1_r1_e1,,radio,,"999, No sé",,,,,,"[pdsfpes_b_i5_s1_r1_e1] = '4'",,LV,,,,
pdsfpes_b_i7_s1_r1_e1,pdsfpes_b_s1_r1_e1,,text,"Cuál fue el primer día del último período de su niña?

(Si no sabe, por favor escoja ""No sé"" en lo que sigue abajo.)",,,date_ymd,,,,"[pdsfpes_b_i5_s1_r1_e1] = '4'",,LV,,,," @HIDEBUTTON"
pdsfpes_b_i7dk_s1_r1_e1,pdsfpes_b_s1_r1_e1,,radio,,"999, No sé",,,,,,"[pdsfpes_b_i5_s1_r1_e1] = '4'",,LV,,,,
pdsfpes_b_i8_s1_r1_e1,pdsfpes_b_s1_r1_e1,,text,"En promedio, cuántos días pasan entre el primer día de su período y el primer día del próximo período?

(Si no sabe, por favor escoja ""No sé"" en lo que sigue abajo.)",,"(e.j. 30 días.)",integer,,,,"[pdsfpes_b_i5_s1_r1_e1] = '4'",,LV,,,,
pdsfpes_b_i8dk_s1_r1_e1,pdsfpes_b_s1_r1_e1,,radio,,"999, No sé",,,,,,"[pdsfpes_b_i5_s1_r1_e1] = '4'",,LV,,,,
pdsfpes_b_i9_s1_r1_e1,pdsfpes_b_s1_r1_e1,,radio,"El ciclo menstrual de su niña es regular?","1, Sí | 0, No | 999, No sé",,,,,,"[pdsfpes_b_i5_s1_r1_e1] = '4'",,LV,,,,
pdsfpes_b_i10_s1_r1_e1,pdsfpes_b_s1_r1_e1,,radio,"Actualmente su niña usa contracepción hormonal? (e.j. pastillas, parches, inyecciones)?","1, Sí | 0, No | 999, No sé",,,,,,"[pdsfpes_b_i5_s1_r1_e1] = '4'",,LV,,,,
pdsfpes_b_i11_s1_r1_e1,pdsfpes_b_s1_r1_e1,,radio,"Su niña experimenta irritabilidad, fatiga, sensibilidad emocional, etc., durante la etapa premenstrual, la cual empieza antes de su período y termina algunos días después de comenzar el sangrado?","1, Para nada | 2, Leves | 3, Moderados | 4, Graves | 999, No sé",,,,,,"[pdsfpes_b_i5_s1_r1_e1] = '4'",,LV,,,,
pdsfpes_b_i12_s1_r1_e1,pdsfpes_b_s1_r1_e1,,radio,"Los síntomas premenstruales de su niña interfieren en sus relaciones con familia y amigos, productividad, y/o actividades de su vida social?","1, Para nada | 2, Leves | 3, Moderados | 4, Graves | 999, No sé",,,,,,"[pdsfpes_b_i5_s1_r1_e1] = '4'",,LV,,,,
