"Variable / Field Name","Form Name","Section Header","Field Type","Field Label","Choices, Calculations, OR Slider Labels","Field Note","Text Validation Type OR Show Slider Number","Text Validation Min","Text Validation Max",Identifier?,"Branching Logic (Show field only if...)","Required Field?","Custom Alignment","Question Number (surveys only)","Matrix Group Name","Matrix Ranking?","Field Annotation"
posttaskf_i1_s1_r1_e1,posttaskf_s1_r1_e1,,text,"How many mistakes do you think you made during your speech?",,,integer,,,,,y,,,,,
posttaskf_i2_s1_r1_e1,posttaskf_s1_r1_e1,,radio,"How well do you think you did giving a speech?","1, Not well at all | 2,  | 3,  | 4, Very well",,,,,,,y,,,posttaskffirst,,
posttaskf_i3_s1_r1_e1,posttaskf_s1_r1_e1,,radio,"How hard did you try?","1, Not at all | 2,  | 3,  | 4, Very much",,,,,,,y,,,posttaskfmain,,
posttaskf_i4_s1_r1_e1,posttaskf_s1_r1_e1,,radio,"How much did it bother you when you made a mistake?","1, Not at all | 2,  | 3,  | 4, Very much",,,,,,,y,,,posttaskfmain,,
posttaskf_i5_s1_r1_e1,posttaskf_s1_r1_e1,,radio,"How anxious or nervous were you during the speech?","1, Not at all | 2,  | 3,  | 4, Very much",,,,,,,y,,,posttaskfmain,,
posttaskf_i6_s1_r1_e1,posttaskf_s1_r1_e1,,radio,"How calm and confident were you during the speech?","1, Not at all | 2,  | 3,  | 4, Very much",,,,,,,y,,,posttaskfmain,,
posttaskf_i7_s1_r1_e1,posttaskf_s1_r1_e1,,radio,"How much did you worry about being judged negatively?","1, Not at all | 2,  | 3,  | 4, Very much",,,,,,,y,,,posttaskfmain,,
posttaskf_i8_s1_r1_e1,posttaskf_s1_r1_e1,,radio,"How much did you think about performing well?","1, Not at all | 2,  | 3,  | 4, Very much",,,,,,,y,,,posttaskfmain,,
posttaskf_i9_s1_r1_e1,posttaskf_s1_r1_e1,"How much did each of the following influence how well you did giving a speech?",radio,"Your own ability","1, Not at all | 2,  | 3,  | 4, Very much",,,,,,,y,,,posttaskfinfluence,,
posttaskf_i10_s1_r1_e1,posttaskf_s1_r1_e1,,radio,"Difficulty of the speech","1, Not at all | 2,  | 3,  | 4, Very much",,,,,,,y,,,posttaskfinfluence,,
