Variable / Field Name,Form Name,Section Header,Field Type,Field Label,"Choices, Calculations, OR Slider Labels",Field Note,Text Validation Type OR Show Slider Number,Text Validation Min,Text Validation Max,Identifier?,Branching Logic (Show field only if...),Required Field?,Custom Alignment,Question Number (surveys only),Matrix Group Name,Matrix Ranking?,Field Annotation
ppiepost_i1_s1_r1_e1,ppiepost_s1_r1_e1,,radio,I did have an enjoyable interaction with the other person.,"1, Very Unlikely | 2, Unlikely | 3, Likely | 4, Very Likely",,,,,,,y,,,ppie_post_s1_r1_e1,,
ppiepost_i2_s1_r1_e1,ppiepost_s1_r1_e1,,radio,I did act awkward when talking to the other person.,"1, Very Unlikely | 2, Unlikely | 3, Likely | 4, Very Likely",,,,,,,y,,,ppie_post_s1_r1_e1,,
ppiepost_i3_s1_r1_e1,ppiepost_s1_r1_e1,,radio,I did a great job of carrying on a conversation with the other person.,"1, Very Unlikely | 2, Unlikely | 3, Likely | 4, Very Likely",,,,,,,y,,,ppie_post_s1_r1_e1,,
ppiepost_i4_s1_r1_e1,ppiepost_s1_r1_e1,,radio,I had nothing to talk about.,"1, Very Unlikely | 2, Unlikely | 3, Likely | 4, Very Likely",,,,,,,y,,,ppie_post_s1_r1_e1,,
ppiepost_i5_s1_r1_e1,ppiepost_s1_r1_e1,,radio,I did say uninteresting things when talking to the other person.,"1, Very Unlikely | 2, Unlikely | 3, Likely | 4, Very Likely",,,,,,,y,,,ppie_post_s1_r1_e1,,
ppiepost_i6_s1_r1_e1,ppiepost_s1_r1_e1,,radio,The other person did think that I am smart.,"1, Very Unlikely | 2, Unlikely | 3, Likely | 4, Very Likely",,,,,,,y,,,ppie_post_s1_r1_e1,,
ppiepost_i7_s1_r1_e1,ppiepost_s1_r1_e1,,radio,The other person did think that I am interesting.,"1, Very Unlikely | 2, Unlikely | 3, Likely | 4, Very Likely",,,,,,,y,,,ppie_post_s1_r1_e1,,
ppiepost_i8_s1_r1_e1,ppiepost_s1_r1_e1,,radio,The other person did enjoy having a conversation with me.,"1, Very Unlikely | 2, Unlikely | 3, Likely | 4, Very Likely",,,,,,,y,,,ppie_post_s1_r1_e1,,
ppiepost_i9_s1_r1_e1,ppiepost_s1_r1_e1,,radio,The other person did think I am weird.,"1, Very Unlikely | 2, Unlikely | 3, Likely | 4, Very Likely",,,,,,,y,,,ppie_post_s1_r1_e1,,
ppiepost_i10_s1_r1_e1,ppiepost_s1_r1_e1,,radio,The other person did like me.,"1, Very Unlikely | 2, Unlikely | 3, Likely | 4, Very Likely",,,,,,,y,,,ppie_post_s1_r1_e1,,
ppiepost_i11_s1_r1_e1,ppiepost_s1_r1_e1,,radio,"I did feel like my ""thoughts were racing"" when talking to the other person.","1, Very Unlikely | 2, Unlikely | 3, Likely | 4, Very Likely",,,,,,,y,,,ppie_post_s1_r1_e1,,
ppiepost_i12_s1_r1_e1,ppiepost_s1_r1_e1,,radio,I did get distracted by anxious thoughts during the conversation.,"1, Very Unlikely | 2, Unlikely | 3, Likely | 4, Very Likely",,,,,,,y,,,ppie_post_s1_r1_e1,,
ppiepost_i13_s1_r1_e1,ppiepost_s1_r1_e1,,radio,I did worry a lot when talking to the other person.,"1, Very Unlikely | 2, Unlikely | 3, Likely | 4, Very Likely",,,,,,,y,,,ppie_post_s1_r1_e1,,
ppiepost_i14_s1_r1_e1,ppiepost_s1_r1_e1,,radio,I did maintain focus on the conversation and the other person.,"1, Very Unlikely | 2, Unlikely | 3, Likely | 4, Very Likely",,,,,,,y,,,ppie_post_s1_r1_e1,,
ppiepost_i15_s1_r1_e1,ppiepost_s1_r1_e1,,radio,I did fixate too much on everything I say or do during the conversation.,"1, Very Unlikely | 2, Unlikely | 3, Likely | 4, Very Likely",,,,,,,y,,,ppie_post_s1_r1_e1,,
ppiepost_i16_s1_r1_e1,ppiepost_s1_r1_e1,,radio,My heart did pound when talking to the other person.,"1, Very Unlikely | 2, Unlikely | 3, Likely | 4, Very Likely",,,,,,,y,,,ppie_post_s1_r1_e1,,
ppiepost_i17_s1_r1_e1,ppiepost_s1_r1_e1,,radio,I did start to sweat when talking to the other person.,"1, Very Unlikely | 2, Unlikely | 3, Likely | 4, Very Likely",,,,,,,y,,,ppie_post_s1_r1_e1,,
ppiepost_i18_s1_r1_e1,ppiepost_s1_r1_e1,,radio,I did feel flushed when talking to the other person.,"1, Very Unlikely | 2, Unlikely | 3, Likely | 4, Very Likely",,,,,,,y,,,ppie_post_s1_r1_e1,,
ppiepost_i19_s1_r1_e1,ppiepost_s1_r1_e1,,radio,I did have an uncomfortable feeling in my stomach when talking to the other person.,"1, Very Unlikely | 2, Unlikely | 3, Likely | 4, Very Likely",,,,,,,y,,,ppie_post_s1_r1_e1,,
ppiepost_i20_s1_r1_e1,ppiepost_s1_r1_e1,,radio,I did feel tense while talking to the other person.,"1, Very Unlikely | 2, Unlikely | 3, Likely | 4, Very Likely",,,,,,,y,,,ppie_post_s1_r1_e1,,