﻿"Variable / Field Name","Form Name","Section Header","Field Type","Field Label","Choices, Calculations, OR Slider Labels","Field Note","Text Validation Type OR Show Slider Number","Text Validation Min","Text Validation Max",Identifier?,"Branching Logic (Show field only if...)","Required Field?","Custom Alignment","Question Number (surveys only)","Matrix Group Name","Matrix Ranking?","Field Annotation"
bfnees_b_i1_s1_r1_e1,bfnees_b_s1_r1_e1,,radio,"Me preocupa lo que otras personas pensarán de mí, incluso cuando sé que no hace ninguna diferencia.","1, Para nada característico de mí | 2, Un poco característico de mí | 3, Moderadamente característico de mí | 4, Muy característico de mí | 5, Totalemente característico de mí",,,,,,,y,,,bfnees,,
bfnees_b_i2_s1_r1_e1,bfnees_b_s1_r1_e1,,radio,"Me molesta cuando otras personas forman una impresión negativa de mí.","1, Para nada característico de mí | 2, Un poco característico de mí | 3, Moderadamente característico de mí | 4, Muy característico de mí | 5, Totalemente característico de mí",,,,,,,y,,,bfnees,,
bfnees_b_i3_s1_r1_e1,bfnees_b_s1_r1_e1,,radio,"Frecuentemente temo que otras personas se den cuenta de mis limitaciones.","1, Para nada característico de mí | 2, Un poco característico de mí | 3, Moderadamente característico de mí | 4, Muy característico de mí | 5, Totalemente característico de mí",,,,,,,y,,,bfnees,,
bfnees_b_i4_s1_r1_e1,bfnees_b_s1_r1_e1,,radio,"Me preocupa el tipo de impresión que causo en las personas","1, Para nada característico de mí | 2, Un poco característico de mí | 3, Moderadamente característico de mí | 4, Muy característico de mí | 5, Totalemente característico de mí",,,,,,,y,,,bfnees,,
bfnees_b_i5_s1_r1_e1,bfnees_b_s1_r1_e1,,radio,"Tengo miedo de que los demás no aprueben de mi.","1, Para nada característico de mí | 2, Un poco característico de mí | 3, Moderadamente característico de mí | 4, Muy característico de mí | 5, Totalemente característico de mí",,,,,,,y,,,bfnees,,
bfnees_b_i6_s1_r1_e1,bfnees_b_s1_r1_e1,,radio,"Me da miedo que la gente descubra mis defectos.","1, Para nada característico de mí | 2, Un poco característico de mí | 3, Moderadamente característico de mí | 4, Muy característico de mí | 5, Totalemente característico de mí",,,,,,,y,,,bfnees,,
bfnees_b_i7_s1_r1_e1,bfnees_b_s1_r1_e1,,radio,"Me preocupan las opiniones de otras personas sobre mí","1, Para nada característico de mí | 2, Un poco característico de mí | 3, Moderadamente característico de mí | 4, Muy característico de mí | 5, Totalemente característico de mí",,,,,,,y,,,bfnees,,
bfnees_b_i8_s1_r1_e1,bfnees_b_s1_r1_e1,,radio,"Cuando hablo con alguien, me preocupa lo que puedan estar pensando de mí.","1, Para nada característico de mí | 2, Un poco característico de mí | 3, Moderadamente característico de mí | 4, Muy característico de mí | 5, Totalemente característico de mí",,,,,,,y,,,bfnees,,
bfnees_b_i9_s1_r1_e1,bfnees_b_s1_r1_e1,,radio,"Normalmente estoy preocupado(a) por qué tipo de impresión hago","1, Para nada característico de mí | 2, Un poco característico de mí | 3, Moderadamente característico de mí | 4, Muy característico de mí | 5, Totalemente característico de mí",,,,,,,y,,,bfnees,,
bfnees_b_i10_s1_r1_e1,bfnees_b_s1_r1_e1,,radio,"Si sé que alguien me está juzgando, tiende a molestarme.","1, Para nada característico de mí | 2, Un poco característico de mí | 3, Moderadamente característico de mí | 4, Muy característico de mí | 5, Totalemente característico de mí",,,,,,,y,,,bfnees,,
bfnees_b_i11_s1_r1_e1,bfnees_b_s1_r1_e1,,radio,"A veces pienso que estoy demasiado preocupado por lo que otras personas
piensan de mí.","1, Para nada característico de mí | 2, Un poco característico de mí | 3, Moderadamente característico de mí | 4, Muy característico de mí | 5, Totalemente característico de mí",,,,,,,y,,,bfnees,,
bfnees_b_i12_s1_r1_e1,bfnees_b_s1_r1_e1,,radio,"A menudo me preocupa decir o hacer cosas equivocadas.","1, Para nada característico de mí | 2, Un poco característico de mí | 3, Moderadamente característico de mí | 4, Muy característico de mí | 5, Totalemente característico de mí",,,,,,,y,,,bfnees,,
