﻿"Variable / Field Name","Form Name","Section Header","Field Type","Field Label","Choices, Calculations, OR Slider Labels","Field Note","Text Validation Type OR Show Slider Number","Text Validation Min","Text Validation Max",Identifier?,"Branching Logic (Show field only if...)","Required Field?","Custom Alignment","Question Number (surveys only)","Matrix Group Name","Matrix Ranking?","Field Annotation"
viaes_heritage_s1_r1_e1,viaes_s1_r1_e1,,radio,"Tiene alguna cultura de origen (además de la americana o estadounidense)?","1, Sí | 0, No",,,,,,,y,,,,,
viaes_which_s1_r1_e1,viaes_s1_r1_e1,,text,"Nuestra cultura de origen (que no sea americana o estadounidense) es:",,,,,,,"[viaes_heritage_s1_r1_e1] = '1'",y,,,,,
viaes_i1_s1_r1_e1,viaes_s1_r1_e1,,radio,"Con frecuencia participo en las tradiciones de mi propia cultura.","1, en Desacuerdo | 2,  | 3,  | 4,  | 5,  | 6,  | 7,  | 8,  | 9, en Acuerdo",,,,,,"[viaes_heritage_s1_r1_e1] = '1'",y,,,viaes,,
viaes_i2_s1_r1_e1,viaes_s1_r1_e1,,radio,"Con frecuencia participo en las tradiciones americanas/estadounidenses populares.","1, en Desacuerdo | 2,  | 3,  | 4,  | 5,  | 6,  | 7,  | 8,  | 9, en Acuerdo",,,,,,"[viaes_heritage_s1_r1_e1] = '1'",y,,,viaes,,
viaes_i3_s1_r1_e1,viaes_s1_r1_e1,,radio,"Yo disfruto de actividades sociales con personas de mi misma cultura.","1, en Desacuerdo | 2,  | 3,  | 4,  | 5,  | 6,  | 7,  | 8,  | 9, en Acuerdo",,,,,,"[viaes_heritage_s1_r1_e1] = '1'",y,,,viaes,,
viaes_i4_s1_r1_e1,viaes_s1_r1_e1,,radio,"Yo disfruto de actividades sociales con personas americanas/estadounidenses.","1, en Desacuerdo | 2,  | 3,  | 4,  | 5,  | 6,  | 7,  | 8,  | 9, en Acuerdo",,,,,,"[viaes_heritage_s1_r1_e1] = '1'",y,,,viaes,,
viaes_i5_s1_r1_e1,viaes_s1_r1_e1,,radio,"Me siento cómodo interactuando con personas de mi misma cultura.","1, en Desacuerdo | 2,  | 3,  | 4,  | 5,  | 6,  | 7,  | 8,  | 9, en Acuerdo",,,,,,"[viaes_heritage_s1_r1_e1] = '1'",y,,,viaes,,
viaes_i6_s1_r1_e1,viaes_s1_r1_e1,,radio,"Me siento cómodo interactuando con personas americanas/estadounidenses.","1, en Desacuerdo | 2,  | 3,  | 4,  | 5,  | 6,  | 7,  | 8,  | 9, en Acuerdo",,,,,,"[viaes_heritage_s1_r1_e1] = '1'",y,,,viaes,,
viaes_i7_s1_r1_e1,viaes_s1_r1_e1,,radio,"Disfruto del entretenimiento (Ej., películas, música) de mi propia cultura.","1, en Desacuerdo | 2,  | 3,  | 4,  | 5,  | 6,  | 7,  | 8,  | 9, en Acuerdo",,,,,,"[viaes_heritage_s1_r1_e1] = '1'",y,,,viaes,,
viaes_i8_s1_r1_e1,viaes_s1_r1_e1,,radio,"Disfruto del entretenimiento (Ej., películas, música) americana/estadounidense.","1, en Desacuerdo | 2,  | 3,  | 4,  | 5,  | 6,  | 7,  | 8,  | 9, en Acuerdo",,,,,,"[viaes_heritage_s1_r1_e1] = '1'",y,,,viaes,,
viaes_i9_s1_r1_e1,viaes_s1_r1_e1,,radio,"Frecuentemente me comporto de acuerdo a las tradiciones de mi propia cultura.","1, en Desacuerdo | 2,  | 3,  | 4,  | 5,  | 6,  | 7,  | 8,  | 9, en Acuerdo",,,,,,"[viaes_heritage_s1_r1_e1] = '1'",y,,,viaes,,
viaes_i10_s1_r1_e1,viaes_s1_r1_e1,,radio,"Frecuentemente me comporto de forma típica americana/estadounidense.","1, en Desacuerdo | 2,  | 3,  | 4,  | 5,  | 6,  | 7,  | 8,  | 9, en Acuerdo",,,,,,"[viaes_heritage_s1_r1_e1] = '1'",y,,,viaes,,
viaes_i11_s1_r1_e1,viaes_s1_r1_e1,,radio,"Para mí es importante involucrarme en las actividades de mi propia cultura.","1, en Desacuerdo | 2,  | 3,  | 4,  | 5,  | 6,  | 7,  | 8,  | 9, en Acuerdo",,,,,,"[viaes_heritage_s1_r1_e1] = '1'",y,,,viaes,,
viaes_i12_s1_r1_e1,viaes_s1_r1_e1,,radio,"Para mí es importante involucrarme en actividades americanas/estadounidenses.","1, en Desacuerdo | 2,  | 3,  | 4,  | 5,  | 6,  | 7,  | 8,  | 9, en Acuerdo",,,,,,"[viaes_heritage_s1_r1_e1] = '1'",y,,,viaes,,
viaes_i13_s1_r1_e1,viaes_s1_r1_e1,,radio,"Comparto los valores de mi propia cultura.","1, en Desacuerdo | 2,  | 3,  | 4,  | 5,  | 6,  | 7,  | 8,  | 9, en Acuerdo",,,,,,"[viaes_heritage_s1_r1_e1] = '1'",y,,,viaes,,
viaes_i14_s1_r1_e1,viaes_s1_r1_e1,,radio,"Comparto los valores populares de la cultura americana/estadounidense.","1, en Desacuerdo | 2,  | 3,  | 4,  | 5,  | 6,  | 7,  | 8,  | 9, en Acuerdo",,,,,,"[viaes_heritage_s1_r1_e1] = '1'",y,,,viaes,,
viaes_i15_s1_r1_e1,viaes_s1_r1_e1,,radio,"Me gusta tener amigos de mi misma cultura.","1, en Desacuerdo | 2,  | 3,  | 4,  | 5,  | 6,  | 7,  | 8,  | 9, en Acuerdo",,,,,,"[viaes_heritage_s1_r1_e1] = '1'",y,,,viaes,,
viaes_i16_s1_r1_e1,viaes_s1_r1_e1,,radio,"Me gusta tener amigos americanos/estadounidenses.","1, en Desacuerdo | 2,  | 3,  | 4,  | 5,  | 6,  | 7,  | 8,  | 9, en Acuerdo",,,,,,"[viaes_heritage_s1_r1_e1] = '1'",y,,,viaes,,
