"Variable / Field Name","Form Name","Section Header","Field Type","Field Label","Choices, Calculations, OR Slider Labels","Field Note","Text Validation Type OR Show Slider Number","Text Validation Min","Text Validation Max",Identifier?,"Branching Logic (Show field only if...)","Required Field?","Custom Alignment","Question Number (surveys only)","Matrix Group Name","Matrix Ranking?","Field Annotation"
spaip_i3_s1_r1_e1,spaip_s1_r1_e1,,radio,"My child feels scared when he/she is with other boys and girls or adults and he/she has to do something while they watch (read aloud, play a game, play a sport).","0, Never, or Hardly Ever | 1, Sometimes | 2, Most of the Time, or Always",,,,,,,y,,,,,
spaip_i4_s1_r1_e1,spaip_s1_r1_e1,,radio,"My child feels scared when he/she has to speak or read in front of a group of people.","0, Never, or Hardly Ever | 1, Sometimes | 2, Most of the Time, or Always",,,,,,,y,,,,,
spaip_i12_s1_r1_e1,spaip_s1_r1_e1,"If somebody starts arguing with my child, he/she feels scared and does not know what to do if that person is...",radio,"...same age boys or girls he/she does know.","0, Never, or Hardly Ever | 1, Sometimes | 2, Most of the Time, or Always",,,,,,,y,,,spaip10,,
spaip_i13_s1_r1_e1,spaip_s1_r1_e1,,radio,"...same age boys or girls he/she does not know.","0, Never, or Hardly Ever | 1, Sometimes | 2, Most of the Time, or Always",,,,,,,y,,,spaip10,,
spaip_i14_s1_r1_e1,spaip_s1_r1_e1,,radio,...adults.,"0, Never, or Hardly Ever | 1, Sometimes | 2, Most of the Time, or Always",,,,,,,y,,,spaip10,,
spaip_i15_s1_r1_e1,spaip_s1_r1_e1,"If somebody asks my child to do something that he/she does not want to do, my child feels scared and does not know what to do if that person is...",radio,"...same age boys or girls he/she does know.","0, Never, or Hardly Ever | 1, Sometimes | 2, Most of the Time, or Always",,,,,,,y,,,spaip11,,
spaip_i16_s1_r1_e1,spaip_s1_r1_e1,,radio,"...same age boys or girls he/she does not know.","0, Never, or Hardly Ever | 1, Sometimes | 2, Most of the Time, or Always",,,,,,,y,,,spaip11,,
spaip_i17_s1_r1_e1,spaip_s1_r1_e1,,radio,...adults.,"0, Never, or Hardly Ever | 1, Sometimes | 2, Most of the Time, or Always",,,,,,,y,,,spaip11,,
spaip_i18_s1_r1_e1,spaip_s1_r1_e1,"My child feels scared and does not know what to do when in an embarrassing situation with...",radio,"...same age boys or girls he/she does know.","0, Never, or Hardly Ever | 1, Sometimes | 2, Most of the Time, or Always",,,,,,,y,,,spaip12,,
spaip_i19_s1_r1_e1,spaip_s1_r1_e1,,radio,"...same age boys or girls he/she does not know.","0, Never, or Hardly Ever | 1, Sometimes | 2, Most of the Time, or Always",,,,,,,y,,,spaip12,,
spaip_i20_s1_r1_e1,spaip_s1_r1_e1,,radio,...adults.,"0, Never, or Hardly Ever | 1, Sometimes | 2, Most of the Time, or Always",,,,,,,y,,,spaip12,,
spaip_i21_s1_r1_e1,spaip_s1_r1_e1,"If somebody says something that my child thinks is wrong or bad, my child feels scared saying what he/she thinks if that person is...",radio,"...same age boys or girls he/she does know.","0, Never, or Hardly Ever | 1, Sometimes | 2, Most of the Time, or Always",,,,,,,y,,,spaip13,,
spaip_i22_s1_r1_e1,spaip_s1_r1_e1,,radio,"...same age boys or girls he/she does not know.","0, Never, or Hardly Ever | 1, Sometimes | 2, Most of the Time, or Always",,,,,,,y,,,spaip13,,
spaip_i23_s1_r1_e1,spaip_s1_r1_e1,,radio,...adults.,"0, Never, or Hardly Ever | 1, Sometimes | 2, Most of the Time, or Always",,,,,,,y,,,spaip13,,
spaip_i24_s1_r1_e1,spaip_s1_r1_e1,"My child feels scared when he/she starts to talk to...",radio,"...same age boys or girls he/she does know.","0, Never, or Hardly Ever | 1, Sometimes | 2, Most of the Time, or Always",,,,,,,y,,,spaip14,,
spaip_i25_s1_r1_e1,spaip_s1_r1_e1,,radio,"...same age boys or girls he/she does not know.","0, Never, or Hardly Ever | 1, Sometimes | 2, Most of the Time, or Always",,,,,,,y,,,spaip14,,
spaip_i26_s1_r1_e1,spaip_s1_r1_e1,,radio,...adults.,"0, Never, or Hardly Ever | 1, Sometimes | 2, Most of the Time, or Always",,,,,,,y,,,spaip14,,
spaip_i27_s1_r1_e1,spaip_s1_r1_e1,"My child feels scared if he/she has to talk for longer than a few minutes with...",radio,"...same age boys or girls he/she does know.","0, Never, or Hardly Ever | 1, Sometimes | 2, Most of the Time, or Always",,,,,,,y,,,spaip15,,
spaip_i28_s1_r1_e1,spaip_s1_r1_e1,,radio,"...same age boys or girls he/she does not know.","0, Never, or Hardly Ever | 1, Sometimes | 2, Most of the Time, or Always",,,,,,,y,,,spaip15,,
spaip_i29_s1_r1_e1,spaip_s1_r1_e1,,radio,...adults.,"0, Never, or Hardly Ever | 1, Sometimes | 2, Most of the Time, or Always",,,,,,,y,,,spaip15,,
spaip_i30_s1_r1_e1,spaip_s1_r1_e1,"My child feels scared when speaking (giving a book report, reading in front of the class) in front of...",radio,"...same age boys or girls he/she does know.","0, Never, or Hardly Ever | 1, Sometimes | 2, Most of the Time, or Always",,,,,,,y,,,spaip16,,
spaip_i31_s1_r1_e1,spaip_s1_r1_e1,,radio,"...same age boys or girls he/she does not know.","0, Never, or Hardly Ever | 1, Sometimes | 2, Most of the Time, or Always",,,,,,,y,,,spaip16,,
spaip_i32_s1_r1_e1,spaip_s1_r1_e1,,radio,...adults.,"0, Never, or Hardly Ever | 1, Sometimes | 2, Most of the Time, or Always",,,,,,,y,,,spaip16,,
spaip_i33_s1_r1_e1,spaip_s1_r1_e1,"My child feels scared when he/she is in a school play, choir, music or dance recital in front of...",radio,"...same age boys or girls he/she does know.","0, Never, or Hardly Ever | 1, Sometimes | 2, Most of the Time, or Always",,,,,,,y,,,spaip17,,
spaip_i34_s1_r1_e1,spaip_s1_r1_e1,,radio,"...same age boys or girls he/she does not know.","0, Never, or Hardly Ever | 1, Sometimes | 2, Most of the Time, or Always",,,,,,,y,,,spaip17,,
spaip_i35_s1_r1_e1,spaip_s1_r1_e1,,radio,...adults.,"0, Never, or Hardly Ever | 1, Sometimes | 2, Most of the Time, or Always",,,,,,,y,,,spaip17,,
spaip_i50_s1_r1_e1,spaip_s1_r1_e1,,radio,"My child usually does not speak to anyone until they speak to him/her.","0, Never, or Hardly Ever | 1, Sometimes | 2, Most of the Time, or Always",,,,,,,y,,,,,
