"Variable / Field Name","Form Name","Section Header","Field Type","Field Label","Choices, Calculations, OR Slider Labels","Field Note","Text Validation Type OR Show Slider Number","Text Validation Min","Text Validation Max",Identifier?,"Branching Logic (Show field only if...)","Required Field?","Custom Alignment","Question Number (surveys only)","Matrix Group Name","Matrix Ranking?","Field Annotation"
posttaskb_i1_s1_r1_e1,posttaskb_s1_r1_e1,,radio,"Throughout the task, how much attention did you pay to whether you were getting the ball in the hole?","1, 1 Not at all | 2, 2 | 3, 3 | 4, 4 | 5, 5 A moderate amount | 6, 6 | 7, 7 | 8, 8 | 9, 9 | 10, 10 A lot",,,,,,,y,,,posttask_golf_s1_r1_e1,,
posttaskb_i2_s1_r1_e1,posttaskb_s1_r1_e1,,radio,"How frustrated did you feel after making an error?","1, 1 Not at all | 2, 2 | 3, 3 | 4, 4 | 5, 5 A moderate amount | 6, 6 | 7, 7 | 8, 8 | 9, 9 | 10, 10 A lot",,,,,,,y,,,posttask_golf_s1_r1_e1,,
posttaskb_i3_s1_r1_e1,posttaskb_s1_r1_e1,,radio,"How anxious did you feel after making an error?","1, 1 Not at all | 2, 2 | 3, 3 | 4, 4 | 5, 5 A moderate amount | 6, 6 | 7, 7 | 8, 8 | 9, 9 | 10, 10 A lot",,,,,,,y,,,posttask_golf_s1_r1_e1,,
posttaskb_i4_s1_r1_e1,posttaskb_s1_r1_e1,,text,"How many errors do you believe you made? (type in numerical answer)",,,,,,,,y,,,,,
