"Variable / Field Name","Form Name","Section Header","Field Type","Field Label","Choices, Calculations, OR Slider Labels","Field Note","Text Validation Type OR Show Slider Number","Text Validation Min","Text Validation Max",Identifier?,"Branching Logic (Show field only if...)","Required Field?","Custom Alignment","Question Number (surveys only)","Matrix Group Name","Matrix Ranking?","Field Annotation"
edshvsc_i1_s1_r1_e1,edshvsc_s1_r1_e1,"In your day-to-day life, how often have any of the following things happened to you?",radio,"You are treated with less courtesy or respect than other people.","5, Almost everyday | 4, At least once a week | 3, A few times a month | 2, A few times a year | 1, Less than once a year | 0, Never",,,,,,,y,,,edsc,,
edshvsc_i2_s1_r1_e1,edshvsc_s1_r1_e1,,radio,"You receive poorer service than other people at restaurants or stores.","5, Almost everyday | 4, At least once a week | 3, A few times a month | 2, A few times a year | 1, Less than once a year | 0, Never",,,,,,,y,,,edsc,,
edshvsc_i3_s1_r1_e1,edshvsc_s1_r1_e1,,radio,"People act as if they think you are not smart.","5, Almost everyday | 4, At least once a week | 3, A few times a month | 2, A few times a year | 1, Less than once a year | 0, Never",,,,,,,y,,,edsc,,
edshvsc_i4_s1_r1_e1,edshvsc_s1_r1_e1,,radio,"People act as if they are afraid of you.","5, Almost everyday | 4, At least once a week | 3, A few times a month | 2, A few times a year | 1, Less than once a year | 0, Never",,,,,,,y,,,edsc,,
edshvsc_i5_s1_r1_e1,edshvsc_s1_r1_e1,,radio,"You are threatened or harassed.","5, Almost everyday | 4, At least once a week | 3, A few times a month | 2, A few times a year | 1, Less than once a year | 0, Never",,,,,,,y,,,edsc,,
edshvsc_i6_s1_r1_e1,edshvsc_s1_r1_e1,,checkbox,"If you answered ""A few times a year"" or more frequently to at least one question above:

What do you think is the main reason for these experiences? (Check all that apply)","1, Your ancestry or national origins | 2, Your gender | 3, Your race | 4, Your age | 5, Your religion | 6, Your height | 7, Your weight | 8, Some other aspect of your physical appearance | 9, Your sexual orientation | 10, Your family's education or income level | 11, A physical disability | 12, Your shade of skin color | 13, Other (SPECIFY)",,,,,,,,,,,,
edshvsc_i7_s1_r1_e1,edshvsc_s1_r1_e1,,notes,,,,,,,,"[edshvsc_i6_s1_r1_e1(13)] = '1'",y,,,,,
edshvsc_i8_s1_r1_e1,edshvsc_s1_r1_e1,"In dealing with these day-to-day experiences that you just told me about, how often do you:",radio,"Think in advance about the kinds of problems you are likely to experience?","4, Very often | 3, Fairly often | 2, Not too often | 1, Hardly ever | 0, Never",,,,,,,y,,,hvsc,,
edshvsc_i9_s1_r1_e1,edshvsc_s1_r1_e1,,radio,"Try to prepare for possible insults before leaving home?","4, Very often | 3, Fairly often | 2, Not too often | 1, Hardly ever | 0, Never",,,,,,,y,,,hvsc,,
edshvsc_i10_s1_r1_e1,edshvsc_s1_r1_e1,,radio,"Feel that you always have to be very careful about your appearance to get good service or avoid being harassed?","4, Very often | 3, Fairly often | 2, Not too often | 1, Hardly ever | 0, Never",,,,,,,y,,,hvsc,,
edshvsc_i11_s1_r1_e1,edshvsc_s1_r1_e1,,radio,"Carefully watch what you say and how you say it?","4, Very often | 3, Fairly often | 2, Not too often | 1, Hardly ever | 0, Never",,,,,,,y,,,hvsc,,
edshvsc_i12_s1_r1_e1,edshvsc_s1_r1_e1,,radio,"Carefully observe what happens around you?","4, Very often | 3, Fairly often | 2, Not too often | 1, Hardly ever | 0, Never",,,,,,,y,,,hvsc,,
edshvsc_i13_s1_r1_e1,edshvsc_s1_r1_e1,,radio,"Try to avoid certain social situations and places?","4, Very often | 3, Fairly often | 2, Not too often | 1, Hardly ever | 0, Never",,,,,,,y,,,hvsc,,
