"Variable / Field Name","Form Name","Section Header","Field Type","Field Label","Choices, Calculations, OR Slider Labels","Field Note","Text Validation Type OR Show Slider Number","Text Validation Min","Text Validation Max",Identifier?,"Branching Logic (Show field only if...)","Required Field?","Custom Alignment","Question Number (surveys only)","Matrix Group Name","Matrix Ranking?","Field Annotation"
ocic_i1_s1_r1_e1,ocic_s1_r1_e1,,radio,"Can't stop bad thoughts","0, never | 1, sometimes | 2, always",,,,,,,y,,,ocic,,
ocic_i2_s1_r1_e1,ocic_s1_r1_e1,,radio,"Compulsive washing","0, never | 1, sometimes | 2, always",,,,,,,y,,,ocic,,
ocic_i3_s1_r1_e1,ocic_s1_r1_e1,,radio,"Collect stuff that gets in way","0, never | 1, sometimes | 2, always",,,,,,,y,,,ocic,,
ocic_i4_s1_r1_e1,ocic_s1_r1_e1,,radio,"Checking things","0, never | 1, sometimes | 2, always",,,,,,,y,,,ocic,,
ocic_i5_s1_r1_e1,ocic_s1_r1_e1,,radio,"Doubting if did things","0, never | 1, sometimes | 2, always",,,,,,,y,,,ocic,,
ocic_i6_s1_r1_e1,ocic_s1_r1_e1,,radio,Counting,"0, never | 1, sometimes | 2, always",,,,,,,y,,,ocic,,
ocic_i7_s1_r1_e1,ocic_s1_r1_e1,,radio,"Collect things don't need","0, never | 1, sometimes | 2, always",,,,,,,y,,,ocic,,
ocic_i8_s1_r1_e1,ocic_s1_r1_e1,,radio,"Upset if things not in order","0, never | 1, sometimes | 2, always",,,,,,,y,,,ocic,,
ocic_i9_s1_r1_e1,ocic_s1_r1_e1,,radio,Repeating,"0, never | 1, sometimes | 2, always",,,,,,,y,,,ocic,,
ocic_i10_s1_r1_e1,ocic_s1_r1_e1,,radio,"Worry about cleanliness","0, never | 1, sometimes | 2, always",,,,,,,y,,,ocic,,
ocic_i11_s1_r1_e1,ocic_s1_r1_e1,,radio,"Upset by bad thoughts","0, never | 1, sometimes | 2, always",,,,,,,y,,,ocic,,
ocic_i12_s1_r1_e1,ocic_s1_r1_e1,,radio,"Repeating numbers","0, never | 1, sometimes | 2, always",,,,,,,y,,,ocic,,
ocic_i13_s1_r1_e1,ocic_s1_r1_e1,,radio,"Worry didn't finish things","0, never | 1, sometimes | 2, always",,,,,,,y,,,ocic,,
ocic_i14_s1_r1_e1,ocic_s1_r1_e1,,radio,"Upset by intrusive bad thoughts","0, never | 1, sometimes | 2, always",,,,,,,y,,,ocic,,
ocic_i15_s1_r1_e1,ocic_s1_r1_e1,,radio,"Checking doors, windows, etc.","0, never | 1, sometimes | 2, always",,,,,,,y,,,ocic,,
ocic_i16_s1_r1_e1,ocic_s1_r1_e1,,radio,"Difficulty discarding","0, never | 1, sometimes | 2, always",,,,,,,y,,,ocic,,
ocic_i17_s1_r1_e1,ocic_s1_r1_e1,,radio,"Upset if people move things","0, never | 1, sometimes | 2, always",,,,,,,y,,,ocic,,
ocic_i18_s1_r1_e1,ocic_s1_r1_e1,,radio,"Saying things in response to bad thoughts","0, never | 1, sometimes | 2, always",,,,,,,y,,,ocic,,
ocic_i19_s1_r1_e1,ocic_s1_r1_e1,,radio,"Need things certain way","0, never | 1, sometimes | 2, always",,,,,,,y,,,ocic,,
ocic_i20_s1_r1_e1,ocic_s1_r1_e1,,radio,"Doubting if did something ""right""","0, never | 1, sometimes | 2, always",,,,,,,y,,,ocic,,
ocic_i21_s1_r1_e1,ocic_s1_r1_e1,,radio,"Wash more than others","0, never | 1, sometimes | 2, always",,,,,,,y,,,ocic,,
