﻿"Variable / Field Name","Form Name","Section Header","Field Type","Field Label","Choices, Calculations, OR Slider Labels","Field Note","Text Validation Type OR Show Slider Number","Text Validation Min","Text Validation Max",Identifier?,"Branching Logic (Show field only if...)","Required Field?","Custom Alignment","Question Number (surveys only)","Matrix Group Name","Matrix Ranking?","Field Annotation"
edshvspes_i1_s1_r1_e1,edshvspes_s1_r1_e1,"En la vida diaria de su hijo/a, ¿con que frecuencia le ha sucedido alguna de las siguientes cosas?",radio,"Su hijo/a es tratado con menos cortesía o respeto que otras personas.","5, Casi todos los días | 4, Al menos una vez por semana | 3, Algunas veces al mes | 2, Algunas veces al año | 1, Menos de una vez al año | 0, Nunca",,,,,,,y,,,edspes,,
edshvspes_i2_s1_r1_e1,edshvspes_s1_r1_e1,,radio,"Su hijo/a recibe peor servicio que otras personas en un restaurante o en una tienda.","5, Casi todos los días | 4, Al menos una vez por semana | 3, Algunas veces al mes | 2, Algunas veces al año | 1, Menos de una vez al año | 0, Nunca",,,,,,,y,,,edspes,,
edshvspes_i3_s1_r1_e1,edshvspes_s1_r1_e1,,radio,"La gente actúa como si pensaran que su hijo/a no es inteligente.","5, Casi todos los días | 4, Al menos una vez por semana | 3, Algunas veces al mes | 2, Algunas veces al año | 1, Menos de una vez al año | 0, Nunca",,,,,,,y,,,edspes,,
edshvspes_i4_s1_r1_e1,edshvspes_s1_r1_e1,,radio,"La gente actúa como si le tuvieran miedo a su hijo/a.","5, Casi todos los días | 4, Al menos una vez por semana | 3, Algunas veces al mes | 2, Algunas veces al año | 1, Menos de una vez al año | 0, Nunca",,,,,,,y,,,edspes,,
edshvspes_i5_s1_r1_e1,edshvspes_s1_r1_e1,,radio,"Su hijo/a es amenazado o acosado.","5, Casi todos los días | 4, Al menos una vez por semana | 3, Algunas veces al mes | 2, Algunas veces al año | 1, Menos de una vez al año | 0, Nunca",,,,,,,y,,,edspes,,
edshvspes_i6_s1_r1_e1,edshvspes_s1_r1_e1,,checkbox,"Si usted respondió ""Algunas veces al año"" o con más frecuencia a al menos una pregunta:

¿Cual crees que es la razón principal para estas experiencias? (Marque todo lo que corresponda.)","1, La ascendencia u origen nacional de su hijo/a | 2, El género de su hijo/a | 3, La raza de su hijo/a | 4, La edad de su hijo/a | 5, La religión de su hijo/a | 6, La estatura de su hijo/a | 7, El peso de su hijo/a | 8, Un otro aspecto de la apariencia física de su hijo/a | 9, La orientación sexual de su hijo/a | 10, El nivel de educación o nivel de ingreso de su familia | 11, Una discapacidad física | 12, El tono de piel de su hijo/a | 13, Otro (Especifique)",,,,,,,,,,,,
edshvspes_i7_s1_r1_e1,edshvspes_s1_r1_e1,,notes,,,,,,,,"[edshvspes_i6_s1_r1_e1(13)] = '1'",y,,,,,
edshvspes_i8_s1_r1_e1,edshvspes_s1_r1_e1,"Al lidiar con estas experiencias de la vida diaria de las que me acaba de hablar, ¿con qué frecuencia su hijo/a:",radio,"¿Piensa de antemano en los tipos de problemas que es probable que experience?","4, Muy a menudo | 3, Bastante a menudo | 2, No tan a menudo | 1, Casi nunca | 0, Nunca",,,,,,,y,,,hvspes,,
edshvspes_i9_s1_r1_e1,edshvspes_s1_r1_e1,,radio,"¿Intenta prepararse para posibles insultos antes de salir de casa?","4, Muy a menudo | 3, Bastante a menudo | 2, No tan a menudo | 1, Casi nunca | 0, Nunca",,,,,,,y,,,hvspes,,
edshvspes_i10_s1_r1_e1,edshvspes_s1_r1_e1,,radio,"¿Siente que siempre tiene que tener mucho cuidado con su apariencia para recibir un buen servicio o evitar ser acosado?","4, Muy a menudo | 3, Bastante a menudo | 2, No tan a menudo | 1, Casi nunca | 0, Nunca",,,,,,,y,,,hvspes,,
edshvspes_i11_s1_r1_e1,edshvspes_s1_r1_e1,,radio,"¿Observa cuidadosamente lo que dicen y cómo lo dicen?","4, Muy a menudo | 3, Bastante a menudo | 2, No tan a menudo | 1, Casi nunca | 0, Nunca",,,,,,,y,,,hvspes,,
edshvspes_i12_s1_r1_e1,edshvspes_s1_r1_e1,,radio,"¿Observa cuidadosamente lo que sucede a su alrededor?","4, Muy a menudo | 3, Bastante a menudo | 2, No tan a menudo | 1, Casi nunca | 0, Nunca",,,,,,,y,,,hvspes,,
edshvspes_i13_s1_r1_e1,edshvspes_s1_r1_e1,,radio,"¿Trata de evitar ciertas situaciones sociales y lugares?","4, Muy a menudo | 3, Bastante a menudo | 2, No tan a menudo | 1, Casi nunca | 0, Nunca",,,,,,,y,,,hvspes,,
