﻿"Variable / Field Name","Form Name","Section Header","Field Type","Field Label","Choices, Calculations, OR Slider Labels","Field Note","Text Validation Type OR Show Slider Number","Text Validation Min","Text Validation Max",Identifier?,"Branching Logic (Show field only if...)","Required Field?","Custom Alignment","Question Number (surveys only)","Matrix Group Name","Matrix Ranking?","Field Annotation"
erqes_i1_s1_r1_e1,erqes_s1_r1_e1,,radio,"Cuando quiero incrementar mis emociones positivas (p.ej. alegría, diversión), cambio el tema sobre el que estoy pensando.","1, Muy en desacuerdo | 2, | 3, | 4, Neutral | 5, | 6, | 7, Muy de acuerdo",,,,,,,y,,,erqes,,
erqes_i2_s1_r1_e1,erqes_s1_r1_e1,,radio,"Guardo mis emociones para mí mismo.","1, Muy en desacuerdo | 2, | 3, | 4, Neutral | 5, | 6, | 7, Muy de acuerdo",,,,,,,y,,,erqes,,
erqes_i3_s1_r1_e1,erqes_s1_r1_e1,,radio,"Cuando quiero reducir mis emociones negativas (p.ej. tristeza, enfado), cambio el tema sobre el que estoy pensando.","1, Muy en desacuerdo | 2, | 3, | 4, Neutral | 5, | 6, | 7, Muy de acuerdo",,,,,,,y,,,erqes,,
erqes_i4_s1_r1_e1,erqes_s1_r1_e1,,radio,"Cuando estoy sintiendo emociones positivas, tengo cuidado de no expresarlas.","1, Muy en desacuerdo | 2, | 3, | 4, Neutral | 5, | 6, | 7, Muy de acuerdo",,,,,,,y,,,erqes,,
erqes_i5_s1_r1_e1,erqes_s1_r1_e1,,radio,"Cuando me enfrento a una situación estresante, intento pensar en ella de un modo que me ayude a mantener la calma.","1, Muy en desacuerdo | 2, | 3, | 4, Neutral | 5, | 6, | 7, Muy de acuerdo",,,,,,,y,,,erqes,,
erqes_i6_s1_r1_e1,erqes_s1_r1_e1,,radio,"Controlo mis emociones no expresándolas.","1, Muy en desacuerdo | 2, | 3, | 4, Neutral | 5, | 6, | 7, Muy de acuerdo",,,,,,,y,,,erqes,,
erqes_i7_s1_r1_e1,erqes_s1_r1_e1,,radio,"Cuando quiero incrementar mis emociones positivas, cambio mi manera de pensar sobre la situación.","1, Muy en desacuerdo | 2, | 3, | 4, Neutral | 5, | 6, | 7, Muy de acuerdo",,,,,,,y,,,erqes,,
erqes_i8_s1_r1_e1,erqes_s1_r1_e1,,radio,"Controlo mis emociones cambiando mi forma de pensar sobre la situación en la que me encuentro.","1, Muy en desacuerdo | 2, | 3, | 4, Neutral | 5, | 6, | 7, Muy de acuerdo",,,,,,,y,,,erqes,,
erqes_i9_s1_r1_e1,erqes_s1_r1_e1,,radio,"Cuando estoy sintiendo emociones negativas, me aseguro de no expresarlas.","1, Muy en desacuerdo | 2, | 3, | 4, Neutral | 5, | 6, | 7, Muy de acuerdo",,,,,,,y,,,erqes,,
erqes_i10_s1_r1_e1,erqes_s1_r1_e1,,radio,"Cuando quiero reducir mis emociones negativas, cambio mi manera de pensar sobre la situación.","1, Muy en desacuerdo | 2, | 3, | 4, Neutral | 5, | 6, | 7, Muy de acuerdo",,,,,,,y,,,erqes,,
