﻿"Variable / Field Name","Form Name","Section Header","Field Type","Field Label","Choices, Calculations, OR Slider Labels","Field Note","Text Validation Type OR Show Slider Number","Text Validation Min","Text Validation Max",Identifier?,"Branching Logic (Show field only if...)","Required Field?","Custom Alignment","Question Number (surveys only)","Matrix Group Name","Matrix Ranking?","Field Annotation"
txrxaes_any_s1_r1_e1,txrxaes_s1_r1_e1,,dropdown,"El niño/a ha recibido (actualmente o en el pasado) tratamiento para cualquier problema emocional o psicológico? Los problemas pueden incluir pero no limitarse a ansiedad, depresión, abuso de sustancias, desordenes alimenticios, TDAH y autismo.","1, Sí | 0, No | 999, No lo sé","(Usted proveerá detalles abajo.)",,,,,,y,,,,,
txrxaes_recentmeds_s1_r1_e1,txrxaes_s1_r1_e1,,dropdown,"El niño/a ha tomado algún medicamento (con o sin prescripción) en las últimas dos semanas?","1, Sí | 0, No | 999, No lo sé","(Usted proveerá detalles abajo.)",,,,,,y,,,,,
txrxaes_tx1_s1_r1_e1,txrxaes_s1_r1_e1,"Por favor indique todos los tratamientos y/o evaluaciónes actuales o pasados que el niño ha recibido por cualquier problema emocional o psicológico.",descriptive,"Tratamiento 1",,,,,,,"[txrxaes_any_s1_r1_e1] = '1'",,,,,,
txrxaes_tx1prob_s1_r1_e1,txrxaes_s1_r1_e1,,notes,Problema:,,,,,,,"[txrxaes_any_s1_r1_e1] = '1'",,,,,,
txrxaes_tx1desc_s1_r1_e1,txrxaes_s1_r1_e1,,notes,"Tipo de tratamiento y/o medicamento:",,,,,,,"[txrxaes_any_s1_r1_e1] = '1'",,,,,,
txrxaes_tx1start_s1_r1_e1,txrxaes_s1_r1_e1,,text,"Fecha de inicio:",,"(Indique mes y año.)",,,,,"[txrxaes_any_s1_r1_e1] = '1'",,,,,,
txrxaes_tx1end_s1_r1_e1,txrxaes_s1_r1_e1,,text,"Fecha de finalización:",,"(Indique mes y año.)",,,,,"[txrxaes_any_s1_r1_e1] = '1'",,,,,,
txrxaes_tx2_s1_r1_e1,txrxaes_s1_r1_e1,,descriptive,"Tratamiento 2",,,,,,,"[txrxaes_tx1prob_s1_r1_e1] <> """"",,,,,,
txrxaes_tx2prob_s1_r1_e1,txrxaes_s1_r1_e1,,notes,Problema:,,"(Si no hay más tratamientos que reportar, deje en blanco.)",,,,,"[txrxaes_tx1prob_s1_r1_e1] <> """"",,,,,,
txrxaes_tx2desc_s1_r1_e1,txrxaes_s1_r1_e1,,notes,"Tipo de tratamiento y/o medicamento:",,"(Si no hay más tratamientos que reportar, deje en blanco.)",,,,,"[txrxaes_tx1prob_s1_r1_e1] <> """"",,,,,,
txrxaes_tx2start_s1_r1_e1,txrxaes_s1_r1_e1,,text,"Fecha de inicio:",,"(Indique mes y año. Si no hay más tratamientos que reportar, deje en blanco.)",,,,,"[txrxaes_tx1prob_s1_r1_e1] <> """"",,,,,,
txrxaes_tx2end_s1_r1_e1,txrxaes_s1_r1_e1,,text,"Fecha de finalización:",,"(Indique mes y año. Si no hay más tratamientos que reportar, deje en blanco.)",,,,,"[txrxaes_tx1prob_s1_r1_e1] <> """"",,,,,,
txrxaes_tx3_s1_r1_e1,txrxaes_s1_r1_e1,,descriptive,"Tratamiento 3",,,,,,,"[txrxaes_tx2prob_s1_r1_e1] <> """"",,,,,,
txrxaes_tx3prob_s1_r1_e1,txrxaes_s1_r1_e1,,notes,Problema:,,"(Si no hay más tratamientos que reportar, deje en blanco.)",,,,,"[txrxaes_tx2prob_s1_r1_e1] <> """"",,,,,,
txrxaes_tx3desc_s1_r1_e1,txrxaes_s1_r1_e1,,notes,"Tipo de tratamiento y/o medicamento:",,"(Si no hay más tratamientos que reportar, deje en blanco.)",,,,,"[txrxaes_tx2prob_s1_r1_e1] <> """"",,,,,,
txrxaes_tx3start_s1_r1_e1,txrxaes_s1_r1_e1,,text,"Fecha de inicio:",,"(Indique mes y año. Si no hay más tratamientos que reportar, deje en blanco.)",,,,,"[txrxaes_tx2prob_s1_r1_e1] <> """"",,,,,,
txrxaes_tx3end_s1_r1_e1,txrxaes_s1_r1_e1,,text,"Fecha de finalización:",,"(Indique mes y año. Si no hay más tratamientos que reportar, deje en blanco.)",,,,,"[txrxaes_tx2prob_s1_r1_e1] <> """"",,,,,,
txrxaes_tx4_s1_r1_e1,txrxaes_s1_r1_e1,,descriptive,"Tratamiento 4",,,,,,,"[txrxaes_tx3prob_s1_r1_e1] <> """"",,,,,,
txrxaes_tx4prob_s1_r1_e1,txrxaes_s1_r1_e1,,notes,Problema:,,"(Si no hay más tratamientos que reportar, deje en blanco.)",,,,,"[txrxaes_tx3prob_s1_r1_e1] <> """"",,,,,,
txrxaes_tx4desc_s1_r1_e1,txrxaes_s1_r1_e1,,notes,"Tipo de tratamiento y/o medicamento:",,"(Si no hay más tratamientos que reportar, deje en blanco.)",,,,,"[txrxaes_tx3prob_s1_r1_e1] <> """"",,,,,,
txrxaes_tx4start_s1_r1_e1,txrxaes_s1_r1_e1,,text,"Fecha de inicio:",,"(Indique mes y año. Si no hay más tratamientos que reportar, deje en blanco.)",,,,,"[txrxaes_tx3prob_s1_r1_e1] <> """"",,,,,,
txrxaes_tx4end_s1_r1_e1,txrxaes_s1_r1_e1,,text,"Fecha de finalización:",,"(Indique mes y año. Si no hay más tratamientos que reportar, deje en blanco.)",,,,,"[txrxaes_tx3prob_s1_r1_e1] <> """"",,,,,,
txrxaes_tx5_s1_r1_e1,txrxaes_s1_r1_e1,,descriptive,"Tratamiento 5",,,,,,,"[txrxaes_tx4prob_s1_r1_e1] <> """"",,,,,,
txrxaes_tx5prob_s1_r1_e1,txrxaes_s1_r1_e1,,notes,Problema:,,"(Si no hay más tratamientos que reportar, deje en blanco.)",,,,,"[txrxaes_tx4prob_s1_r1_e1] <> """"",,,,,,
txrxaes_tx5desc_s1_r1_e1,txrxaes_s1_r1_e1,,notes,"Tipo de tratamiento y/o medicamento:",,"(Si no hay más tratamientos que reportar, deje en blanco.)",,,,,"[txrxaes_tx4prob_s1_r1_e1] <> """"",,,,,,
txrxaes_tx5start_s1_r1_e1,txrxaes_s1_r1_e1,,text,"Fecha de inicio:",,"(Indique mes y año. Si no hay más tratamientos que reportar, deje en blanco.)",,,,,"[txrxaes_tx4prob_s1_r1_e1] <> """"",,,,,,
txrxaes_tx5end_s1_r1_e1,txrxaes_s1_r1_e1,,text,"Fecha de finalización:",,"(Indique mes y año. Si no hay más tratamientos que reportar, deje en blanco.)",,,,,"[txrxaes_tx4prob_s1_r1_e1] <> """"",,,,,,
txrxaes_tx6_s1_r1_e1,txrxaes_s1_r1_e1,,descriptive,"Tratamiento 6",,,,,,,"[txrxaes_tx5prob_s1_r1_e1] <> """"",,,,,,
txrxaes_tx6prob_s1_r1_e1,txrxaes_s1_r1_e1,,notes,Problema:,,"(Si no hay más tratamientos que reportar, deje en blanco.)",,,,,"[txrxaes_tx5prob_s1_r1_e1] <> """"",,,,,,
txrxaes_tx6desc_s1_r1_e1,txrxaes_s1_r1_e1,,notes,"Tipo de tratamiento y/o medicamento:",,"(Si no hay más tratamientos que reportar, deje en blanco.)",,,,,"[txrxaes_tx5prob_s1_r1_e1] <> """"",,,,,,
txrxaes_tx6start_s1_r1_e1,txrxaes_s1_r1_e1,,text,"Fecha de inicio:",,"(Indique mes y año. Si no hay más tratamientos que reportar, deje en blanco.)",,,,,"[txrxaes_tx5prob_s1_r1_e1] <> """"",,,,,,
txrxaes_tx6end_s1_r1_e1,txrxaes_s1_r1_e1,,text,"Fecha de finalización:",,"(Indique mes y año. Si no hay más tratamientos que reportar, deje en blanco.)",,,,,"[txrxaes_tx5prob_s1_r1_e1] <> """"",,,,,,
txrxaes_tx7_s1_r1_e1,txrxaes_s1_r1_e1,,descriptive,"Tratamiento 7",,,,,,,"[txrxaes_tx6prob_s1_r1_e1] <> """"",,,,,,
txrxaes_tx7prob_s1_r1_e1,txrxaes_s1_r1_e1,,notes,Problema:,,"(Si no hay más tratamientos que reportar, deje en blanco.)",,,,,"[txrxaes_tx6prob_s1_r1_e1] <> """"",,,,,,
txrxaes_tx7desc_s1_r1_e1,txrxaes_s1_r1_e1,,notes,"Tipo de tratamiento y/o medicamento:",,"(Si no hay más tratamientos que reportar, deje en blanco.)",,,,,"[txrxaes_tx6prob_s1_r1_e1] <> """"",,,,,,
txrxaes_tx7start_s1_r1_e1,txrxaes_s1_r1_e1,,text,"Fecha de inicio:",,"(Indique mes y año. Si no hay más tratamientos que reportar, deje en blanco.)",,,,,"[txrxaes_tx6prob_s1_r1_e1] <> """"",,,,,,
txrxaes_tx7end_s1_r1_e1,txrxaes_s1_r1_e1,,text,"Fecha de finalización:",,"(Indique mes y año. Si no hay más tratamientos que reportar, deje en blanco.)",,,,,"[txrxaes_tx6prob_s1_r1_e1] <> """"",,,,,,
txrxaes_tx8_s1_r1_e1,txrxaes_s1_r1_e1,,descriptive,"Tratamiento 8",,,,,,,"[txrxaes_tx7prob_s1_r1_e1] <> """"",,,,,,
txrxaes_tx8prob_s1_r1_e1,txrxaes_s1_r1_e1,,notes,Problema:,,"(Si no hay más tratamientos que reportar, deje en blanco.)",,,,,"[txrxaes_tx7prob_s1_r1_e1] <> """"",,,,,,
txrxaes_tx8desc_s1_r1_e1,txrxaes_s1_r1_e1,,notes,"Tipo de tratamiento y/o medicamento:",,"(Si no hay más tratamientos que reportar, deje en blanco.)",,,,,"[txrxaes_tx7prob_s1_r1_e1] <> """"",,,,,,
txrxaes_tx8start_s1_r1_e1,txrxaes_s1_r1_e1,,text,"Fecha de inicio:",,"(Indique mes y año. Si no hay más tratamientos que reportar, deje en blanco.)",,,,,"[txrxaes_tx7prob_s1_r1_e1] <> """"",,,,,,
txrxaes_tx8end_s1_r1_e1,txrxaes_s1_r1_e1,,text,"Fecha de finalización:",,"(Indique mes y año. Si no hay más tratamientos que reportar, deje en blanco.)",,,,,"[txrxaes_tx7prob_s1_r1_e1] <> """"",,,,,,
txrxaes_tx9_s1_r1_e1,txrxaes_s1_r1_e1,,descriptive,"Tratamiento 9",,,,,,,"[txrxaes_tx8prob_s1_r1_e1] <> """"",,,,,,
txrxaes_tx9prob_s1_r1_e1,txrxaes_s1_r1_e1,,notes,Problema:,,"(Si no hay más tratamientos que reportar, deje en blanco.)",,,,,"[txrxaes_tx8prob_s1_r1_e1] <> """"",,,,,,
txrxaes_tx9desc_s1_r1_e1,txrxaes_s1_r1_e1,,notes,"Tipo de tratamiento y/o medicamento:",,"(Si no hay más tratamientos que reportar, deje en blanco.)",,,,,"[txrxaes_tx8prob_s1_r1_e1] <> """"",,,,,,
txrxaes_tx9start_s1_r1_e1,txrxaes_s1_r1_e1,,text,"Fecha de inicio:",,"(Indique mes y año. Si no hay más tratamientos que reportar, deje en blanco.)",,,,,"[txrxaes_tx8prob_s1_r1_e1] <> """"",,,,,,
txrxaes_tx9end_s1_r1_e1,txrxaes_s1_r1_e1,,text,"Fecha de finalización:",,"(Indique mes y año. Si no hay más tratamientos que reportar, deje en blanco.)",,,,,"[txrxaes_tx8prob_s1_r1_e1] <> """"",,,,,,
txrxaes_tx10_s1_r1_e1,txrxaes_s1_r1_e1,,descriptive,"Tratamiento 10",,,,,,,"[txrxaes_tx9prob_s1_r1_e1] <> """"",,,,,,
txrxaes_tx10prob_s1_r1_e1,txrxaes_s1_r1_e1,,notes,Problema:,,"(Si no hay más tratamientos que reportar, deje en blanco.)",,,,,"[txrxaes_tx9prob_s1_r1_e1] <> """"",,,,,,
txrxaes_tx10desc_s1_r1_e1,txrxaes_s1_r1_e1,,notes,"Tipo de tratamiento y/o medicamento:",,"(Si no hay más tratamientos que reportar, deje en blanco.)",,,,,"[txrxaes_tx9prob_s1_r1_e1] <> """"",,,,,,
txrxaes_tx10start_s1_r1_e1,txrxaes_s1_r1_e1,,text,"Fecha de inicio:",,"(Indique mes y año. Si no hay más tratamientos que reportar, deje en blanco.)",,,,,"[txrxaes_tx9prob_s1_r1_e1] <> """"",,,,,,
txrxaes_tx10end_s1_r1_e1,txrxaes_s1_r1_e1,,text,"Fecha de finalización:",,"(Indique mes y año. Si no hay más tratamientos que reportar, deje en blanco.)",,,,,"[txrxaes_tx9prob_s1_r1_e1] <> """"",,,,,,
txrxaes_rx1_s1_r1_e1,txrxaes_s1_r1_e1,"Por favor indique todos los medicamentos que el niño/a ha tomado en las últimas dos semanas.",descriptive,"Medicamento 1",,,,,,,"[txrxaes_recentmeds_s1_r1_e1] = '1'",,,,,,
txrxaes_rx1name_s1_r1_e1,txrxaes_s1_r1_e1,,text,"Nombre del medicamento:",,,,,,,"[txrxaes_recentmeds_s1_r1_e1] = '1'",,,,,,
txrxaes_rx1why_s1_r1_e1,txrxaes_s1_r1_e1,,notes,"Razón para tomar el medicamento:",,,,,,,"[txrxaes_recentmeds_s1_r1_e1] = '1'",,,,,,
txrxaes_rx124_s1_r1_e1,txrxaes_s1_r1_e1,,dropdown,"Ha tomado el medicamento en las últimas 24 horas?","1, Sí | 0, No",,,,,,"[txrxaes_recentmeds_s1_r1_e1] = '1'",,,,,,
txrxaes_rx2_s1_r1_e1,txrxaes_s1_r1_e1,,descriptive,"Medicamento 2",,,,,,,"[txrxaes_rx1name_s1_r1_e1] <> """"",,,,,,
txrxaes_rx2name_s1_r1_e1,txrxaes_s1_r1_e1,,text,"Nombre del medicamento:",,"(Si no hay más medicamentos que reportar, deje en blanco.)",,,,,"[txrxaes_rx1name_s1_r1_e1] <> """"",,,,,,
txrxaes_rx2why_s1_r1_e1,txrxaes_s1_r1_e1,,notes,"Razón para tomar el medicamento:",,"(Si no hay más medicamentos que reportar, deje en blanco.)",,,,,"[txrxaes_rx1name_s1_r1_e1] <> """"",,,,,,
txrxaes_rx224_s1_r1_e1,txrxaes_s1_r1_e1,,dropdown,"Ha tomado el medicamento en las últimas 24 horas?","1, Sí | 0, No","(Si no hay más medicamentos que reportar, deje en blanco.)",,,,,"[txrxaes_rx1name_s1_r1_e1] <> """"",,,,,,
txrxaes_rx3_s1_r1_e1,txrxaes_s1_r1_e1,,descriptive,"Medicamento 3",,,,,,,"[txrxaes_rx2name_s1_r1_e1] <> """"",,,,,,
txrxaes_rx3name_s1_r1_e1,txrxaes_s1_r1_e1,,text,"Nombre del medicamento:",,"(Si no hay más medicamentos que reportar, deje en blanco.)",,,,,"[txrxaes_rx2name_s1_r1_e1] <> """"",,,,,,
txrxaes_rx3why_s1_r1_e1,txrxaes_s1_r1_e1,,notes,"Razón para tomar el medicamento:",,"(Si no hay más medicamentos que reportar, deje en blanco.)",,,,,"[txrxaes_rx2name_s1_r1_e1] <> """"",,,,,,
txrxaes_rx324_s1_r1_e1,txrxaes_s1_r1_e1,,dropdown,"Ha tomado el medicamento en las últimas 24 horas?","1, Sí | 0, No","(Si no hay más medicamentos que reportar, deje en blanco.)",,,,,"[txrxaes_rx2name_s1_r1_e1] <> """"",,,,,,
txrxaes_rx4_s1_r1_e1,txrxaes_s1_r1_e1,,descriptive,"Medicamento 4",,,,,,,"[txrxaes_rx3name_s1_r1_e1] <> """"",,,,,,
txrxaes_rx4name_s1_r1_e1,txrxaes_s1_r1_e1,,text,"Nombre del medicamento:",,"(Si no hay más medicamentos que reportar, deje en blanco.)",,,,,"[txrxaes_rx3name_s1_r1_e1] <> """"",,,,,,
txrxaes_rx4why_s1_r1_e1,txrxaes_s1_r1_e1,,notes,"Razón para tomar el medicamento:",,"(Si no hay más medicamentos que reportar, deje en blanco.)",,,,,"[txrxaes_rx3name_s1_r1_e1] <> """"",,,,,,
txrxaes_rx424_s1_r1_e1,txrxaes_s1_r1_e1,,dropdown,"Ha tomado el medicamento en las últimas 24 horas?","1, Sí | 0, No","(Si no hay más medicamentos que reportar, deje en blanco.)",,,,,"[txrxaes_rx3name_s1_r1_e1] <> """"",,,,,,
txrxaes_rx5_s1_r1_e1,txrxaes_s1_r1_e1,,descriptive,"Medicamento 5",,,,,,,"[txrxaes_rx4name_s1_r1_e1] <> """"",,,,,,
txrxaes_rx5name_s1_r1_e1,txrxaes_s1_r1_e1,,text,"Nombre del medicamento:",,"(Si no hay más medicamentos que reportar, deje en blanco.)",,,,,"[txrxaes_rx4name_s1_r1_e1] <> """"",,,,,,
txrxaes_rx5why_s1_r1_e1,txrxaes_s1_r1_e1,,notes,"Razón para tomar el medicamento:",,"(Si no hay más medicamentos que reportar, deje en blanco.)",,,,,"[txrxaes_rx4name_s1_r1_e1] <> """"",,,,,,
txrxaes_rx524_s1_r1_e1,txrxaes_s1_r1_e1,,dropdown,"Ha tomado el medicamento en las últimas 24 horas?","1, Sí | 0, No","(Si no hay más medicamentos que reportar, deje en blanco.)",,,,,"[txrxaes_rx4name_s1_r1_e1] <> """"",,,,,,
txrxaes_rx6_s1_r1_e1,txrxaes_s1_r1_e1,,descriptive,"Medicamento 6",,,,,,,"[txrxaes_rx5name_s1_r1_e1] <> """"",,,,,,
txrxaes_rx6name_s1_r1_e1,txrxaes_s1_r1_e1,,text,"Nombre del medicamento:",,"(Si no hay más medicamentos que reportar, deje en blanco.)",,,,,"[txrxaes_rx5name_s1_r1_e1] <> """"",,,,,,
txrxaes_rx6why_s1_r1_e1,txrxaes_s1_r1_e1,,notes,"Razón para tomar el medicamento:",,"(Si no hay más medicamentos que reportar, deje en blanco.)",,,,,"[txrxaes_rx5name_s1_r1_e1] <> """"",,,,,,
txrxaes_rx624_s1_r1_e1,txrxaes_s1_r1_e1,,dropdown,"Ha tomado el medicamento en las últimas 24 horas?","1, Sí | 0, No","(Si no hay más medicamentos que reportar, deje en blanco.)",,,,,"[txrxaes_rx5name_s1_r1_e1] <> """"",,,,,,
txrxaes_rx7_s1_r1_e1,txrxaes_s1_r1_e1,,descriptive,"Medicamento 7",,,,,,,"[txrxaes_rx6name_s1_r1_e1] <> """"",,,,,,
txrxaes_rx7name_s1_r1_e1,txrxaes_s1_r1_e1,,text,"Nombre del medicamento:",,"(Si no hay más medicamentos que reportar, deje en blanco.)",,,,,"[txrxaes_rx6name_s1_r1_e1] <> """"",,,,,,
txrxaes_rx7why_s1_r1_e1,txrxaes_s1_r1_e1,,notes,"Razón para tomar el medicamento:",,"(Si no hay más medicamentos que reportar, deje en blanco.)",,,,,"[txrxaes_rx6name_s1_r1_e1] <> """"",,,,,,
txrxaes_rx724_s1_r1_e1,txrxaes_s1_r1_e1,,dropdown,"Ha tomado el medicamento en las últimas 24 horas?","1, Sí | 0, No","(Si no hay más medicamentos que reportar, deje en blanco.)",,,,,"[txrxaes_rx6name_s1_r1_e1] <> """"",,,,,,
txrxaes_rx8_s1_r1_e1,txrxaes_s1_r1_e1,,descriptive,"Medicamento 8",,,,,,,"[txrxaes_rx7name_s1_r1_e1] <> """"",,,,,,
txrxaes_rx8name_s1_r1_e1,txrxaes_s1_r1_e1,,text,"Nombre del medicamento:",,"(Si no hay más medicamentos que reportar, deje en blanco.)",,,,,"[txrxaes_rx7name_s1_r1_e1] <> """"",,,,,,
txrxaes_rx8why_s1_r1_e1,txrxaes_s1_r1_e1,,notes,"Razón para tomar el medicamento:",,"(Si no hay más medicamentos que reportar, deje en blanco.)",,,,,"[txrxaes_rx7name_s1_r1_e1] <> """"",,,,,,
txrxaes_rx824_s1_r1_e1,txrxaes_s1_r1_e1,,dropdown,"Ha tomado el medicamento en las últimas 24 horas?","1, Sí | 0, No","(Si no hay más medicamentos que reportar, deje en blanco.)",,,,,"[txrxaes_rx7name_s1_r1_e1] <> """"",,,,,,
txrxaes_rx9_s1_r1_e1,txrxaes_s1_r1_e1,,descriptive,"Medicamento 9",,,,,,,"[txrxaes_rx8name_s1_r1_e1] <> """"",,,,,,
txrxaes_rx9name_s1_r1_e1,txrxaes_s1_r1_e1,,text,"Nombre del medicamento:",,"(Si no hay más medicamentos que reportar, deje en blanco.)",,,,,"[txrxaes_rx8name_s1_r1_e1] <> """"",,,,,,
txrxaes_rx9why_s1_r1_e1,txrxaes_s1_r1_e1,,notes,"Razón para tomar el medicamento:",,"(Si no hay más medicamentos que reportar, deje en blanco.)",,,,,"[txrxaes_rx8name_s1_r1_e1] <> """"",,,,,,
txrxaes_rx924_s1_r1_e1,txrxaes_s1_r1_e1,,dropdown,"Ha tomado el medicamento en las últimas 24 horas?","1, Sí | 0, No","(Si no hay más medicamentos que reportar, deje en blanco.)",,,,,"[txrxaes_rx8name_s1_r1_e1] <> """"",,,,,,
txrxaes_rx10_s1_r1_e1,txrxaes_s1_r1_e1,,descriptive,"Medicamento 10",,,,,,,"[txrxaes_rx9name_s1_r1_e1] <> """"",,,,,,
txrxaes_rx10name_s1_r1_e1,txrxaes_s1_r1_e1,,text,"Nombre del medicamento:",,"(Si no hay más medicamentos que reportar, deje en blanco.)",,,,,"[txrxaes_rx9name_s1_r1_e1] <> """"",,,,,,
txrxaes_rx10why_s1_r1_e1,txrxaes_s1_r1_e1,,notes,"Razón para tomar el medicamento:",,"(Si no hay más medicamentos que reportar, deje en blanco.)",,,,,"[txrxaes_rx9name_s1_r1_e1] <> """"",,,,,,
txrxaes_rx1024_s1_r1_e1,txrxaes_s1_r1_e1,,dropdown,"Ha tomado el medicamento en las últimas 24 horas?","1, Sí | 0, No","(Si no hay más medicamentos que reportar, deje en blanco.)",,,,,"[txrxaes_rx9name_s1_r1_e1] <> """"",,,,,,
