﻿"Variable / Field Name","Form Name","Section Header","Field Type","Field Label","Choices, Calculations, OR Slider Labels","Field Note","Text Validation Type OR Show Slider Number","Text Validation Min","Text Validation Max",Identifier?,"Branching Logic (Show field only if...)","Required Field?","Custom Alignment","Question Number (surveys only)","Matrix Group Name","Matrix Ranking?","Field Annotation"
txrxaes_any_s1_r1_e1,txrxaes_s1_r1_e1,,dropdown,"El niño/a ha recibido (actualmente o en el pasado) tratamiento para cualquier problema emocional o psicológico? Los problemas pueden incluir pero no limitarse a ansiedad, depresión, abuso de sustancias, desordenes alimenticios, TDAH y autismo.","1, Sí | 0, No | 999, No lo sé | 77, Prefiero no responder","(Usted proveerá detalles abajo.)",,,,,,y,,,,,
txrxaes_recentmeds_s1_r1_e1,txrxaes_s1_r1_e1,,dropdown,"El niño/a ha tomado algún medicamento (con o sin prescripción) en las últimas dos semanas?","1, Sí | 0, No | 999, No lo sé | 77, Prefiero no responder","(Usted proveerá detalles abajo.)",,,,,,y,,,,,
txrxaes_tx1_embed,txrxaes_s1_r1_e1,"Por favor indique todos los tratamientos y/o evaluaciónes actuales o pasados que el niño ha recibido por cualquier problema emocional o psicológico.",descriptive,"<div class=""rich-text-field-label""><table style=""border-collapse: collapse; width: 100%; height: 144.086px;"" border=""1""> <tbody> <tr style=""height: 19px;""> <td style=""width: 48.3734%; border-style: hidden; height: 19px;""> <h6>Tratamiento 1</h6> </td> <td style=""width: 48.3734%; height: 19px; border-style: hidden;""> </td> </tr> <tr style=""height: 66.8906px;""> <td style=""width: 48.3734%; height: 66.8906px; border-style: hidden;""> <p>Problema:</p> <p>{txrxaes_tx1prob_s1_r1_e1}</p> </td> <td style=""width: 48.3734%; height: 66.8906px; border-style: hidden;""> <p>Tipo de tratamiento y/o medicamento:</p> <p>{txrxaes_tx1desc_s1_r1_e1}</p> </td> </tr> <tr style=""height: 58.1953px;""> <td style=""width: 48.3734%; height: 58.1953px; border-style: hidden;""> <p>Fecha de inicio: {txrxaes_tx1start_s1_r1_e1}</p> <h6 style=""font-size: 7.5pt;""><span style=""color: #0e0e79;"">(Indique mes y año.)</span></h6> </td> <td style=""width: 48.3734%; height: 58.1953px; border-style: hidden;""> <p>Fecha de finalización: {txrxaes_tx1end_s1_r1_e1}</p> <h6 style=""font-size: 7.5pt;""><span style=""color: #0e0e79;"">(Indique mes y año; responda ""NA"" si continúa.)</span></h6> </td> </tr> </tbody> </table></div>",,,,,,,"[txrxaes_any_s1_r1_e1] = '1'",,,,,,
txrxaes_tx1prob_s1_r1_e1,txrxaes_s1_r1_e1,,notes,Problema:,,,,,,,,y,,,,,
txrxaes_tx1desc_s1_r1_e1,txrxaes_s1_r1_e1,,notes,"Tipo de tratamiento y/o medicamento:",,,,,,,,y,,,,,
txrxaes_tx1start_s1_r1_e1,txrxaes_s1_r1_e1,,text,"Fecha de inicio:",,,,,,,,y,,,,,
txrxaes_tx1end_s1_r1_e1,txrxaes_s1_r1_e1,,text,"Fecha de finalización:",,,,,,,,y,,,,,
txrxaes_tx2_embed,txrxaes_s1_r1_e1,,descriptive,"<table style=""border-collapse: collapse; width: 100%; height: 144.086px;"" border=""1""> <tbody> <tr style=""height: 19px;""> <td style=""width: 48.3734%; border-style: hidden; height: 19px;""> <h6>Tratamiento 2</h6> </td> <td style=""width: 48.3734%; height: 19px; border-style: hidden;""> </td> </tr> <tr style=""height: 66.8906px;""> <td style=""width: 48.3734%; height: 66.8906px; border-style: hidden;""> <p>Problema:</p> <p>{txrxaes_tx2prob_s1_r1_e1}</p> </td> <td style=""width: 48.3734%; height: 66.8906px; border-style: hidden;""> <p>Tipo de tratamiento y/o medicamento:</p> <p>{txrxaes_tx2desc_s1_r1_e1}</p> </td> </tr> <tr style=""height: 58.1953px;""> <td style=""width: 48.3734%; height: 58.1953px; border-style: hidden;""> <p>Fecha de inicio: {txrxaes_tx2start_s1_r1_e1}</p> <h6 style=""font-size: 7.5pt;""><span style=""color: #0e0e79;"">(Indique mes y año.)</span></h6> </td> <td style=""width: 48.3734%; height: 58.1953px; border-style: hidden;""> <p>Fecha de finalización: {txrxaes_tx2end_s1_r1_e1}</p> <h6 style=""font-size: 7.5pt;""><span style=""color: #0e0e79;"">(Indique mes y año; responda ""NA"" si continúa.)</span></h6> </td> </tr> </tbody> </table>",,,,,,,"[txrxaes_tx1prob_s1_r1_e1] <> """"",,,,,,
txrxaes_tx2prob_s1_r1_e1,txrxaes_s1_r1_e1,,notes,Problema:,,,,,,,,y,,,,," @PLACEHOLDER=""(Si no hay más tratamientos que reportar, deje en blanco.)"""
txrxaes_tx2desc_s1_r1_e1,txrxaes_s1_r1_e1,,notes,"Tipo de tratamiento y/o medicamento:",,,,,,,,y,,,,," @PLACEHOLDER=""(Si no hay más tratamientos que reportar, deje en blanco.)"""
txrxaes_tx2start_s1_r1_e1,txrxaes_s1_r1_e1,,text,"Fecha de inicio:",,,,,,,,y,,,,," @PLACEHOLDER=""(Si no hay más tratamientos que reportar, deje en blanco.)"""
txrxaes_tx2end_s1_r1_e1,txrxaes_s1_r1_e1,,text,"Fecha de finalización:",,,,,,,,y,,,,," @PLACEHOLDER=""(Si no hay más tratamientos que reportar, deje en blanco.)"""
txrxaes_tx3_embed,txrxaes_s1_r1_e1,,descriptive,"<div class=""rich-text-field-label""><table style=""border-collapse: collapse; width: 100%; height: 144.086px;"" border=""1""> <tbody> <tr style=""height: 19px;""> <td style=""width: 48.3734%; border-style: hidden; height: 19px;""> <h6>Tratamiento 3</h6> </td> <td style=""width: 48.3734%; height: 19px; border-style: hidden;""> </td> </tr> <tr style=""height: 66.8906px;""> <td style=""width: 48.3734%; height: 66.8906px; border-style: hidden;""> <p>Problema:</p> <p>{txrxaes_tx3prob_s1_r1_e1}</p> </td> <td style=""width: 48.3734%; height: 66.8906px; border-style: hidden;""> <p>Tipo de tratamiento y/o medicamento:</p> <p>{txrxaes_tx3desc_s1_r1_e1}</p> </td> </tr> <tr style=""height: 58.1953px;""> <td style=""width: 48.3734%; height: 58.1953px; border-style: hidden;""> <p>Fecha de inicio: {txrxaes_tx3start_s1_r1_e1}</p> <h6 style=""font-size: 7.5pt;""><span style=""color: #0e0e79;"">(Indique mes y año.)</span></h6> </td> <td style=""width: 48.3734%; height: 58.1953px; border-style: hidden;""> <p>Fecha de finalización: {txrxaes_tx3end_s1_r1_e1}</p> <h6 style=""font-size: 7.5pt;""><span style=""color: #0e0e79;"">(Indique mes y año; responda ""NA"" si continúa.)</span></h6> </td> </tr> </tbody> </table></div>",,,,,,,"[txrxaes_tx2prob_s1_r1_e1] <> """"",,,,,,
txrxaes_tx3prob_s1_r1_e1,txrxaes_s1_r1_e1,,notes,Problema:,,,,,,,,y,,,,," @PLACEHOLDER=""(Si no hay más tratamientos que reportar, deje en blanco.)"""
txrxaes_tx3desc_s1_r1_e1,txrxaes_s1_r1_e1,,notes,"Tipo de tratamiento y/o medicamento:",,,,,,,,y,,,,," @PLACEHOLDER=""(Si no hay más tratamientos que reportar, deje en blanco.)"""
txrxaes_tx3start_s1_r1_e1,txrxaes_s1_r1_e1,,text,"Fecha de inicio:",,,,,,,,y,,,,," @PLACEHOLDER=""(Si no hay más tratamientos que reportar, deje en blanco.)"""
txrxaes_tx3end_s1_r1_e1,txrxaes_s1_r1_e1,,text,"Fecha de finalización:",,,,,,,,y,,,,," @PLACEHOLDER=""(Si no hay más tratamientos que reportar, deje en blanco.)"""
txrxaes_tx4_embed,txrxaes_s1_r1_e1,,descriptive,"<div class=""rich-text-field-label""><table style=""border-collapse: collapse; width: 100%; height: 144.086px;"" border=""1""> <tbody> <tr style=""height: 19px;""> <td style=""width: 48.3734%; border-style: hidden; height: 19px;""> <h6>Tratamiento 4</h6> </td> <td style=""width: 48.3734%; height: 19px; border-style: hidden;""> </td> </tr> <tr style=""height: 66.8906px;""> <td style=""width: 48.3734%; height: 66.8906px; border-style: hidden;""> <p>Problema:</p> <p>{txrxaes_tx4prob_s1_r1_e1}</p> </td> <td style=""width: 48.3734%; height: 66.8906px; border-style: hidden;""> <p>Tipo de tratamiento y/o medicamento:</p> <p>{txrxaes_tx4desc_s1_r1_e1}</p> </td> </tr> <tr style=""height: 58.1953px;""> <td style=""width: 48.3734%; height: 58.1953px; border-style: hidden;""> <p>Fecha de inicio: {txrxaes_tx4start_s1_r1_e1}</p> <h6 style=""font-size: 7.5pt;""><span style=""color: #0e0e79;"">(Indique mes y año.)</span></h6> </td> <td style=""width: 48.3734%; height: 58.1953px; border-style: hidden;""> <p>Fecha de finalización: {txrxaes_tx4end_s1_r1_e1}</p> <h6 style=""font-size: 7.5pt;""><span style=""color: #0e0e79;"">(Indique mes y año; responda ""NA"" si continúa.)</span></h6> </td> </tr> </tbody> </table></div>",,,,,,,"[txrxaes_tx3prob_s1_r1_e1] <> """"",,,,,,
txrxaes_tx4prob_s1_r1_e1,txrxaes_s1_r1_e1,,notes,Problema:,,,,,,,,y,,,,," @PLACEHOLDER=""(Si no hay más tratamientos que reportar, deje en blanco.)"""
txrxaes_tx4desc_s1_r1_e1,txrxaes_s1_r1_e1,,notes,"Tipo de tratamiento y/o medicamento:",,,,,,,,y,,,,," @PLACEHOLDER=""(Si no hay más tratamientos que reportar, deje en blanco.)"""
txrxaes_tx4start_s1_r1_e1,txrxaes_s1_r1_e1,,text,"Fecha de inicio:",,,,,,,,y,,,,," @PLACEHOLDER=""(Si no hay más tratamientos que reportar, deje en blanco.)"""
txrxaes_tx4end_s1_r1_e1,txrxaes_s1_r1_e1,,text,"Fecha de finalización:",,,,,,,,y,,,,," @PLACEHOLDER=""(Si no hay más tratamientos que reportar, deje en blanco.)"""
txrxaes_tx5_embed,txrxaes_s1_r1_e1,,descriptive,"<div class=""rich-text-field-label""><table style=""border-collapse: collapse; width: 100%; height: 144.086px;"" border=""1""> <tbody> <tr style=""height: 19px;""> <td style=""width: 48.3734%; border-style: hidden; height: 19px;""> <h6>Tratamiento 5</h6> </td> <td style=""width: 48.3734%; height: 19px; border-style: hidden;""> </td> </tr> <tr style=""height: 66.8906px;""> <td style=""width: 48.3734%; height: 66.8906px; border-style: hidden;""> <p>Problema:</p> <p>{txrxaes_tx5prob_s1_r1_e1}</p> </td> <td style=""width: 48.3734%; height: 66.8906px; border-style: hidden;""> <p>Tipo de tratamiento y/o medicamento:</p> <p>{txrxaes_tx5desc_s1_r1_e1}</p> </td> </tr> <tr style=""height: 58.1953px;""> <td style=""width: 48.3734%; height: 58.1953px; border-style: hidden;""> <p>Fecha de inicio: {txrxaes_tx5start_s1_r1_e1}</p> <h6 style=""font-size: 7.5pt;""><span style=""color: #0e0e79;"">(Indique mes y año.)</span></h6> </td> <td style=""width: 48.3734%; height: 58.1953px; border-style: hidden;""> <p>Fecha de finalización: {txrxaes_tx5end_s1_r1_e1}</p> <h6 style=""font-size: 7.5pt;""><span style=""color: #0e0e79;"">(Indique mes y año; responda ""NA"" si continúa.)</span></h6> </td> </tr> </tbody> </table></div>",,,,,,,"[txrxaes_tx4prob_s1_r1_e1] <> """"",,,,,,
txrxaes_tx5prob_s1_r1_e1,txrxaes_s1_r1_e1,,notes,Problema:,,,,,,,,y,,,,," @PLACEHOLDER=""(Si no hay más tratamientos que reportar, deje en blanco.)"""
txrxaes_tx5desc_s1_r1_e1,txrxaes_s1_r1_e1,,notes,"Tipo de tratamiento y/o medicamento:",,,,,,,,y,,,,," @PLACEHOLDER=""(Si no hay más tratamientos que reportar, deje en blanco.)"""
txrxaes_tx5start_s1_r1_e1,txrxaes_s1_r1_e1,,text,"Fecha de inicio:",,,,,,,,y,,,,," @PLACEHOLDER=""(Si no hay más tratamientos que reportar, deje en blanco.)"""
txrxaes_tx5end_s1_r1_e1,txrxaes_s1_r1_e1,,text,"Fecha de finalización:",,,,,,,,y,,,,," @PLACEHOLDER=""(Si no hay más tratamientos que reportar, deje en blanco.)"""
txrxaes_tx6_embed,txrxaes_s1_r1_e1,,descriptive,"<div class=""rich-text-field-label""><table style=""border-collapse: collapse; width: 100%; height: 144.086px;"" border=""1""> <tbody> <tr style=""height: 19px;""> <td style=""width: 48.3734%; border-style: hidden; height: 19px;""> <h6>Tratamiento 6</h6> </td> <td style=""width: 48.3734%; height: 19px; border-style: hidden;""> </td> </tr> <tr style=""height: 66.8906px;""> <td style=""width: 48.3734%; height: 66.8906px; border-style: hidden;""> <p>Problema:</p> <p>{txrxaes_tx6prob_s1_r1_e1}</p> </td> <td style=""width: 48.3734%; height: 66.8906px; border-style: hidden;""> <p>Tipo de tratamiento y/o medicamento:</p> <p>{txrxaes_tx6desc_s1_r1_e1}</p> </td> </tr> <tr style=""height: 58.1953px;""> <td style=""width: 48.3734%; height: 58.1953px; border-style: hidden;""> <p>Fecha de inicio: {txrxaes_tx6start_s1_r1_e1}</p> <h6 style=""font-size: 7.5pt;""><span style=""color: #0e0e79;"">(Indique mes y año.)</span></h6> </td> <td style=""width: 48.3734%; height: 58.1953px; border-style: hidden;""> <p>Fecha de finalización: {txrxaes_tx6end_s1_r1_e1}</p> <h6 style=""font-size: 7.5pt;""><span style=""color: #0e0e79;"">(Indique mes y año; responda ""NA"" si continúa.)</span></h6> </td> </tr> </tbody> </table></div>",,,,,,,"[txrxaes_tx5prob_s1_r1_e1] <> """"",,,,,,
txrxaes_tx6prob_s1_r1_e1,txrxaes_s1_r1_e1,,notes,Problema:,,,,,,,,y,,,,," @PLACEHOLDER=""(Si no hay más tratamientos que reportar, deje en blanco.)"""
txrxaes_tx6desc_s1_r1_e1,txrxaes_s1_r1_e1,,notes,"Tipo de tratamiento y/o medicamento:",,,,,,,,y,,,,," @PLACEHOLDER=""(Si no hay más tratamientos que reportar, deje en blanco.)"""
txrxaes_tx6start_s1_r1_e1,txrxaes_s1_r1_e1,,text,"Fecha de inicio:",,,,,,,,y,,,,," @PLACEHOLDER=""(Si no hay más tratamientos que reportar, deje en blanco.)"""
txrxaes_tx6end_s1_r1_e1,txrxaes_s1_r1_e1,,text,"Fecha de finalización:",,,,,,,,y,,,,," @PLACEHOLDER=""(Si no hay más tratamientos que reportar, deje en blanco.)"""
txrxaes_tx7_embed,txrxaes_s1_r1_e1,,descriptive,"<div class=""rich-text-field-label""><table style=""border-collapse: collapse; width: 100%; height: 144.086px;"" border=""1""> <tbody> <tr style=""height: 19px;""> <td style=""width: 48.3734%; border-style: hidden; height: 19px;""> <h6>Tratamiento 7</h6> </td> <td style=""width: 48.3734%; height: 19px; border-style: hidden;""> </td> </tr> <tr style=""height: 66.8906px;""> <td style=""width: 48.3734%; height: 66.8906px; border-style: hidden;""> <p>Problema:</p> <p>{txrxaes_tx7prob_s1_r1_e1}</p> </td> <td style=""width: 48.3734%; height: 66.8906px; border-style: hidden;""> <p>Tipo de tratamiento y/o medicamento:</p> <p>{txrxaes_tx7desc_s1_r1_e1}</p> </td> </tr> <tr style=""height: 58.1953px;""> <td style=""width: 48.3734%; height: 58.1953px; border-style: hidden;""> <p>Fecha de inicio: {txrxaes_tx7start_s1_r1_e1}</p> <h6 style=""font-size: 7.5pt;""><span style=""color: #0e0e79;"">(Indique mes y año.)</span></h6> </td> <td style=""width: 48.3734%; height: 58.1953px; border-style: hidden;""> <p>Fecha de finalización: {txrxaes_tx7end_s1_r1_e1}</p> <h6 style=""font-size: 7.5pt;""><span style=""color: #0e0e79;"">(Indique mes y año; responda ""NA"" si continúa.)</span></h6> </td> </tr> </tbody> </table></div>",,,,,,,"[txrxaes_tx6prob_s1_r1_e1] <> """"",,,,,,
txrxaes_tx7prob_s1_r1_e1,txrxaes_s1_r1_e1,,notes,Problema:,,,,,,,,y,,,,," @PLACEHOLDER=""(Si no hay más tratamientos que reportar, deje en blanco.)"""
txrxaes_tx7desc_s1_r1_e1,txrxaes_s1_r1_e1,,notes,"Tipo de tratamiento y/o medicamento:",,,,,,,,y,,,,," @PLACEHOLDER=""(Si no hay más tratamientos que reportar, deje en blanco.)"""
txrxaes_tx7start_s1_r1_e1,txrxaes_s1_r1_e1,,text,"Fecha de inicio:",,,,,,,,y,,,,," @PLACEHOLDER=""(Si no hay más tratamientos que reportar, deje en blanco.)"""
txrxaes_tx7end_s1_r1_e1,txrxaes_s1_r1_e1,,text,"Fecha de finalización:",,,,,,,,y,,,,," @PLACEHOLDER=""(Si no hay más tratamientos que reportar, deje en blanco.)"""
txrxaes_tx8_embed,txrxaes_s1_r1_e1,,descriptive,"<div class=""rich-text-field-label""><table style=""border-collapse: collapse; width: 100%; height: 144.086px;"" border=""1""> <tbody> <tr style=""height: 19px;""> <td style=""width: 48.3734%; border-style: hidden; height: 19px;""> <h6>Tratamiento 8</h6> </td> <td style=""width: 48.3734%; height: 19px; border-style: hidden;""> </td> </tr> <tr style=""height: 66.8906px;""> <td style=""width: 48.3734%; height: 66.8906px; border-style: hidden;""> <p>Problema:</p> <p>{txrxaes_tx8prob_s1_r1_e1}</p> </td> <td style=""width: 48.3734%; height: 66.8906px; border-style: hidden;""> <p>Tipo de tratamiento y/o medicamento:</p> <p>{txrxaes_tx8desc_s1_r1_e1}</p> </td> </tr> <tr style=""height: 58.1953px;""> <td style=""width: 48.3734%; height: 58.1953px; border-style: hidden;""> <p>Fecha de inicio: {txrxaes_tx8start_s1_r1_e1}</p> <h6 style=""font-size: 7.5pt;""><span style=""color: #0e0e79;"">(Indique mes y año.)</span></h6> </td> <td style=""width: 48.3734%; height: 58.1953px; border-style: hidden;""> <p>Fecha de finalización: {txrxaes_tx8end_s1_r1_e1}</p> <h6 style=""font-size: 7.5pt;""><span style=""color: #0e0e79;"">(Indique mes y año; responda ""NA"" si continúa.)</span></h6> </td> </tr> </tbody> </table></div>",,,,,,,"[txrxaes_tx7prob_s1_r1_e1] <> """"",,,,,,
txrxaes_tx8prob_s1_r1_e1,txrxaes_s1_r1_e1,,notes,Problema:,,,,,,,,y,,,,," @PLACEHOLDER=""(Si no hay más tratamientos que reportar, deje en blanco.)"""
txrxaes_tx8desc_s1_r1_e1,txrxaes_s1_r1_e1,,notes,"Tipo de tratamiento y/o medicamento:",,,,,,,,y,,,,," @PLACEHOLDER=""(Si no hay más tratamientos que reportar, deje en blanco.)"""
txrxaes_tx8start_s1_r1_e1,txrxaes_s1_r1_e1,,text,"Fecha de inicio:",,,,,,,,y,,,,," @PLACEHOLDER=""(Si no hay más tratamientos que reportar, deje en blanco.)"""
txrxaes_tx8end_s1_r1_e1,txrxaes_s1_r1_e1,,text,"Fecha de finalización:",,,,,,,,y,,,,," @PLACEHOLDER=""(Si no hay más tratamientos que reportar, deje en blanco.)"""
txrxaes_tx9_embed,txrxaes_s1_r1_e1,,descriptive,"<div class=""rich-text-field-label""><table style=""border-collapse: collapse; width: 100%; height: 144.086px;"" border=""1""> <tbody> <tr style=""height: 19px;""> <td style=""width: 48.3734%; border-style: hidden; height: 19px;""> <h6>Tratamiento 9</h6> </td> <td style=""width: 48.3734%; height: 19px; border-style: hidden;""> </td> </tr> <tr style=""height: 66.8906px;""> <td style=""width: 48.3734%; height: 66.8906px; border-style: hidden;""> <p>Problema:</p> <p>{txrxaes_tx9prob_s1_r1_e1}</p> </td> <td style=""width: 48.3734%; height: 66.8906px; border-style: hidden;""> <p>Tipo de tratamiento y/o medicamento:</p> <p>{txrxaes_tx9desc_s1_r1_e1}</p> </td> </tr> <tr style=""height: 58.1953px;""> <td style=""width: 48.3734%; height: 58.1953px; border-style: hidden;""> <p>Fecha de inicio: {txrxaes_tx9start_s1_r1_e1}</p> <h6 style=""font-size: 7.5pt;""><span style=""color: #0e0e79;"">(Indique mes y año.)</span></h6> </td> <td style=""width: 48.3734%; height: 58.1953px; border-style: hidden;""> <p>Fecha de finalización: {txrxaes_tx9end_s1_r1_e1}</p> <h6 style=""font-size: 7.5pt;""><span style=""color: #0e0e79;"">(Indique mes y año; responda ""NA"" si continúa.)</span></h6> </td> </tr> </tbody> </table></div>",,,,,,,"[txrxaes_tx8prob_s1_r1_e1] <> """"",,,,,,
txrxaes_tx9prob_s1_r1_e1,txrxaes_s1_r1_e1,,notes,Problema:,,,,,,,,y,,,,," @PLACEHOLDER=""(Si no hay más tratamientos que reportar, deje en blanco.)"""
txrxaes_tx9desc_s1_r1_e1,txrxaes_s1_r1_e1,,notes,"Tipo de tratamiento y/o medicamento:",,,,,,,,y,,,,," @PLACEHOLDER=""(Si no hay más tratamientos que reportar, deje en blanco.)"""
txrxaes_tx9start_s1_r1_e1,txrxaes_s1_r1_e1,,text,"Fecha de inicio:",,,,,,,,y,,,,," @PLACEHOLDER=""(Si no hay más tratamientos que reportar, deje en blanco.)"""
txrxaes_tx9end_s1_r1_e1,txrxaes_s1_r1_e1,,text,"Fecha de finalización:",,,,,,,,y,,,,," @PLACEHOLDER=""(Si no hay más tratamientos que reportar, deje en blanco.)"""
txrxaes_tx10_embed,txrxaes_s1_r1_e1,,descriptive,"<div class=""rich-text-field-label""><table style=""border-collapse: collapse; width: 100%; height: 144.086px;"" border=""1""> <tbody> <tr style=""height: 19px;""> <td style=""width: 48.3734%; border-style: hidden; height: 19px;""> <h6>Tratamiento 10</h6> </td> <td style=""width: 48.3734%; height: 19px; border-style: hidden;""> </td> </tr> <tr style=""height: 66.8906px;""> <td style=""width: 48.3734%; height: 66.8906px; border-style: hidden;""> <p>Problema:</p> <p>{txrxaes_tx10prob_s1_r1_e1}</p> </td> <td style=""width: 48.3734%; height: 66.8906px; border-style: hidden;""> <p>Tipo de tratamiento y/o medicamento:</p> <p>{txrxaes_tx10desc_s1_r1_e1}</p> </td> </tr> <tr style=""height: 58.1953px;""> <td style=""width: 48.3734%; height: 58.1953px; border-style: hidden;""> <p>Fecha de inicio: {txrxaes_tx10start_s1_r1_e1}</p> <h6 style=""font-size: 7.5pt;""><span style=""color: #0e0e79;"">(Indique mes y año.)</span></h6> </td> <td style=""width: 48.3734%; height: 58.1953px; border-style: hidden;""> <p>Fecha de finalización: {txrxaes_tx10end_s1_r1_e1}</p> <h6 style=""font-size: 7.5pt;""><span style=""color: #0e0e79;"">(Indique mes y año; responda ""NA"" si continúa.)</span></h6> </td> </tr> </tbody> </table></div>",,,,,,,"[txrxaes_tx9prob_s1_r1_e1] <> """"",,,,,,
txrxaes_tx10prob_s1_r1_e1,txrxaes_s1_r1_e1,,notes,Problema:,,,,,,,,y,,,,," @PLACEHOLDER=""(Si no hay más tratamientos que reportar, deje en blanco.)"""
txrxaes_tx10desc_s1_r1_e1,txrxaes_s1_r1_e1,,notes,"Tipo de tratamiento y/o medicamento:",,,,,,,,y,,,,," @PLACEHOLDER=""(Si no hay más tratamientos que reportar, deje en blanco.)"""
txrxaes_tx10start_s1_r1_e1,txrxaes_s1_r1_e1,,text,"Fecha de inicio:",,,,,,,,y,,,,," @PLACEHOLDER=""(Si no hay más tratamientos que reportar, deje en blanco.)"""
txrxaes_tx10end_s1_r1_e1,txrxaes_s1_r1_e1,,text,"Fecha de finalización:",,,,,,,,y,,,,," @PLACEHOLDER=""(Si no hay más tratamientos que reportar, deje en blanco.)"""
txrxaes_rx1_embed,txrxaes_s1_r1_e1,"Por favor indique todos los medicamentos (con o sin prescripción) que el niño/a ha tomado en las últimas dos semanas.",descriptive,"<div class=""rich-text-field-label""><table style=""border-collapse: collapse; width: 100%;"" border=""1""> <tbody> <tr> <td style=""width: 50%; border-style: hidden;""> <h6>Medicamento 1</h6> </td> <td style=""width: 50%; border-style: hidden;""> </td> </tr> <tr> <td style=""width: 50%; border-style: hidden;"">Nombre del medicamento: {txrxaes_rx1name_s1_r1_e1}</td> <td style=""width: 50%; border-style: hidden;"">Ha tomado el medicamento en las últimas 24 horas? {txrxaes_rx124_s1_r1_e1}</td> </tr> <tr> <td style=""width: 100%; border-style: hidden;"" colspan=""2""> <p>Razón para tomar el medicamento:</p> <p>{txrxaes_rx1why_s1_r1_e1}</p> </td> </tr> </tbody> </table></div>",,,,,,,"[txrxaes_recentmeds_s1_r1_e1] = '1'",,,,,,
txrxaes_rx1name_s1_r1_e1,txrxaes_s1_r1_e1,,text,"Nombre del medicamento:",,,,,,,"[txrxaes_recentmeds_s1_r1_e1] = '1'",y,,,,,
txrxaes_rx1why_s1_r1_e1,txrxaes_s1_r1_e1,,notes,"Razón para tomar el medicamento:",,,,,,,"[txrxaes_recentmeds_s1_r1_e1] = '1'",y,,,,,
txrxaes_rx124_s1_r1_e1,txrxaes_s1_r1_e1,,dropdown,"Ha tomado el medicamento en las últimas 24 horas?","1, Sí | 0, No",,,,,,"[txrxaes_recentmeds_s1_r1_e1] = '1'",y,,,,,
txrxaes_rx2_embed,txrxaes_s1_r1_e1,,descriptive,"<div class=""rich-text-field-label""><table style=""border-collapse: collapse; width: 100%;"" border=""1""> <tbody> <tr> <td style=""width: 50%; border-style: hidden;""> <h6>Medicamento 2</h6> </td> <td style=""width: 50%; border-style: hidden;""> </td> </tr> <tr> <td style=""width: 50%; border-style: hidden;"">Nombre del medicamento: {txrxaes_rx2name_s1_r1_e1}</td> <td style=""width: 50%; border-style: hidden;""> <p>Ha tomado el medicamento en las últimas 24 horas?{txrxaes_rx224_s1_r1_e1}</p> </td> </tr> <tr> <td style=""width: 100%; border-style: hidden;"" colspan=""2""> <p>Razón para tomar el medicamento:</p> <p>{txrxaes_rx2why_s1_r1_e1}</p> </td> </tr> </tbody> </table></div>",,,,,,,"[txrxaes_rx1name_s1_r1_e1] <> """"",,,,,,
txrxaes_rx2name_s1_r1_e1,txrxaes_s1_r1_e1,,text,"Nombre del medicamento:",,,,,,,,y,,,,," @PLACEHOLDER=""(Si no hay más medicamentos que reportar, deje en blanco.)"""
txrxaes_rx2why_s1_r1_e1,txrxaes_s1_r1_e1,,notes,"Razón para tomar el medicamento:",,,,,,,,y,,,,," @PLACEHOLDER=""(Si no hay más medicamentos que reportar, deje en blanco.)"""
txrxaes_rx224_s1_r1_e1,txrxaes_s1_r1_e1,,dropdown,"Ha tomado el medicamento en las últimas 24 horas?","1, Sí | 0, No",,,,,,,y,,,,,
txrxaes_rx3_embed,txrxaes_s1_r1_e1,,descriptive,"<div class=""rich-text-field-label""><table style=""border-collapse: collapse; width: 100%;"" border=""1""> <tbody> <tr> <td style=""width: 50%; border-style: hidden;""> <h6>Medicamento 3</h6> </td> <td style=""width: 50%; border-style: hidden;""> </td> </tr> <tr> <td style=""width: 50%; border-style: hidden;"">Nombre del medicamento: {txrxaes_rx3name_s1_r1_e1}</td> <td style=""width: 50%; border-style: hidden;""> <p>Ha tomado el medicamento en las últimas 24 horas?{txrxaes_rx324_s1_r1_e1}</p> </td> </tr> <tr> <td style=""width: 100%; border-style: hidden;"" colspan=""2""> <p>Razón para tomar el medicamento:</p> <p>{txrxaes_rx3why_s1_r1_e1}</p> </td> </tr> </tbody> </table></div>",,,,,,,"[txrxaes_rx2name_s1_r1_e1] <> """"",,,,,,
txrxaes_rx3name_s1_r1_e1,txrxaes_s1_r1_e1,,text,"Nombre del medicamento:",,,,,,,,y,,,,," @PLACEHOLDER=""(Si no hay más medicamentos que reportar, deje en blanco.)"""
txrxaes_rx3why_s1_r1_e1,txrxaes_s1_r1_e1,,notes,"Razón para tomar el medicamento:",,,,,,,,y,,,,," @PLACEHOLDER=""(Si no hay más medicamentos que reportar, deje en blanco.)"""
txrxaes_rx324_s1_r1_e1,txrxaes_s1_r1_e1,,dropdown,"Ha tomado el medicamento en las últimas 24 horas?","1, Sí | 0, No",,,,,,,y,,,,,
txrxaes_rx4_embed,txrxaes_s1_r1_e1,,descriptive,"<div class=""rich-text-field-label""><table style=""border-collapse: collapse; width: 100%;"" border=""1""> <tbody> <tr> <td style=""width: 50%; border-style: hidden;""> <h6>Medicamento 4</h6> </td> <td style=""width: 50%; border-style: hidden;""> </td> </tr> <tr> <td style=""width: 50%; border-style: hidden;"">Nombre del medicamento: {txrxaes_rx4name_s1_r1_e1}</td> <td style=""width: 50%; border-style: hidden;""> <p>Ha tomado el medicamento en las últimas 24 horas?{txrxaes_rx424_s1_r1_e1}</p> </td> </tr> <tr> <td style=""width: 100%; border-style: hidden;"" colspan=""2""> <p>Razón para tomar el medicamento:</p> <p>{txrxaes_rx4why_s1_r1_e1}</p> </td> </tr> </tbody> </table></div>",,,,,,,"[txrxaes_rx3name_s1_r1_e1] <> """"",,,,,,
txrxaes_rx4name_s1_r1_e1,txrxaes_s1_r1_e1,,text,"Nombre del medicamento:",,,,,,,,y,,,,," @PLACEHOLDER=""(Si no hay más medicamentos que reportar, deje en blanco.)"""
txrxaes_rx4why_s1_r1_e1,txrxaes_s1_r1_e1,,notes,"Razón para tomar el medicamento:",,,,,,,,y,,,,," @PLACEHOLDER=""(Si no hay más medicamentos que reportar, deje en blanco.)"""
txrxaes_rx424_s1_r1_e1,txrxaes_s1_r1_e1,,dropdown,"Ha tomado el medicamento en las últimas 24 horas?","1, Sí | 0, No",,,,,,,y,,,,,
txrxaes_rx5_embed,txrxaes_s1_r1_e1,,descriptive,"<div class=""rich-text-field-label""><table style=""border-collapse: collapse; width: 100%;"" border=""1""> <tbody> <tr> <td style=""width: 50%; border-style: hidden;""> <h6>Medicamento 5</h6> </td> <td style=""width: 50%; border-style: hidden;""> </td> </tr> <tr> <td style=""width: 50%; border-style: hidden;"">Nombre del medicamento: {txrxaes_rx5name_s1_r1_e1}</td> <td style=""width: 50%; border-style: hidden;""> <p>Ha tomado el medicamento en las últimas 24 horas?{txrxaes_rx524_s1_r1_e1}</p> </td> </tr> <tr> <td style=""width: 100%; border-style: hidden;"" colspan=""2""> <p>Razón para tomar el medicamento:</p> <p>{txrxaes_rx5why_s1_r1_e1}</p> </td> </tr> </tbody> </table></div>",,,,,,,"[txrxaes_rx4name_s1_r1_e1] <> """"",,,,,,
txrxaes_rx5name_s1_r1_e1,txrxaes_s1_r1_e1,,text,"Nombre del medicamento:",,,,,,,,y,,,,," @PLACEHOLDER=""(Si no hay más medicamentos que reportar, deje en blanco.)"""
txrxaes_rx5why_s1_r1_e1,txrxaes_s1_r1_e1,,notes,"Razón para tomar el medicamento:",,,,,,,,y,,,,," @PLACEHOLDER=""(Si no hay más medicamentos que reportar, deje en blanco.)"""
txrxaes_rx524_s1_r1_e1,txrxaes_s1_r1_e1,,dropdown,"Ha tomado el medicamento en las últimas 24 horas?","1, Sí | 0, No",,,,,,,y,,,,,
txrxaes_rx6_embed,txrxaes_s1_r1_e1,,descriptive,"<div class=""rich-text-field-label""><table style=""border-collapse: collapse; width: 100%;"" border=""1""> <tbody> <tr> <td style=""width: 50%; border-style: hidden;""> <h6>Medicamento 6</h6> </td> <td style=""width: 50%; border-style: hidden;""> </td> </tr> <tr> <td style=""width: 50%; border-style: hidden;"">Nombre del medicamento: {txrxaes_rx6name_s1_r1_e1}</td> <td style=""width: 50%; border-style: hidden;""> <p>Ha tomado el medicamento en las últimas 24 horas?{txrxaes_rx624_s1_r1_e1}</p> </td> </tr> <tr> <td style=""width: 100%; border-style: hidden;"" colspan=""2""> <p>Razón para tomar el medicamento:</p> <p>{txrxaes_rx6why_s1_r1_e1}</p> </td> </tr> </tbody> </table></div>",,,,,,,"[txrxaes_rx5name_s1_r1_e1] <> """"",,,,,," @PLACEHOLDER=""(Si no hay más medicamentos que reportar, deje en blanco.)"""
txrxaes_rx6name_s1_r1_e1,txrxaes_s1_r1_e1,,text,"Nombre del medicamento:",,,,,,,,y,,,,," @PLACEHOLDER=""(Si no hay más medicamentos que reportar, deje en blanco.)"""
txrxaes_rx6why_s1_r1_e1,txrxaes_s1_r1_e1,,notes,"Razón para tomar el medicamento:",,,,,,,,y,,,,,
txrxaes_rx624_s1_r1_e1,txrxaes_s1_r1_e1,,dropdown,"Ha tomado el medicamento en las últimas 24 horas?","1, Sí | 0, No",,,,,,,y,,,,,
txrxaes_rx7_embed,txrxaes_s1_r1_e1,,descriptive,"<div class=""rich-text-field-label""><table style=""border-collapse: collapse; width: 100%;"" border=""1""> <tbody> <tr> <td style=""width: 50%; border-style: hidden;""> <h6>Medicamento 7</h6> </td> <td style=""width: 50%; border-style: hidden;""> </td> </tr> <tr> <td style=""width: 50%; border-style: hidden;"">Nombre del medicamento: {txrxaes_rx7name_s1_r1_e1}</td> <td style=""width: 50%; border-style: hidden;""> <p>Ha tomado el medicamento en las últimas 24 horas?{txrxaes_rx724_s1_r1_e1}</p> </td> </tr> <tr> <td style=""width: 100%; border-style: hidden;"" colspan=""2""> <p>Razón para tomar el medicamento:</p> <p>{txrxaes_rx7why_s1_r1_e1}</p> </td> </tr> </tbody> </table></div>",,,,,,,"[txrxaes_rx6name_s1_r1_e1] <> """"",,,,,," @PLACEHOLDER=""(Si no hay más medicamentos que reportar, deje en blanco.)"""
txrxaes_rx7name_s1_r1_e1,txrxaes_s1_r1_e1,,text,"Nombre del medicamento:",,,,,,,,y,,,,," @PLACEHOLDER=""(Si no hay más medicamentos que reportar, deje en blanco.)"""
txrxaes_rx7why_s1_r1_e1,txrxaes_s1_r1_e1,,notes,"Razón para tomar el medicamento:",,,,,,,,y,,,,,
txrxaes_rx724_s1_r1_e1,txrxaes_s1_r1_e1,,dropdown,"Ha tomado el medicamento en las últimas 24 horas?","1, Sí | 0, No",,,,,,,y,,,,,
txrxaes_rx8_embed,txrxaes_s1_r1_e1,,descriptive,"<div class=""rich-text-field-label""><table style=""border-collapse: collapse; width: 100%;"" border=""1""> <tbody> <tr> <td style=""width: 50%; border-style: hidden;""> <h6>Medicamento 8</h6> </td> <td style=""width: 50%; border-style: hidden;""> </td> </tr> <tr> <td style=""width: 50%; border-style: hidden;"">Nombre del medicamento: {txrxaes_rx8name_s1_r1_e1}</td> <td style=""width: 50%; border-style: hidden;""> <p>Ha tomado el medicamento en las últimas 24 horas?{txrxaes_rx824_s1_r1_e1}</p> </td> </tr> <tr> <td style=""width: 100%; border-style: hidden;"" colspan=""2""> <p>Razón para tomar el medicamento:</p> <p>{txrxaes_rx8why_s1_r1_e1}</p> </td> </tr> </tbody> </table></div>",,,,,,,"[txrxaes_rx7name_s1_r1_e1] <> """"",,,,,,
txrxaes_rx8name_s1_r1_e1,txrxaes_s1_r1_e1,,text,"Nombre del medicamento:",,,,,,,,y,,,,," @PLACEHOLDER=""(Si no hay más medicamentos que reportar, deje en blanco.)"""
txrxaes_rx8why_s1_r1_e1,txrxaes_s1_r1_e1,,notes,"Razón para tomar el medicamento:",,,,,,,,y,,,,," @PLACEHOLDER=""(Si no hay más medicamentos que reportar, deje en blanco.)"""
txrxaes_rx824_s1_r1_e1,txrxaes_s1_r1_e1,,dropdown,"Ha tomado el medicamento en las últimas 24 horas?","1, Sí | 0, No",,,,,,,y,,,,,
txrxaes_rx9_embed,txrxaes_s1_r1_e1,,descriptive,"<div class=""rich-text-field-label""><table style=""border-collapse: collapse; width: 100%;"" border=""1""> <tbody> <tr> <td style=""width: 50%; border-style: hidden;""> <h6>Medicamento 9</h6> </td> <td style=""width: 50%; border-style: hidden;""> </td> </tr> <tr> <td style=""width: 50%; border-style: hidden;"">Nombre del medicamento: {txrxaes_rx9name_s1_r1_e1}</td> <td style=""width: 50%; border-style: hidden;""> <p>Ha tomado el medicamento en las últimas 24 horas?{txrxaes_rx924_s1_r1_e1}</p> </td> </tr> <tr> <td style=""width: 100%; border-style: hidden;"" colspan=""2""> <p>Razón para tomar el medicamento:</p> <p>{txrxaes_rx9why_s1_r1_e1}</p> </td> </tr> </tbody> </table></div>",,,,,,,"[txrxaes_rx8name_s1_r1_e1] <> """"",,,,,,
txrxaes_rx9name_s1_r1_e1,txrxaes_s1_r1_e1,,text,"Nombre del medicamento:",,,,,,,,y,,,,," @PLACEHOLDER=""(Si no hay más medicamentos que reportar, deje en blanco.)"""
txrxaes_rx9why_s1_r1_e1,txrxaes_s1_r1_e1,,notes,"Razón para tomar el medicamento:",,,,,,,,y,,,,," @PLACEHOLDER=""(Si no hay más medicamentos que reportar, deje en blanco.)"""
txrxaes_rx924_s1_r1_e1,txrxaes_s1_r1_e1,,dropdown,"Ha tomado el medicamento en las últimas 24 horas?","1, Sí | 0, No",,,,,,,y,,,,,
txrxaes_rx10_embed,txrxaes_s1_r1_e1,,descriptive,"<div class=""rich-text-field-label""><table style=""border-collapse: collapse; width: 100%;"" border=""1""> <tbody> <tr> <td style=""width: 50%; border-style: hidden;""> <h6>Medicamento 10</h6> </td> <td style=""width: 50%; border-style: hidden;""> </td> </tr> <tr> <td style=""width: 50%; border-style: hidden;"">Nombre del medicamento: {txrxaes_rx10name_s1_r1_e1}</td> <td style=""width: 50%; border-style: hidden;""> <p>Ha tomado el medicamento en las últimas 24 horas?{txrxaes_rx1024_s1_r1_e1}</p> </td> </tr> <tr> <td style=""width: 100%; border-style: hidden;"" colspan=""2""> <p>Razón para tomar el medicamento:</p> <p>{txrxaes_rx10why_s1_r1_e1}</p> </td> </tr> </tbody> </table></div>",,,,,,,"[txrxaes_rx9name_s1_r1_e1] <> """"",,,,,,
txrxaes_rx10name_s1_r1_e1,txrxaes_s1_r1_e1,,text,"Nombre del medicamento:",,,,,,,,y,,,,," @PLACEHOLDER=""(Si no hay más medicamentos que reportar, deje en blanco.)"""
txrxaes_rx10why_s1_r1_e1,txrxaes_s1_r1_e1,,notes,"Razón para tomar el medicamento:",,,,,,,,y,,,,," @PLACEHOLDER=""(Si no hay más medicamentos que reportar, deje en blanco.)"""
txrxaes_rx1024_s1_r1_e1,txrxaes_s1_r1_e1,,dropdown,"Ha tomado el medicamento en las últimas 24 horas?","1, Sí | 0, No",,,,,,,y,,,,,
