"Variable / Field Name","Form Name","Section Header","Field Type","Field Label","Choices, Calculations, OR Slider Labels","Field Note","Text Validation Type OR Show Slider Number","Text Validation Min","Text Validation Max",Identifier?,"Branching Logic (Show field only if...)","Required Field?","Custom Alignment","Question Number (surveys only)","Matrix Group Name","Matrix Ranking?","Field Annotation"
pdsp_i0_s1_r1_e1,pdsp_s1_r1_e1,,radio,"What sex was the child assigned at birth, on the original birth certificate?","1, Male | 2, Female | 3, Intersex-Male | 4, Intersex-Female | 999, Don't know",,,,,,,y,LV,,,,
pdsp_i1_s1_r1_e1,pdsp_s1_r1_e1,,radio,"Would you say that your child's growth in height:","1, Has not yet begun to spurt | 2, Has barely started | 3, Is definitely underway | 4, Seems complete | NA, I don't know",,,,,,,y,LV,,,,
pdsp_i2_s1_r1_e1,pdsp_s1_r1_e1,,radio,"And how about the growth of your child's body hair (""body hair"" means hair any place other than their head, such as under their arms)? Would you say that your child's body hair growth:","1, Has not yet begun to grow | 2, Has barely started to grow | 3, Is definitely underway | 4, Seems complete | NA, I don't know",,,,,,,y,LV,,,,
pdsp_i3_s1_r1_e1,pdsp_s1_r1_e1,,radio,"Have you noticed any changes to their skin, especially pimples?","1, Skin has not yet started changing | 2, Skin has barely started changing | 3, Skin changes are definitely underway | 4, Skin changes seem complete | NA, I don't know",,,,,,,y,LV,,,,
pdsp_i4_s1_r1_e1,pdsp_s1_r1_e1,,radio,"Have you noticed that your child's breasts have begun to grow?","1, Have not yet started growing | 2, Have barely started growing | 3, Breast growth is definitely underway | 4, Breast growth seems complete | NA, I don't know",,,,,,"[pdsp_i0_s1_r1_e1] = '2' or [pdsp_i0_s1_r1_e1] = '4'",y,LV,,,,
pdsp_i5_s1_r1_e1,pdsp_s1_r1_e1,,radio,"Has your child begun to menstruate?","4, Yes | 0, No | 999, I don't know",,,,,,"[pdsp_i0_s1_r1_e1] = '2' or [pdsp_i0_s1_r1_e1] = '4'",y,LV,,,,
pdsp_i6_s1_r1_e1,pdsp_s1_r1_e1,,text,"How old were they when they started to menstruate?",,"(In years.)",integer,1,20,,"[pdsp_i5_s1_r1_e1] = '4'",,LV,,,,
pdsp_i6dk_s1_r1_e1,pdsp_s1_r1_e1,,checkbox,"How old were they when they started to menstruate?","999, I don't know",,,,,,"[pdsp_i5_s1_r1_e1] = '4'",,,,,,
pdsp_i6display_s1_r1_e1,pdsp_s1_r1_e1,,descriptive,"<div class=""rich-text-field-label""><table style=""border-collapse: collapse; width: 75.5305%; border-style: hidden;"" border=""1""> <tbody> <tr> <td style=""width: 72.2316%;"">How old were they when they started to menstruate?</td> <td style=""width: 24.5152%; border-style: hidden;""> <p><span style=""font-weight: normal;"">{pdsp_i6_s1_r1_e1} (In years.)</span></p> <p><span style=""font-weight: normal;"">{pdsp_i6dk_s1_r1_e1}</span></p> </td> </tr> </tbody> </table></div>",,,,,,,"[pdsp_i5_s1_r1_e1] = '4'",,,,,,
pdsp_i7_s1_r1_e1,pdsp_s1_r1_e1,,radio,"Have you noticed a deepening of his voice? ","1, Voice has not yet started changing | 2, Voice has barely started changing | 3, Voice changes are definitely underway | 4, Voice changes seem complete | NA, I don't know",,,,,,"[pdsp_i0_s1_r1_e1] = '1' or [pdsp_i0_s1_r1_e1] = '3'",y,LV,,,,
pdsp_i8_s1_r1_e1,pdsp_s1_r1_e1,,radio,"Has he begun to grow hair on his face?","1, Facial hair has not yet started growing | 2, Facial hair has barely started growing | 3, Facial hair has definitely started | 4, Facial hair growth seems complete | NA, I don't know",,,,,,"[pdsp_i0_s1_r1_e1] = '1' or [pdsp_i0_s1_r1_e1] = '3'",y,LV,,,,
