﻿"Variable / Field Name","Form Name","Section Header","Field Type","Field Label","Choices, Calculations, OR Slider Labels","Field Note","Text Validation Type OR Show Slider Number","Text Validation Min","Text Validation Max",Identifier?,"Branching Logic (Show field only if...)","Required Field?","Custom Alignment","Question Number (surveys only)","Matrix Group Name","Matrix Ranking?","Field Annotation"
texipes_b_i1_s1_r1_e1,texipes_b_s1_r1_e1,,radio,"Tiene dificultades en recordar instrucciones largas.","1, Definitivamente no es cierto | 2, No es cierto | 3, Mas o menos cierto | 4, Cierto | 5, Definitivamente cierto",,,,,,,y,,,texipes_b,,
texipes_b_i2_s1_r1_e1,texipes_b_s1_r1_e1,,radio,"Tiene dificultades en recordar lo que él/ella tiene que hacer en mitad de una actividad.","1, Definitivamente no es cierto | 2, No es cierto | 3, Mas o menos cierto | 4, Cierto | 5, Definitivamente cierto",,,,,,,y,,,texipes_b,,
texipes_b_i3_s1_r1_e1,texipes_b_s1_r1_e1,,radio,"Tiende a hacer cosas sin primero pensar en las consecuencias.","1, Definitivamente no es cierto | 2, No es cierto | 3, Mas o menos cierto | 4, Cierto | 5, Definitivamente cierto",,,,,,,y,,,texipes_b,,
texipes_b_i4_s1_r1_e1,texipes_b_s1_r1_e1,,radio,"Tiene dificultades en acabar una actividad a pesar de que se le ha advertido a él/ella de que esa actividad no esta permitida.","1, Definitivamente no es cierto | 2, No es cierto | 3, Mas o menos cierto | 4, Cierto | 5, Definitivamente cierto",,,,,,,y,,,texipes_b,,
texipes_b_i5_s1_r1_e1,texipes_b_s1_r1_e1,,radio,"Cuando alguien le pide a él/ella hacer varias cosas, él/ella no las recuerda todas.","1, Definitivamente no es cierto | 2, No es cierto | 3, Mas o menos cierto | 4, Cierto | 5, Definitivamente cierto",,,,,,,y,,,texipes_b,,
texipes_b_i6_s1_r1_e1,texipes_b_s1_r1_e1,,radio,"Tiene dificultad en evitar reír o sonreír en situaciones que no son apropiadas.","1, Definitivamente no es cierto | 2, No es cierto | 3, Mas o menos cierto | 4, Cierto | 5, Definitivamente cierto",,,,,,,y,,,texipes_b,,
texipes_b_i7_s1_r1_e1,texipes_b_s1_r1_e1,,radio,"Tiene dificultad en encontrar una nueva solución a un problema cuando él/ella esta bloqueado/a.","1, Definitivamente no es cierto | 2, No es cierto | 3, Mas o menos cierto | 4, Cierto | 5, Definitivamente cierto",,,,,,,y,,,texipes_b,,
texipes_b_i8_s1_r1_e1,texipes_b_s1_r1_e1,,radio,"Cuando alguien le pide que le traiga algo, se le olvida lo que tenia que traer.","1, Definitivamente no es cierto | 2, No es cierto | 3, Mas o menos cierto | 4, Cierto | 5, Definitivamente cierto",,,,,,,y,,,texipes_b,,
texipes_b_i9_s1_r1_e1,texipes_b_s1_r1_e1,,radio,"Encuentra difícil planear cosas (por ejemplo, recordar llevar todo lo necesario para ir a la escuela o cuando se va de viaje).","1, Definitivamente no es cierto | 2, No es cierto | 3, Mas o menos cierto | 4, Cierto | 5, Definitivamente cierto",,,,,,,y,,,texipes_b,,
texipes_b_i10_s1_r1_e1,texipes_b_s1_r1_e1,,radio,"Tiene dificultad para dejar de hacer una actividad que le gusta (por ejemplo, se sienta delante de la computadora/celular, a pesar de que es hora de irse a la cama).","1, Definitivamente no es cierto | 2, No es cierto | 3, Mas o menos cierto | 4, Cierto | 5, Definitivamente cierto",,,,,,,y,,,texipes_b,,
texipes_b_i11_s1_r1_e1,texipes_b_s1_r1_e1,,radio,"Tiene dificultades entendiendo instrucciones a menos que le muestren <i>cómo</i> hacerlas.","1, Definitivamente no es cierto | 2, No es cierto | 3, Mas o menos cierto | 4, Cierto | 5, Definitivamente cierto",,,,,,,y,,,texipes_b,,
texipes_b_i12_s1_r1_e1,texipes_b_s1_r1_e1,,radio,"Tiene dificultad con las labores que incluyen varios pasos que se tienen que completar en un cierto orden.","1, Definitivamente no es cierto | 2, No es cierto | 3, Mas o menos cierto | 4, Cierto | 5, Definitivamente cierto",,,,,,,y,,,texipes_b,,
texipes_b_i13_s1_r1_e1,texipes_b_s1_r1_e1,,radio,"Tiene dificultad en aprender de sus propios errores (por ejemplo, repite los mismos errores una y otra vez).","1, Definitivamente no es cierto | 2, No es cierto | 3, Mas o menos cierto | 4, Cierto | 5, Definitivamente cierto",,,,,,,y,,,texipes_b,,
texipes_b_i14_s1_r1_e1,texipes_b_s1_r1_e1,,radio,"Aparenta ser más ""alocado/a"" que sus compañeros.","1, Definitivamente no es cierto | 2, No es cierto | 3, Mas o menos cierto | 4, Cierto | 5, Definitivamente cierto",,,,,,,y,,,texipes_b,,
texipes_b_i15_s1_r1_e1,texipes_b_s1_r1_e1,,radio,"Tiene dificultad en auto-motivarse para hacer cosas que no le gustan hacer.","1, Definitivamente no es cierto | 2, No es cierto | 3, Mas o menos cierto | 4, Cierto | 5, Definitivamente cierto",,,,,,,y,,,texipes_b,,
texipes_b_i16_s1_r1_e1,texipes_b_s1_r1_e1,,radio,"Tiene dificultad en empezar una labor si se distrae con algo mas divertido (por ejemplo, en vez de empezar sus tareas, utiliza su celular).","1, Definitivamente no es cierto | 2, No es cierto | 3, Mas o menos cierto | 4, Cierto | 5, Definitivamente cierto",,,,,,,y,,,texipes_b,,
texipes_b_i17_s1_r1_e1,texipes_b_s1_r1_e1,,radio,"Le resulta difícil parar una actividad cuando se le pide.","1, Definitivamente no es cierto | 2, No es cierto | 3, Mas o menos cierto | 4, Cierto | 5, Definitivamente cierto",,,,,,,y,,,texipes_b,,
texipes_b_i18_s1_r1_e1,texipes_b_s1_r1_e1,,radio,"Frecuentemente se entusiasma mas en comparación con personas de su edad cuando algo especial ocurre (por ejemplo, fiestas, viajes, cumpleaños, ganar un juego).","1, Definitivamente no es cierto | 2, No es cierto | 3, Mas o menos cierto | 4, Cierto | 5, Definitivamente cierto",,,,,,,y,,,texipes_b,,
texipes_b_i19_s1_r1_e1,texipes_b_s1_r1_e1,,radio,"No termina las labores que ya empezó.","1, Definitivamente no es cierto | 2, No es cierto | 3, Mas o menos cierto | 4, Cierto | 5, Definitivamente cierto",,,,,,,y,,,texipes_b,,
texipes_b_i20_s1_r1_e1,texipes_b_s1_r1_e1,,radio,"Deja las labores para el ultimo momento.","1, Definitivamente no es cierto | 2, No es cierto | 3, Mas o menos cierto | 4, Cierto | 5, Definitivamente cierto",,,,,,,y,,,texipes_b,,
