"Variable / Field Name","Form Name","Section Header","Field Type","Field Label","Choices, Calculations, OR Slider Labels","Field Note","Text Validation Type OR Show Slider Number","Text Validation Min","Text Validation Max",Identifier?,"Branching Logic (Show field only if...)","Required Field?","Custom Alignment","Question Number (surveys only)","Matrix Group Name","Matrix Ranking?","Field Annotation"
covid_b_i1_sub1_s1_r1_e1,covid_b_s1_r1_e1,"Before the pandemic, how would you rate the quality of your relationships and social interactions with:",radio,"Family or close friends?","0, Poor | 1,  | 2,  | 3,  | 4,  | 5, Okay | 6,  | 7,  | 8,  | 9,  | 10, Very good",,,,,,,y,,,precovid_1,,
covid_b_i1_sub2_s1_r1_e1,covid_b_s1_r1_e1,,radio,"Classmates, coworkers, or other acquaintances?","0, Poor | 1,  | 2,  | 3,  | 4,  | 5, Okay | 6,  | 7,  | 8,  | 9,  | 10, Very good",,,,,,,y,,,precovid_1,,
covid_b_i1_sub3_s1_r1_e1,covid_b_s1_r1_e1,,radio,"New people?","0, Poor | 1,  | 2,  | 3,  | 4,  | 5, Okay | 6,  | 7,  | 8,  | 9,  | 10, Very good",,,,,,,y,,,precovid_1,,
covid_b_i2_s1_r1_e1,covid_b_s1_r1_e1,,radio,"Before the pandemic, did you have the ability to engage in live audio/video streaming (via smartphone, computer, tablet, etc.) if you wanted to?","3, Yes, whenever I wanted to | 2, Yes, but sometimes this was not possible | 1, Yes, but access was very intermittent | 0, No",,,,,,,y,,,,,
covid_b_i3_sub1_s1_r1_e1,covid_b_s1_r1_e1,"Before the pandemic, if given the choice, how did you prefer to interact with:",radio,"Family or close friends?","1, Via traditional letter writing or email | 2, Through social media (e.g., Facebook, Twitter, Instagram, TikTok, etc.) | 3, Via text messaging (via a messaging application on the phone or computer) | 4, Through voice calls (e.g., via phone or audio-only streaming device) | 5, Via live audio/video streaming (e.g, via Zoom, Facetime, Skype, etc.) | 6, Via live audio/video streaming (e.g, via Zoom, Facetime, Skype, etc.) but with my video turned off | 7, In person",,,,,,,y,,,precovid_2,,
covid_b_i3_sub2_s1_r1_e1,covid_b_s1_r1_e1,,radio,"Classmates, coworkers, or other acquaintances?","1, Via traditional letter writing or email | 2, Through social media (e.g., Facebook, Twitter, Instagram, TikTok, etc.) | 3, Via text messaging (via a messaging application on the phone or computer) | 4, Through voice calls (e.g., via phone or audio-only streaming device) | 5, Via live audio/video streaming (e.g, via Zoom, Facetime, Skype, etc.) | 6, Via live audio/video streaming (e.g, via Zoom, Facetime, Skype, etc.) but with my video turned off | 7, In person",,,,,,,y,,,precovid_2,,
covid_b_i3_sub3_s1_r1_e1,covid_b_s1_r1_e1,,radio,"New people?","1, Via traditional letter writing or email | 2, Through social media (e.g., Facebook, Twitter, Instagram, TikTok, etc.) | 3, Via text messaging (via a messaging application on the phone or computer) | 4, Through voice calls (e.g., via phone or audio-only streaming device) | 5, Via live audio/video streaming (e.g, via Zoom, Facetime, Skype, etc.) | 6, Via live audio/video streaming (e.g, via Zoom, Facetime, Skype, etc.) but with my video turned off | 7, In person",,,,,,,y,,,precovid_2,,
covid_b_i4_sub1_s1_r1_e1,covid_b_s1_r1_e1,"During the pandemic, how would you rate the quality of your relationships and social interactions with:",radio,"Family or close friends?","0, Poor | 1,  | 2,  | 3,  | 4,  | 5, Okay | 6,  | 7,  | 8,  | 9,  | 10, Very good",,,,,,,y,,,postcovid_1,,
covid_b_i4_sub2_s1_r1_e1,covid_b_s1_r1_e1,,radio,"Classmates, coworkers, or other acquaintances?","0, Poor | 1,  | 2,  | 3,  | 4,  | 5, Okay | 6,  | 7,  | 8,  | 9,  | 10, Very good",,,,,,,y,,,postcovid_1,,
covid_b_i4_sub3_s1_r1_e1,covid_b_s1_r1_e1,,radio,"New people?","0, Poor | 1,  | 2,  | 3,  | 4,  | 5, Okay | 6,  | 7,  | 8,  | 9,  | 10, Very good",,,,,,,y,,,postcovid_1,,
covid_b_i5_s1_r1_e1,covid_b_s1_r1_e1,,radio,"During the pandemic, did you have the ability to engage in live audio/video streaming (via smartphone, computer, tablet, etc.) if you wanted to?","3, Yes, whenever I wanted to | 2, Yes, but sometimes this was not possible | 1, Yes, but access was very intermittent | 0, No",,,,,,,y,,,,,
covid_b_i6_sub1_s1_r1_e1,covid_b_s1_r1_e1,"During the pandemic, if given the choice, how did you prefer to interact with:",radio,"Family or close friends?","1, Via traditional letter writing or email | 2, Through social media (e.g., Facebook, Twitter, Instagram, TikTok, etc.) | 3, Via text messaging (via a messaging application on the phone or computer) | 4, Through voice calls (e.g., via phone or audio-only streaming device) | 5, Via live audio/video streaming (e.g, via Zoom, Facetime, Skype, etc.) | 6, Via live audio/video streaming (e.g, via Zoom, Facetime, Skype, etc.) but with my video turned off | 7, In person",,,,,,,y,,,postcovid_2,,
covid_b_i6_sub2_s1_r1_e1,covid_b_s1_r1_e1,,radio,"Classmates, coworkers, or other acquaintances?","1, Via traditional letter writing or email | 2, Through social media (e.g., Facebook, Twitter, Instagram, TikTok, etc.) | 3, Via text messaging (via a messaging application on the phone or computer) | 4, Through voice calls (e.g., via phone or audio-only streaming device) | 5, Via live audio/video streaming (e.g, via Zoom, Facetime, Skype, etc.) | 6, Via live audio/video streaming (e.g, via Zoom, Facetime, Skype, etc.) but with my video turned off | 7, In person",,,,,,,y,,,postcovid_2,,
covid_b_i6_sub3_s1_r1_e1,covid_b_s1_r1_e1,,radio,"New people?","1, Via traditional letter writing or email | 2, Through social media (e.g., Facebook, Twitter, Instagram, TikTok, etc.) | 3, Via text messaging (via a messaging application on the phone or computer) | 4, Through voice calls (e.g., via phone or audio-only streaming device) | 5, Via live audio/video streaming (e.g, via Zoom, Facetime, Skype, etc.) | 6, Via live audio/video streaming (e.g, via Zoom, Facetime, Skype, etc.) but with my video turned off | 7, In person",,,,,,,y,,,postcovid_2,,
covid_b_i7_sub1_s1_r1_e1,covid_b_s1_r1_e1,"How much (more or less) did you use live audio/video streaming (e.g, via Zoom, Facetime, Skype, etc.) DURING the pandemic than BEFORE to interact with:",radio,"Family or close friends?","0, Much less | 1,  | 2,  | 3,  | 4,  | 5, The same | 6,  | 7,  | 8,  | 9,  | 10, Much more",,,,,,,y,,,postcovid_7,,
covid_b_i7_sub2_s1_r1_e1,covid_b_s1_r1_e1,,radio,"Classmates, coworkers, or other acquaintances?","0, Much less | 1,  | 2,  | 3,  | 4,  | 5, The same | 6,  | 7,  | 8,  | 9,  | 10, Much more",,,,,,,y,,,postcovid_7,,
covid_b_i7_sub3_s1_r1_e1,covid_b_s1_r1_e1,,radio,"New people?","0, Much less | 1,  | 2,  | 3,  | 4,  | 5, The same | 6,  | 7,  | 8,  | 9,  | 10, Much more",,,,,,,y,,,postcovid_7,,
covid_b_i8_sub1_s1_r1_e1,covid_b_s1_r1_e1,"How much (more or less) did you turn off your video/camera when interacting virtually (e.g., via Zoom, FaceTime, Skype, etc.) with the following people DURING the pandemic than BEFORE the pandemic:",radio,"Family or close friends?","0, Much less | 1,  | 2,  | 3,  | 4,  | 5, The same | 6,  | 7,  | 8,  | 9,  | 10, Much more",,,,,,,y,,,postcovid_8,,
covid_b_i8_sub2_s1_r1_e1,covid_b_s1_r1_e1,,radio,"Classmates, coworkers, or other acquaintances?","0, Much less | 1,  | 2,  | 3,  | 4,  | 5, The same | 6,  | 7,  | 8,  | 9,  | 10, Much more",,,,,,,y,,,postcovid_8,,
covid_b_i8_sub3_s1_r1_e1,covid_b_s1_r1_e1,,radio,"New people?","0, Much less | 1,  | 2,  | 3,  | 4,  | 5, The same | 6,  | 7,  | 8,  | 9,  | 10, Much more",,,,,,,y,,,postcovid_8,,
covid_b_i9_sub1_s1_r1_e1,covid_b_s1_r1_e1,"How much (more or less) did you get together in person DURING the pandemic than BEFORE the pandemic with:",radio,"Family or close friends?","0, Much less | 1,  | 2,  | 3,  | 4,  | 5, The same | 6,  | 7,  | 8,  | 9,  | 10, Much more",,,,,,,y,,,postcovid_9,,
covid_b_i9_sub2_s1_r1_e1,covid_b_s1_r1_e1,,radio,"Classmates, coworkers, or other acquaintances?","0, Much less | 1,  | 2,  | 3,  | 4,  | 5, The same | 6,  | 7,  | 8,  | 9,  | 10, Much more",,,,,,,y,,,postcovid_9,,
covid_b_i9_sub3_s1_r1_e1,covid_b_s1_r1_e1,,radio,"New people?","0, Much less | 1,  | 2,  | 3,  | 4,  | 5, The same | 6,  | 7,  | 8,  | 9,  | 10, Much more",,,,,,,y,,,postcovid_9,,
covid_b_i10_sub1_s1_r1_e1,covid_b_s1_r1_e1,,radio,"How much (more or less) did you exercise DURING the pandemic than BEFORE the pandemic?","0, Much less | 1,  | 2,  | 3,  | 4,  | 5, The same | 6,  | 7,  | 8,  | 9,  | 10, Much more",,,,,,,y,,,covid_i21_sub1_s1_r1_e1,,
