﻿"Variable / Field Name","Form Name","Section Header","Field Type","Field Label","Choices, Calculations, OR Slider Labels","Field Note","Text Validation Type OR Show Slider Number","Text Validation Min","Text Validation Max",Identifier?,"Branching Logic (Show field only if...)","Required Field?","Custom Alignment","Question Number (surveys only)","Matrix Group Name","Matrix Ranking?","Field Annotation"
spaipes_i1_s1_r1_e1,spaipes_s1_r1_e1,,radio,"Mi hijo/a se siente asustado/a cuando tiene que unirse a una situación social con un grupo grande de niños y niñas.","0, Nunca o casi nunca | 1, A veces | 2, La mayor parte del tiempo o siempre",,,,,,,y,,,,,
spaipes_i2_s1_r1_e1,spaipes_s1_r1_e1,,radio,"Mi hijo/a se siente asustado/a cuando está con otros niños y niñas o adultos y se convierte en el centro de atención.","0, Nunca o casi nunca | 1, A veces | 2, La mayor parte del tiempo o siempre",,,,,,,y,,,,,
spaipes_i3_s1_r1_e1,spaipes_s1_r1_e1,,radio,"Mi hijo/a se siente asustado/a cuando está con otros niños y niñas o adultos y tiene que hacer algo mientras ellos lo miran (leer en voz alta, jugar un juego, jugar un deporte).","0, Nunca o casi nunca | 1, A veces | 2, La mayor parte del tiempo o siempre",,,,,,,y,,,,,
spaipes_i4_s1_r1_e1,spaipes_s1_r1_e1,,radio,"Mi hijo/a se siente asustado/a cuando tiene que hablar o leer en frente de un grupo de gente.","0, Nunca o casi nunca | 1, A veces | 2, La mayor parte del tiempo o siempre",,,,,,,y,,,,,
spaipes_i5_s1_r1_e1,spaipes_s1_r1_e1,,radio,"Mi hijo/a se siente asustado/a cuando responde preguntas en clase o en reuniones (exploradores, equipo de fútbol) hasta cuando sabe la respuesta.","0, Nunca o casi nunca | 1, A veces | 2, La mayor parte del tiempo o siempre",,,,,,,y,,,,,
spaipes_i6_s1_r1_e1,spaipes_s1_r1_e1,,radio,"Mi hijo/a se siente tan asustado/a en fiestas, bailes, la escuela, o cualquier otro lugar donde van a haber mas de dos otras personas, que el/ella se irá a casa temprano.","0, Nunca o casi nunca | 1, A veces | 2, La mayor parte del tiempo o siempre",,,,,,,y,,,,,
spaipes_i7_s1_r1_e1,spaipes_s1_r1_e1,,radio,"Mi hijo/a se siente asustado/a cuando conoce a nuevos niños/niñas.","0, Nunca o casi nunca | 1, A veces | 2, La mayor parte del tiempo o siempre",,,,,,,y,,,,,
spaipes_i8_s1_r1_e1,spaipes_s1_r1_e1,,radio,"Mi hijo/a tiene mucho miedo de hacer preguntas en clase.","0, Nunca o casi nunca | 1, A veces | 2, La mayor parte del tiempo o siempre",,,,,,,y,,,,,
spaipes_i9_s1_r1_e1,spaipes_s1_r1_e1,"Mi hijo/a se siente asustado/a cuando el/ella está en la cafetería de la escuela con:",radio,"...niños o niñas de su edad que conoce.","0, Nunca o casi nunca | 1, A veces | 2, La mayor parte del tiempo o siempre",,,,,,,y,,,spaipes9,,
spaipes_i10_s1_r1_e1,spaipes_s1_r1_e1,,radio,"...niños o niñas de su edad que no conoce.","0, Nunca o casi nunca | 1, A veces | 2, La mayor parte del tiempo o siempre",,,,,,,y,,,spaipes9,,
spaipes_i11_s1_r1_e1,spaipes_s1_r1_e1,,radio,...adultos.,"0, Nunca o casi nunca | 1, A veces | 2, La mayor parte del tiempo o siempre",,,,,,,y,,,spaipes9,,
spaipes_i12_s1_r1_e1,spaipes_s1_r1_e1,"Si alguien empieza a discutir con mi hijo/a, el/ella se siente asustado/a y no sabe que hacer si la otra persona es:",radio,"...niños o niñas de su edad que conoce.","0, Nunca o casi nunca | 1, A veces | 2, La mayor parte del tiempo o siempre",,,,,,,y,,,spaipes10,,
spaipes_i13_s1_r1_e1,spaipes_s1_r1_e1,,radio,"...niños o niñas de su edad que no conoce.","0, Nunca o casi nunca | 1, A veces | 2, La mayor parte del tiempo o siempre",,,,,,,y,,,spaipes10,,
spaipes_i14_s1_r1_e1,spaipes_s1_r1_e1,,radio,...adultos.,"0, Nunca o casi nunca | 1, A veces | 2, La mayor parte del tiempo o siempre",,,,,,,y,,,spaipes10,,
spaipes_i15_s1_r1_e1,spaipes_s1_r1_e1,"Si alguien le pide a mi hijo/a que haga algo que el/ella no quiere hacer, mi hijo/a se siente asustado/a y no sabe qué hacer si la otras persona es:",radio,"...niños o niñas de su edad que conoce.","0, Nunca o casi nunca | 1, A veces | 2, La mayor parte del tiempo o siempre",,,,,,,y,,,spaipes11,,
spaipes_i16_s1_r1_e1,spaipes_s1_r1_e1,,radio,"...niños o niñas de su edad que no conoce.","0, Nunca o casi nunca | 1, A veces | 2, La mayor parte del tiempo o siempre",,,,,,,y,,,spaipes11,,
spaipes_i17_s1_r1_e1,spaipes_s1_r1_e1,,radio,...adultos.,"0, Nunca o casi nunca | 1, A veces | 2, La mayor parte del tiempo o siempre",,,,,,,y,,,spaipes11,,
spaipes_i18_s1_r1_e1,spaipes_s1_r1_e1,"Mi hijo/a se siente asustado/a y no sabe qué hacer cuando está en una situación penosa con:",radio,"...niños o niñas de su edad que conoce.","0, Nunca o casi nunca | 1, A veces | 2, La mayor parte del tiempo o siempre",,,,,,,y,,,spaipes12,,
spaipes_i19_s1_r1_e1,spaipes_s1_r1_e1,,radio,"...niños o niñas de su edad que no conoce.","0, Nunca o casi nunca | 1, A veces | 2, La mayor parte del tiempo o siempre",,,,,,,y,,,spaipes12,,
spaipes_i20_s1_r1_e1,spaipes_s1_r1_e1,,radio,...adultos.,"0, Nunca o casi nunca | 1, A veces | 2, La mayor parte del tiempo o siempre",,,,,,,y,,,spaipes12,,
spaipes_i21_s1_r1_e1,spaipes_s1_r1_e1,"Si alguien dice algo que mi hijo/a piensa que está equivocado e es malo, mi hijo/s se siente asustado/a diciendo o que piensa si esa persona es:",radio,"...niños o niñas de su edad que conoce.","0, Nunca o casi nunca | 1, A veces | 2, La mayor parte del tiempo o siempre",,,,,,,y,,,spaipes13,,
spaipes_i22_s1_r1_e1,spaipes_s1_r1_e1,,radio,"...niños o niñas de su edad que no conoce.","0, Nunca o casi nunca | 1, A veces | 2, La mayor parte del tiempo o siempre",,,,,,,y,,,spaipes13,,
spaipes_i23_s1_r1_e1,spaipes_s1_r1_e1,,radio,...adultos.,"0, Nunca o casi nunca | 1, A veces | 2, La mayor parte del tiempo o siempre",,,,,,,y,,,spaipes13,,
spaipes_i24_s1_r1_e1,spaipes_s1_r1_e1,"Mi hijo/a se siente asustado/a cuando el/ella empieza a hablar con:",radio,"...niños o niñas de su edad que conoce.","0, Nunca o casi nunca | 1, A veces | 2, La mayor parte del tiempo o siempre",,,,,,,y,,,spaipes14,,
spaipes_i25_s1_r1_e1,spaipes_s1_r1_e1,,radio,"...niños o niñas de su edad que no conoce.","0, Nunca o casi nunca | 1, A veces | 2, La mayor parte del tiempo o siempre",,,,,,,y,,,spaipes14,,
spaipes_i26_s1_r1_e1,spaipes_s1_r1_e1,,radio,...adultos.,"0, Nunca o casi nunca | 1, A veces | 2, La mayor parte del tiempo o siempre",,,,,,,y,,,spaipes14,,
spaipes_i27_s1_r1_e1,spaipes_s1_r1_e1,"Mi hijo/a se siente asustado/a cuando tiene que hablar más que unos minutos con:",radio,"...niños o niñas de su edad que conoce.","0, Nunca o casi nunca | 1, A veces | 2, La mayor parte del tiempo o siempre",,,,,,,y,,,spaipes15,,
spaipes_i28_s1_r1_e1,spaipes_s1_r1_e1,,radio,"...niños o niñas de su edad que no conoce.","0, Nunca o casi nunca | 1, A veces | 2, La mayor parte del tiempo o siempre",,,,,,,y,,,spaipes15,,
spaipes_i29_s1_r1_e1,spaipes_s1_r1_e1,,radio,...adultos.,"0, Nunca o casi nunca | 1, A veces | 2, La mayor parte del tiempo o siempre",,,,,,,y,,,spaipes15,,
spaipes_i30_s1_r1_e1,spaipes_s1_r1_e1,"Mi hijo/a se siente asustado/a hablando (dando un reporte de un libro, leyendo en frente de la clase) delante de:",radio,"...niños o niñas de su edad que conoce.","0, Nunca o casi nunca | 1, A veces | 2, La mayor parte del tiempo o siempre",,,,,,,y,,,spaipes16,,
spaipes_i31_s1_r1_e1,spaipes_s1_r1_e1,,radio,"...niños o niñas de su edad que no conoce.","0, Nunca o casi nunca | 1, A veces | 2, La mayor parte del tiempo o siempre",,,,,,,y,,,spaipes16,,
spaipes_i32_s1_r1_e1,spaipes_s1_r1_e1,,radio,...adultos.,"0, Nunca o casi nunca | 1, A veces | 2, La mayor parte del tiempo o siempre",,,,,,,y,,,spaipes16,,
spaipes_i33_s1_r1_e1,spaipes_s1_r1_e1,"Mi hijo/a se siente asustado/a cuando está en una obra de teatro de la escuela, un coro, un recital de música o danza en frente de:",radio,"...niños o niñas de su edad que conoce.","0, Nunca o casi nunca | 1, A veces | 2, La mayor parte del tiempo o siempre",,,,,,,y,,,spaipes17,,
spaipes_i34_s1_r1_e1,spaipes_s1_r1_e1,,radio,"...niños o niñas de su edad que no conoce.","0, Nunca o casi nunca | 1, A veces | 2, La mayor parte del tiempo o siempre",,,,,,,y,,,spaipes17,,
spaipes_i35_s1_r1_e1,spaipes_s1_r1_e1,,radio,...adultos.,"0, Nunca o casi nunca | 1, A veces | 2, La mayor parte del tiempo o siempre",,,,,,,y,,,spaipes17,,
spaipes_i36_s1_r1_e1,spaipes_s1_r1_e1,"Mi hijo/a se siente asustado/a cuando es ignorado o burlado por:",radio,"...niños o niñas de su edad que conoce.","0, Nunca o casi nunca | 1, A veces | 2, La mayor parte del tiempo o siempre",,,,,,,y,,,spaipes18,,
spaipes_i37_s1_r1_e1,spaipes_s1_r1_e1,,radio,"...niños o niñas de su edad que no conoce.","0, Nunca o casi nunca | 1, A veces | 2, La mayor parte del tiempo o siempre",,,,,,,y,,,spaipes18,,
spaipes_i38_s1_r1_e1,spaipes_s1_r1_e1,,radio,...adultos.,"0, Nunca o casi nunca | 1, A veces | 2, La mayor parte del tiempo o siempre",,,,,,,y,,,spaipes18,,
spaipes_i39_s1_r1_e1,spaipes_s1_r1_e1,"Mi hijo/a trata de evitar situaciones sociales (fiestas, la escuela, jugar con otros) donde hay:",radio,"...niños o niñas de su edad que conoce.","0, Nunca o casi nunca | 1, A veces | 2, La mayor parte del tiempo o siempre",,,,,,,y,,,spaipes19,,
spaipes_i40_s1_r1_e1,spaipes_s1_r1_e1,,radio,"...niños o niñas de su edad que no conoce.","0, Nunca o casi nunca | 1, A veces | 2, La mayor parte del tiempo o siempre",,,,,,,y,,,spaipes19,,
spaipes_i41_s1_r1_e1,spaipes_s1_r1_e1,,radio,...adultos.,"0, Nunca o casi nunca | 1, A veces | 2, La mayor parte del tiempo o siempre",,,,,,,y,,,spaipes19,,
spaipes_i42_s1_r1_e1,spaipes_s1_r1_e1,"Mi hijo/a se sale de situaciones sociales donde hay:",radio,"...niños o niñas de su edad que conoce.","0, Nunca o casi nunca | 1, A veces | 2, La mayor parte del tiempo o siempre",,,,,,,y,,,spaipes20,,
spaipes_i43_s1_r1_e1,spaipes_s1_r1_e1,,radio,"...niños o niñas de su edad que no conoce.","0, Nunca o casi nunca | 1, A veces | 2, La mayor parte del tiempo o siempre",,,,,,,y,,,spaipes20,,
spaipes_i44_s1_r1_e1,spaipes_s1_r1_e1,,radio,...adultos.,"0, Nunca o casi nunca | 1, A veces | 2, La mayor parte del tiempo o siempre",,,,,,,y,,,spaipes20,,
spaipes_i45_s1_r1_e1,spaipes_s1_r1_e1,"Antes de ir a una fiesta o algún lugar con otros, mi hijo/a piensa en lo que podría salir mal. El/ella piensa:",radio,"Cometeré un error y pareceré estúpido/a?","0, Nunca o casi nunca | 1, A veces | 2, La mayor parte del tiempo o siempre",,,,,,,y,,,spaipes21,,
spaipes_i46_s1_r1_e1,spaipes_s1_r1_e1,,radio,"Que pasa si nadie me habla?","0, Nunca o casi nunca | 1, A veces | 2, La mayor parte del tiempo o siempre",,,,,,,y,,,spaipes21,,
spaipes_i47_s1_r1_e1,spaipes_s1_r1_e1,,radio,"Que pasa si alguien me hable y yo no puedo pensar en que decir?","0, Nunca o casi nunca | 1, A veces | 2, La mayor parte del tiempo o siempre",,,,,,,y,,,spaipes21,,
spaipes_i48_s1_r1_e1,spaipes_s1_r1_e1,,radio,"Que pasa si ven que tan asustado estoy?","0, Nunca o casi nunca | 1, A veces | 2, La mayor parte del tiempo o siempre",,,,,,,y,,,spaipes21,,
spaipes_i49_s1_r1_e1,spaipes_s1_r1_e1,,radio,"La voy de mi hijo/a se va o suena rara cuando el/ella está hablando con otros.","0, Nunca o casi nunca | 1, A veces | 2, La mayor parte del tiempo o siempre",,,,,,,y,,,,,
spaipes_i50_s1_r1_e1,spaipes_s1_r1_e1,,radio,"Mi hijo/a normalmente no le habla a nadie hasta que ellos le hablen a el/ella.","0, Nunca o casi nunca | 1, A veces | 2, La mayor parte del tiempo o siempre",,,,,,,y,,,,,
spaipes_i51_s1_r1_e1,spaipes_s1_r1_e1,"Cuando mi hijo/a está con otras personas, el/ella piensa en pensamientos que le dan miedo. A veces piensa:",radio,"Si me equivoco en algo me sentiré muy mal.","0, Nunca o casi nunca | 1, A veces | 2, La mayor parte del tiempo o siempre",,,,,,,y,,,spaipes24,,
spaipes_i52_s1_r1_e1,spaipes_s1_r1_e1,,radio,"Qué están pensando de mi?","0, Nunca o casi nunca | 1, A veces | 2, La mayor parte del tiempo o siempre",,,,,,,y,,,spaipes24,,
spaipes_i53_s1_r1_e1,spaipes_s1_r1_e1,,radio,"Cualquier cosa que diga sonará estúpido.","0, Nunca o casi nunca | 1, A veces | 2, La mayor parte del tiempo o siempre",,,,,,,y,,,spaipes24,,
spaipes_i54_s1_r1_e1,spaipes_s1_r1_e1,"Antes que mi hijo/a vaya a algún lugar (una fiesta, la escuela, juego de fútbol o cualquier lugar donde estará con otros), mi hijo/a:",radio,suda.,"0, Nunca o casi nunca | 1, A veces | 2, La mayor parte del tiempo o siempre",,,,,,,y,,,spaipes25,,
spaipes_i55_s1_r1_e1,spaipes_s1_r1_e1,,radio,"orina frecuentemente.","0, Nunca o casi nunca | 1, A veces | 2, La mayor parte del tiempo o siempre",,,,,,,y,,,spaipes25,,
spaipes_i56_s1_r1_e1,spaipes_s1_r1_e1,,radio,"corazón late rápido.","0, Nunca o casi nunca | 1, A veces | 2, La mayor parte del tiempo o siempre",,,,,,,y,,,spaipes25,,
spaipes_i57_s1_r1_e1,spaipes_s1_r1_e1,,radio,"le da dolor de cabeza o de estómago.","0, Nunca o casi nunca | 1, A veces | 2, La mayor parte del tiempo o siempre",,,,,,,y,,,spaipes25,,
spaipes_i58_s1_r1_e1,spaipes_s1_r1_e1,,radio,"se queja de un estómago ""nervioso"" (""mariposas"").","0, Nunca o casi nunca | 1, A veces | 2, La mayor parte del tiempo o siempre",,,,,,,y,,,spaipes25,,
spaipes_i59_s1_r1_e1,spaipes_s1_r1_e1,"Cuando mi hijo/a esta en algún lugar (una fiesta, la escuela, juego de fútbol o cualquier lugar donde estará con otros), mi hijo/a:",radio,suda.,"0, Nunca o casi nunca | 1, A veces | 2, La mayor parte del tiempo o siempre",,,,,,,y,,,spaipes26,,
spaipes_i60_s1_r1_e1,spaipes_s1_r1_e1,,radio,tiembla.,"0, Nunca o casi nunca | 1, A veces | 2, La mayor parte del tiempo o siempre",,,,,,,y,,,spaipes26,,
spaipes_i61_s1_r1_e1,spaipes_s1_r1_e1,,radio,"orina frecuentemente.","0, Nunca o casi nunca | 1, A veces | 2, La mayor parte del tiempo o siempre",,,,,,,y,,,spaipes26,,
spaipes_i62_s1_r1_e1,spaipes_s1_r1_e1,,radio,"corazón late rápido.","0, Nunca o casi nunca | 1, A veces | 2, La mayor parte del tiempo o siempre",,,,,,,y,,,spaipes26,,
spaipes_i63_s1_r1_e1,spaipes_s1_r1_e1,,radio,"tiene dolor de cabeza o de estómago.","0, Nunca o casi nunca | 1, A veces | 2, La mayor parte del tiempo o siempre",,,,,,,y,,,spaipes26,,
