"Variable / Field Name","Form Name","Section Header","Field Type","Field Label","Choices, Calculations, OR Slider Labels","Field Note","Text Validation Type OR Show Slider Number","Text Validation Min","Text Validation Max",Identifier?,"Branching Logic (Show field only if...)","Required Field?","Custom Alignment","Question Number (surveys only)","Matrix Group Name","Matrix Ranking?","Field Annotation"
ats_i1_s1_r1_e1,ats_s1_r1_e1,"Respond to each of the following statements by selecting an option.  Please be as honest as you can throughout, and try not to let your answer to one item influence your answers to other items.  There are no correct or incorrect answers.  You are simply to express your own personal feelings.  For each statement, indicate how much you agree or disagree with it.",radio,"Compared to other people, I expect a lot from myself.","1, I agree a lot | 2, I agree a little | 3, I'm in the middle--I neither agree nor disagree | 4, I DISagree a little | 5, I DISagree a lot",,,,,,,y,,,ats,,
ats_i2_s1_r1_e1,ats_s1_r1_e1,,radio,"When even one thing goes wrong I begin to wonder if I can do well at anything at all.","1, I agree a lot | 2, I agree a little | 3, I'm in the middle--I neither agree nor disagree | 4, I DISagree a little | 5, I DISagree a lot",,,,,,,y,,,ats,,
ats_i3_s1_r1_e1,ats_s1_r1_e1,,radio,"I get angry with myself if my efforts don't lead to the results I wanted.","1, I agree a lot | 2, I agree a little | 3, I'm in the middle--I neither agree nor disagree | 4, I DISagree a little | 5, I DISagree a lot",,,,,,,y,,,ats,,
ats_i4_s1_r1_e1,ats_s1_r1_e1,,radio,"When it comes to setting standards for my behavior, I aim higher than most people.","1, I agree a lot | 2, I agree a little | 3, I'm in the middle--I neither agree nor disagree | 4, I DISagree a little | 5, I DISagree a lot",,,,,,,y,,,ats,,
ats_i5_s1_r1_e1,ats_s1_r1_e1,,radio,"I hardly ever let unhappiness over one bad time influence my feelings about other parts of my life.","1, I agree a lot | 2, I agree a little | 3, I'm in the middle--I neither agree nor disagree | 4, I DISagree a little | 5, I DISagree a lot",,,,,,,y,,,ats,,
ats_i6_s1_r1_e1,ats_s1_r1_e1,,radio,"When I don't do as well as I hoped to, I often get upset with myself.","1, I agree a lot | 2, I agree a little | 3, I'm in the middle--I neither agree nor disagree | 4, I DISagree a little | 5, I DISagree a lot",,,,,,,y,,,ats,,
ats_i7_s1_r1_e1,ats_s1_r1_e1,,radio,"I set higher goals for myself than other people seem to.","1, I agree a lot | 2, I agree a little | 3, I'm in the middle--I neither agree nor disagree | 4, I DISagree a little | 5, I DISagree a lot",,,,,,,y,,,ats,,
ats_i8_s1_r1_e1,ats_s1_r1_e1,,radio,"If I notice one fault of mine, it makes me think about my other faults.","1, I agree a lot | 2, I agree a little | 3, I'm in the middle--I neither agree nor disagree | 4, I DISagree a little | 5, I DISagree a lot",,,,,,,y,,,ats,,
ats_i9_s1_r1_e1,ats_s1_r1_e1,,radio,"I get unhappy with anything less than what I expected of myself.","1, I agree a lot | 2, I agree a little | 3, I'm in the middle--I neither agree nor disagree | 4, I DISagree a little | 5, I DISagree a lot",,,,,,,y,,,ats,,
ats_i10_s1_r1_e1,ats_s1_r1_e1,,radio,"A single failure can change me from feeling OK to seeing only the bad in myself.","1, I agree a lot | 2, I agree a little | 3, I'm in the middle--I neither agree nor disagree | 4, I DISagree a little | 5, I DISagree a lot",,,,,,,y,,,ats,,
