"Variable / Field Name","Form Name","Section Header","Field Type","Field Label","Choices, Calculations, OR Slider Labels","Field Note","Text Validation Type OR Show Slider Number","Text Validation Min","Text Validation Max",Identifier?,"Branching Logic (Show field only if...)","Required Field?","Custom Alignment","Question Number (surveys only)","Matrix Group Name","Matrix Ranking?","Field Annotation"
sics_i1_s1_r1_e1,sics_s1_r1_e1,,radio,"Respond when called by name","1, Not able to perform even with assistance | 2, Able to perform with two or more verbal prompts | 3, Able to perform with less than two verbal prompts | 4, Able to perform with minimal assistance (Gesture) | 5, Able to perform independently",,,,,,,y,,,sics_s1_r1_e1,,
sics_i2_s1_r1_e1,sics_s1_r1_e1,,radio,"Follow verbal instructions in 1:1 setting","1, Not able to perform even with assistance | 2, Able to perform with two or more verbal prompts | 3, Able to perform with less than two verbal prompts | 4, Able to perform with minimal assistance (Gesture) | 5, Able to perform independently",,,,,,,y,,,sics_s1_r1_e1,,
sics_i3_s1_r1_e1,sics_s1_r1_e1,,radio,"Follow verbal instructions in small group","1, Not able to perform even with assistance | 2, Able to perform with two or more verbal prompts | 3, Able to perform with less than two verbal prompts | 4, Able to perform with minimal assistance (Gesture) | 5, Able to perform independently",,,,,,,y,,,sics_s1_r1_e1,,
sics_i4_s1_r1_e1,sics_s1_r1_e1,,radio,"Appropriately gain attention from others","1, Not able to perform even with assistance | 2, Able to perform with two or more verbal prompts | 3, Able to perform with less than two verbal prompts | 4, Able to perform with minimal assistance (Gesture) | 5, Able to perform independently",,,,,,,y,,,sics_s1_r1_e1,,
sics_i5_s1_r1_e1,sics_s1_r1_e1,,radio,"Ability to take turns in conversation","1, Not able to perform even with assistance | 2, Able to perform with two or more verbal prompts | 3, Able to perform with less than two verbal prompts | 4, Able to perform with minimal assistance (Gesture) | 5, Able to perform independently",,,,,,,y,,,sics_s1_r1_e1,,
sics_i6_s1_r1_e1,sics_s1_r1_e1,,radio,"Ability to initiate conversation","1, Not able to perform even with assistance | 2, Able to perform with two or more verbal prompts | 3, Able to perform with less than two verbal prompts | 4, Able to perform with minimal assistance (Gesture) | 5, Able to perform independently",,,,,,,y,,,sics_s1_r1_e1,,
sics_i7_s1_r1_e1,sics_s1_r1_e1,,radio,"Respond appropriately to praise","1, Not able to perform even with assistance | 2, Able to perform with two or more verbal prompts | 3, Able to perform with less than two verbal prompts | 4, Able to perform with minimal assistance (Gesture) | 5, Able to perform independently",,,,,,,y,,,sics_s1_r1_e1,,
sics_i8_s1_r1_e1,sics_s1_r1_e1,,radio,"Ability to accept supervision","1, Not able to perform even with assistance | 2, Able to perform with two or more verbal prompts | 3, Able to perform with less than two verbal prompts | 4, Able to perform with minimal assistance (Gesture) | 5, Able to perform independently",,,,,,,y,,,sics_s1_r1_e1,,
sics_i9_s1_r1_e1,sics_s1_r1_e1,,radio,"Recognize and respond to non-verbal cues","1, Not able to perform even with assistance | 2, Able to perform with two or more verbal prompts | 3, Able to perform with less than two verbal prompts | 4, Able to perform with minimal assistance (Gesture) | 5, Able to perform independently",,,,,,,y,,,sics_s1_r1_e1,,
sics_i10_s1_r1_e1,sics_s1_r1_e1,,radio,"Give simple instructions to others","1, Not able to perform even with assistance | 2, Able to perform with two or more verbal prompts | 3, Able to perform with less than two verbal prompts | 4, Able to perform with minimal assistance (Gesture) | 5, Able to perform independently",,,,,,,y,,,sics_s1_r1_e1,,
sics_i11_s1_r1_e1,sics_s1_r1_e1,,radio,"Ability to consistently communicate needs/wants","1, Not able to perform even with assistance | 2, Able to perform with two or more verbal prompts | 3, Able to perform with less than two verbal prompts | 4, Able to perform with minimal assistance (Gesture) | 5, Able to perform independently",,,,,,,y,,,sics_s1_r1_e1,,
sics_i12_s1_r1_e1,sics_s1_r1_e1,,radio,"Ability to solve basic social problems","1, Not able to perform even with assistance | 2, Able to perform with two or more verbal prompts | 3, Able to perform with less than two verbal prompts | 4, Able to perform with minimal assistance (Gesture) | 5, Able to perform independently",,,,,,,y,,,sics_s1_r1_e1,,
sics_i13_s1_r1_e1,sics_s1_r1_e1,,radio,"Ability to ask for help/assistance","1, Not able to perform even with assistance | 2, Able to perform with two or more verbal prompts | 3, Able to perform with less than two verbal prompts | 4, Able to perform with minimal assistance (Gesture) | 5, Able to perform independently",,,,,,,y,,,sics_s1_r1_e1,,
sics_i14_s1_r1_e1,sics_s1_r1_e1,,radio,"Ability to follow simple visual instructions","1, Not able to perform even with assistance | 2, Able to perform with two or more verbal prompts | 3, Able to perform with less than two verbal prompts | 4, Able to perform with minimal assistance (Gesture) | 5, Able to perform independently",,,,,,,y,,,sics_s1_r1_e1,,
sics_i15_s1_r1_e1,sics_s1_r1_e1,,radio,"Ability to work as part of a team","1, Not able to perform even with assistance | 2, Able to perform with two or more verbal prompts | 3, Able to perform with less than two verbal prompts | 4, Able to perform with minimal assistance (Gesture) | 5, Able to perform independently",,,,,,,y,,,sics_s1_r1_e1,,
sics_i16_s1_r1_e1,sics_s1_r1_e1,,radio,"Ability to express lack of understanding or ask questions when appropriate","1, Not able to perform even with assistance | 2, Able to perform with two or more verbal prompts | 3, Able to perform with less than two verbal prompts | 4, Able to perform with minimal assistance (Gesture) | 5, Able to perform independently",,,,,,,y,,,sics_s1_r1_e1,,
sics_i17_s1_r1_e1,sics_s1_r1_e1,,radio,"Ability to request a break when needed","1, Not able to perform even with assistance | 2, Able to perform with two or more verbal prompts | 3, Able to perform with less than two verbal prompts | 4, Able to perform with minimal assistance (Gesture) | 5, Able to perform independently",,,,,,,y,,,sics_s1_r1_e1,,
sics_i18_s1_r1_e1,sics_s1_r1_e1,,radio,"Respond appropriately to criticism/correction","1, Not able to perform even with assistance | 2, Able to perform with two or more verbal prompts | 3, Able to perform with less than two verbal prompts | 4, Able to perform with minimal assistance (Gesture) | 5, Able to perform independently",,,,,,,y,,,sics_s1_r1_e1,,
sics_i19_s1_r1_e1,sics_s1_r1_e1,,radio,"Follow social cues in a group","1, Not able to perform even with assistance | 2, Able to perform with two or more verbal prompts | 3, Able to perform with less than two verbal prompts | 4, Able to perform with minimal assistance (Gesture) | 5, Able to perform independently",,,,,,,y,,,sics_s1_r1_e1,,
sics_i20_s1_r1_e1,sics_s1_r1_e1,,radio,"Ability to learn a task through modeling","1, Not able to perform even with assistance | 2, Able to perform with two or more verbal prompts | 3, Able to perform with less than two verbal prompts | 4, Able to perform with minimal assistance (Gesture) | 5, Able to perform independently",,,,,,,y,,,sics_s1_r1_e1,,
