"Variable / Field Name","Form Name","Section Header","Field Type","Field Label","Choices, Calculations, OR Slider Labels","Field Note","Text Validation Type OR Show Slider Number","Text Validation Min","Text Validation Max",Identifier?,"Branching Logic (Show field only if...)","Required Field?","Custom Alignment","Question Number (surveys only)","Matrix Group Name","Matrix Ranking?","Field Annotation"
fpep_i1_s1_r1_e1,fpep_s1_r1_e1,,radio,"My child is uncomfortable exhibiting their talents to others, even if they think their talents will impress them.","0, Not at all True | 1,  | 2,  | 3,  | 4, Somewhat True | 5,  | 6,  | 7,  | 8,  | 9, Very True",,,,,,,y,,,fpep,,
fpep_i2_s1_r1_e1,fpep_s1_r1_e1,,radio,"It would make my child anxious to receive a compliment from someone that they were attracted to.","0, Not at all True | 1,  | 2,  | 3,  | 4, Somewhat True | 5,  | 6,  | 7,  | 8,  | 9, Very True",,,,,,,y,,,fpep,,
fpep_i3_s1_r1_e1,fpep_s1_r1_e1,,radio,"My child tries to choose clothes that will give people little impression of what they are like.","0, Not at all True | 1,  | 2,  | 3,  | 4, Somewhat True | 5,  | 6,  | 7,  | 8,  | 9, Very True",,,,,,,y,,,fpep,,
fpep_i4_s1_r1_e1,fpep_s1_r1_e1,,radio,"My child feels uneasy when they receive praise from authority figures.","0, Not at all True | 1,  | 2,  | 3,  | 4, Somewhat True | 5,  | 6,  | 7,  | 8,  | 9, Very True",,,,,,,y,,,fpep,,
fpep_i5_s1_r1_e1,fpep_s1_r1_e1,,radio,"If my child has something to say that they think a group will find interesting, they typically say it.","0, Not at all True | 1,  | 2,  | 3,  | 4, Somewhat True | 5,  | 6,  | 7,  | 8,  | 9, Very True",,,,,,,y,,,fpep,,
fpep_i6_s1_r1_e1,fpep_s1_r1_e1,,radio,"My child would rather receive a compliment from someone when they were alone with that person than when in the presence of others.","0, Not at all True | 1,  | 2,  | 3,  | 4, Somewhat True | 5,  | 6,  | 7,  | 8,  | 9, Very True",,,,,,,y,,,fpep,,
fpep_i7_s1_r1_e1,fpep_s1_r1_e1,,radio,"If my child was doing something well in front of others, they would wonder whether they were doing ''too well.''","0, Not at all True | 1,  | 2,  | 3,  | 4, Somewhat True | 5,  | 6,  | 7,  | 8,  | 9, Very True",,,,,,,y,,,fpep,,
fpep_i8_s1_r1_e1,fpep_s1_r1_e1,,radio,"My child generally feels uncomfortable when people give them compliments.","0, Not at all True | 1,  | 2,  | 3,  | 4, Somewhat True | 5,  | 6,  | 7,  | 8,  | 9, Very True",,,,,,,y,,,fpep,,
fpep_i9_s1_r1_e1,fpep_s1_r1_e1,,radio,"My child doesn't like to be noticed when they are in public places, even if they feel as though they are being admired.","0, Not at all True | 1,  | 2,  | 3,  | 4, Somewhat True | 5,  | 6,  | 7,  | 8,  | 9, Very True",,,,,,,y,,,fpep,,
fpep_i10_s1_r1_e1,fpep_s1_r1_e1,,radio,"My child often feels under-appreciated, and wishes people would comment more on their positive qualities.","0, Not at all True | 1,  | 2,  | 3,  | 4, Somewhat True | 5,  | 6,  | 7,  | 8,  | 9, Very True",,,,,,,y,,,fpep,,
