"Variable / Field Name","Form Name","Section Header","Field Type","Field Label","Choices, Calculations, OR Slider Labels","Field Note","Text Validation Type OR Show Slider Number","Text Validation Min","Text Validation Max",Identifier?,"Branching Logic (Show field only if...)","Required Field?","Custom Alignment","Question Number (surveys only)","Matrix Group Name","Matrix Ranking?","Field Annotation"
edshvsp_i1_s1_r1_e1,edshvsp_s1_r1_e1,"In your child's day-to-day life how often have any of the following things happened to them?",radio,"Your child is treated with less courtesy or respect than other people.","5, Almost everyday | 4, At least once a week | 3, A few times a month | 2, A few times a year | 1, Less than once a year | 0, Never",,,,,,,y,,,edsp_be1e2d,,
edshvsp_i2_s1_r1_e1,edshvsp_s1_r1_e1,,radio,"Your child receives poorer service than other people at restaurants or stores.","5, Almost everyday | 4, At least once a week | 3, A few times a month | 2, A few times a year | 1, Less than once a year | 0, Never",,,,,,,y,,,edsp_be1e2d,,
edshvsp_i3_s1_r1_e1,edshvsp_s1_r1_e1,,radio,"People act as if they think your child is not smart.","5, Almost everyday | 4, At least once a week | 3, A few times a month | 2, A few times a year | 1, Less than once a year | 0, Never",,,,,,,y,,,edsp_be1e2d,,
edshvsp_i4_s1_r1_e1,edshvsp_s1_r1_e1,,radio,"People act as if they are afraid of your child.","5, Almost everyday | 4, At least once a week | 3, A few times a month | 2, A few times a year | 1, Less than once a year | 0, Never",,,,,,,y,,,edsp_be1e2d,,
edshvsp_i5_s1_r1_e1,edshvsp_s1_r1_e1,,radio,"Your child is threatened or harassed.","5, Almost everyday | 4, At least once a week | 3, A few times a month | 2, A few times a year | 1, Less than once a year | 0, Never",,,,,,,y,,,edsp_be1e2d,,
edshvsp_i6_s1_r1_e1,edshvsp_s1_r1_e1,,checkbox,"If you answered ""A few times a year"" or more frequently to at least one question above:

What do you think is the main reason for these experiences? (Check all that apply)","1, Your child's ancestry or national origins | 2, Your child's gender | 3, Your child's race | 4, Your child's age | 5, Your child's religion | 6, Your child's height | 7, Your child's weight | 8, Some other aspect of your child's physical appearance | 9, Your child's sexual orientation | 10, Your family's education or income level | 11, A physical disability | 12, Your child's shade of skin color | 13, Other (SPECIFY)",,,,,,,,,,,,
edshvsp_i7_s1_r1_e1,edshvsp_s1_r1_e1,,notes,,,,,,,,"[edshvsp_i6_s1_r1_e1(13)] = '1'",y,,,,,
edshvsp_i8_s1_r1_e1,edshvsp_s1_r1_e1,"In dealing with these day-to-day experiences that you just told me about, how often does your child:",radio,"Think in advance about the kinds of problems they are likely to experience?","4, Very often | 3, Fairly often | 2, Not too often | 1, Hardly ever | 0, Never",,,,,,,y,,,hvsp_445701,,
edshvsp_i9_s1_r1_e1,edshvsp_s1_r1_e1,,radio,"Try to prepare for possible insults before leaving home?","4, Very often | 3, Fairly often | 2, Not too often | 1, Hardly ever | 0, Never",,,,,,,y,,,hvsp_445701,,
edshvsp_i10_s1_r1_e1,edshvsp_s1_r1_e1,,radio,"Feel that they always have to be very careful about their appearance to get good service or avoid being harassed?","4, Very often | 3, Fairly often | 2, Not too often | 1, Hardly ever | 0, Never",,,,,,,y,,,hvsp_445701,,
edshvsp_i11_s1_r1_e1,edshvsp_s1_r1_e1,,radio,"Carefully watch what they say and how they say it?","4, Very often | 3, Fairly often | 2, Not too often | 1, Hardly ever | 0, Never",,,,,,,y,,,hvsp_445701,,
edshvsp_i12_s1_r1_e1,edshvsp_s1_r1_e1,,radio,"Carefully observe what happens around them?","4, Very often | 3, Fairly often | 2, Not too often | 1, Hardly ever | 0, Never",,,,,,,y,,,hvsp_445701,,
edshvsp_i13_s1_r1_e1,edshvsp_s1_r1_e1,,radio,"Try to avoid certain social situations and places?","4, Very often | 3, Fairly often | 2, Not too often | 1, Hardly ever | 0, Never",,,,,,,y,,,hvsp_445701,,
