﻿"Variable / Field Name","Form Name","Section Header","Field Type","Field Label","Choices, Calculations, OR Slider Labels","Field Note","Text Validation Type OR Show Slider Number","Text Validation Min","Text Validation Max",Identifier?,"Branching Logic (Show field only if...)","Required Field?","Custom Alignment","Question Number (surveys only)","Matrix Group Name","Matrix Ranking?","Field Annotation"
bfnepes_b_i1_s1_r1_e1,bfnepes_b_s1_r1_e1,,radio,"Mi hijo/a se preocupa por lo que otras personas pensarán de él/ella, incluso cuando sabe que no hace ninguna diferencia.","1, No es característico de mi hijo/a en absoluto | 2, Caracteriza un poco a mi hijo/a | 3, Caracteriza en algo a mi hijo/a | 4, Muy característico de mi hijo/a | 5, Caracteriza completamente a mi hijo/a",,,,,,,y,,,bfnepes,,
bfnepes_b_i2_s1_r1_e1,bfnepes_b_s1_r1_e1,,radio,"A mi hijo/a le molesta cuando la gente crea una impresión desfavorable de él/ella.","1, No es característico de mi hijo/a en absoluto | 2, Caracteriza un poco a mi hijo/a | 3, Caracteriza en algo a mi hijo/a | 4, Muy característico de mi hijo/a | 5, Caracteriza completamente a mi hijo/a",,,,,,,y,,,bfnepes,,
bfnepes_b_i3_s1_r1_e1,bfnepes_b_s1_r1_e1,,radio,"Mi hijo/a con frecuencia tiene miedo de que otras personas se den cuenta de sus deficiencias.","1, No es característico de mi hijo/a en absoluto | 2, Caracteriza un poco a mi hijo/a | 3, Caracteriza en algo a mi hijo/a | 4, Muy característico de mi hijo/a | 5, Caracteriza completamente a mi hijo/a",,,,,,,y,,,bfnepes,,
bfnepes_b_i4_s1_r1_e1,bfnepes_b_s1_r1_e1,,radio,"Mi hijo/a se preocupa por la clase de impresión que causa en las personas.","1, No es característico de mi hijo/a en absoluto | 2, Caracteriza un poco a mi hijo/a | 3, Caracteriza en algo a mi hijo/a | 4, Muy característico de mi hijo/a | 5, Caracteriza completamente a mi hijo/a",,,,,,,y,,,bfnepes,,
bfnepes_b_i5_s1_r1_e1,bfnepes_b_s1_r1_e1,,radio,"Mi hijo/a tiene miedo de que los demás no lo aprueben.","1, No es característico de mi hijo/a en absoluto | 2, Caracteriza un poco a mi hijo/a | 3, Caracteriza en algo a mi hijo/a | 4, Muy característico de mi hijo/a | 5, Caracteriza completamente a mi hijo/a",,,,,,,y,,,bfnepes,,
bfnepes_b_i6_s1_r1_e1,bfnepes_b_s1_r1_e1,,radio,"Mi hijo/a tiene miedo de que otras personas le encuentren defectos.","1, No es característico de mi hijo/a en absoluto | 2, Caracteriza un poco a mi hijo/a | 3, Caracteriza en algo a mi hijo/a | 4, Muy característico de mi hijo/a | 5, Caracteriza completamente a mi hijo/a",,,,,,,y,,,bfnepes,,
bfnepes_b_i7_s1_r1_e1,bfnepes_b_s1_r1_e1,,radio,"A mi hijo/a le preocupa la opinión de los demás sobre él/ella.","1, No es característico de mi hijo/a en absoluto | 2, Caracteriza un poco a mi hijo/a | 3, Caracteriza en algo a mi hijo/a | 4, Muy característico de mi hijo/a | 5, Caracteriza completamente a mi hijo/a",,,,,,,y,,,bfnepes,,
bfnepes_b_i8_s1_r1_e1,bfnepes_b_s1_r1_e1,,radio,"Cuando mi hijo/a está hablando con alguien, se preocupa por lo que esa persona pueda estar pensando sobre él/ella.","1, No es característico de mi hijo/a en absoluto | 2, Caracteriza un poco a mi hijo/a | 3, Caracteriza en algo a mi hijo/a | 4, Muy característico de mi hijo/a | 5, Caracteriza completamente a mi hijo/a",,,,,,,y,,,bfnepes,,
bfnepes_b_i9_s1_r1_e1,bfnepes_b_s1_r1_e1,,radio,"Mi hijo/a usualmente se preocupa por el tipo de impresión que causa.","1, No es característico de mi hijo/a en absoluto | 2, Caracteriza un poco a mi hijo/a | 3, Caracteriza en algo a mi hijo/a | 4, Muy característico de mi hijo/a | 5, Caracteriza completamente a mi hijo/a",,,,,,,y,,,bfnepes,,
bfnepes_b_i10_s1_r1_e1,bfnepes_b_s1_r1_e1,,radio,"Si mi hijo/a sabe que alguien lo está juzgando, tiende a molestarlo/a.","1, No es característico de mi hijo/a en absoluto | 2, Caracteriza un poco a mi hijo/a | 3, Caracteriza en algo a mi hijo/a | 4, Muy característico de mi hijo/a | 5, Caracteriza completamente a mi hijo/a",,,,,,,y,,,bfnepes,,
bfnepes_b_i11_s1_r1_e1,bfnepes_b_s1_r1_e1,,radio,"A veces, mi hijo/a piensa que está demasiado preocupado por lo que otras personas piensan de él/ella.","1, No es característico de mi hijo/a en absoluto | 2, Caracteriza un poco a mi hijo/a | 3, Caracteriza en algo a mi hijo/a | 4, Muy característico de mi hijo/a | 5, Caracteriza completamente a mi hijo/a",,,,,,,y,,,bfnepes,,
bfnepes_b_i12_s1_r1_e1,bfnepes_b_s1_r1_e1,,radio,"Mi hijo/a se preocupa de que diga o haga las cosas incorrectas.","1, No es característico de mi hijo/a en absoluto | 2, Caracteriza un poco a mi hijo/a | 3, Caracteriza en algo a mi hijo/a | 4, Muy característico de mi hijo/a | 5, Caracteriza completamente a mi hijo/a",,,,,,,y,,,bfnepes,,
