"Variable / Field Name","Form Name","Section Header","Field Type","Field Label","Choices, Calculations, OR Slider Labels","Field Note","Text Validation Type OR Show Slider Number","Text Validation Min","Text Validation Max",Identifier?,"Branching Logic (Show field only if...)","Required Field?","Custom Alignment","Question Number (surveys only)","Matrix Group Name","Matrix Ranking?","Field Annotation"
eisbp_i1_s1_r1_e1,eisbp_s1_r1_e1,,radio,"My child is clear about what their ethnicity means to them.","1, Does not describe my child at all | 2, Describes my child a little | 3, Describes my child well | 4, Describes my child very well",,,,,,,y,,,eisbp_s1_r1_e1,,
eisbp_i2_s1_r1_e1,eisbp_s1_r1_e1,,radio,"My child has attended events that have helped them learn more about their ethnicity.","1, Does not describe my child at all | 2, Describes my child a little | 3, Describes my child well | 4, Describes my child very well",,,,,,,y,,,eisbp_s1_r1_e1,,
eisbp_i3_s1_r1_e1,eisbp_s1_r1_e1,,radio,"My child has read books/magazines/newspapers or other materials that have taught them about their ethnicity.","1, Does not describe my child at all | 2, Describes my child a little | 3, Describes my child well | 4, Describes my child very well",,,,,,,y,,,eisbp_s1_r1_e1,,
eisbp_i4_s1_r1_e1,eisbp_s1_r1_e1,,radio,"My child feels negatively about their ethnicity.","1, Does not describe my child at all | 2, Describes my child a little | 3, Describes my child well | 4, Describes my child very well",,,,,,,y,,,eisbp_s1_r1_e1,,
eisbp_i5_s1_r1_e1,eisbp_s1_r1_e1,,radio,"My child wishes that they were of a different ethnicity.","1, Does not describe my child at all | 2, Describes my child a little | 3, Describes my child well | 4, Describes my child very well",,,,,,,y,,,eisbp_s1_r1_e1,,
eisbp_i6_s1_r1_e1,eisbp_s1_r1_e1,,radio,"My child knows what their ethnicity means to them.","1, Does not describe my child at all | 2, Describes my child a little | 3, Describes my child well | 4, Describes my child very well",,,,,,,y,,,eisbp_s1_r1_e1,,
eisbp_i7_s1_r1_e1,eisbp_s1_r1_e1,,radio,"My child has participated in activities that have taught them about their ethnicity.","1, Does not describe my child at all | 2, Describes my child a little | 3, Describes my child well | 4, Describes my child very well",,,,,,,y,,,eisbp_s1_r1_e1,,
eisbp_i8_s1_r1_e1,eisbp_s1_r1_e1,,radio,"My child dislikes their ethnicity.","1, Does not describe my child at all | 2, Describes my child a little | 3, Describes my child well | 4, Describes my child very well",,,,,,,y,,,eisbp_s1_r1_e1,,
eisbp_i9_s1_r1_e1,eisbp_s1_r1_e1,,radio,"My child has a clear sense of what their ethnicity means to them.","1, Does not describe my child at all | 2, Describes my child a little | 3, Describes my child well | 4, Describes my child very well",,,,,,,y,,,eisbp_s1_r1_e1,,
