"Variable / Field Name","Form Name","Section Header","Field Type","Field Label","Choices, Calculations, OR Slider Labels","Field Note","Text Validation Type OR Show Slider Number","Text Validation Min","Text Validation Max",Identifier?,"Branching Logic (Show field only if...)","Required Field?","Custom Alignment","Question Number (surveys only)","Matrix Group Name","Matrix Ranking?","Field Annotation"
thq_i1_s1_r1_e1,thq_s1_r1_e1,"Crime-Related Events",yesno,"<div class=""rich-text-field-label""><p>Has anyone ever tried to take something directly from you by using force or the threat of force, such as a stick-up or mugging?</p></div>",,,,,,,,,,,,,
thq_i1_sub1_s1_r1_e1,thq_s1_r1_e1,,text,"<div class=""rich-text-field-label""><p>Number of times</p></div>",,,,,,,"[thq_i1_s1_r1_e1] = '1'",,,,,,
thq_i1_sub2_s1_r1_e1,thq_s1_r1_e1,,text,"<div class=""rich-text-field-label""><p>Approximate age(s)</p></div>",,,,,,,"[thq_i1_s1_r1_e1] = '1'",,,,,,
thq_i2_s1_r1_e1,thq_s1_r1_e1,,yesno,"Has anyone ever attempted to rob you or actually robbed you (i.e., stolen your personal belongings)?",,,,,,,,,,,,,
thq_i2_sub1_s1_r1_e1,thq_s1_r1_e1,,text,"<div class=""rich-text-field-label""><p>Number of times</p></div>",,,,,,,"[thq_i2_s1_r1_e1] = '1'",,,,,,
thq_i2_sub2_s1_r1_e1,thq_s1_r1_e1,,text,"<div class=""rich-text-field-label""><p>Approximate age(s)</p></div>",,,,,,,"[thq_i2_s1_r1_e1] = '1'",,,,,,
thq_i3_s1_r1_e1,thq_s1_r1_e1,,yesno,"<div class=""rich-text-field-label""><p>Has anyone ever attempted to or succeeded in breaking into your home when you were <span style=""text-decoration: underline;"">not</span> there?</p></div>",,,,,,,,,,,,,
thq_i3_sub1_s1_r1_e1,thq_s1_r1_e1,,text,"<div class=""rich-text-field-label""><p>Number of times</p></div>",,,,,,,"[thq_i3_s1_r1_e1] = '1'",,,,,,
thq_i3_sub2_s1_r1_e1,thq_s1_r1_e1,,text,"<div class=""rich-text-field-label""><p>Approximate age(s)</p></div>",,,,,,,"[thq_i3_s1_r1_e1] = '1'",,,,,,
thq_i4_s1_r1_e1,thq_s1_r1_e1,,yesno,"<div class=""rich-text-field-label""><p>Has anyone ever attempted to or succeeded in breaking into your home while you <span style=""text-decoration: underline;"">were</span> there?</p></div>",,,,,,,,,,,,,
thq_i4_sub1_s1_r1_e1,thq_s1_r1_e1,,text,"<div class=""rich-text-field-label""><p>Number of times</p></div>",,,,,,,"[thq_i4_s1_r1_e1] = '1'",,,,,,
thq_i4_sub2_s1_r1_e1,thq_s1_r1_e1,,text,"<div class=""rich-text-field-label""><p>Approximate age(s)</p></div>",,,,,,,"[thq_i4_s1_r1_e1] = '1'",,,,,,
thq_i5_s1_r1_e1,thq_s1_r1_e1,"General Disaster and Trauma",yesno,"Have you ever had a serious accident at work, in a car, or somewhere else?",,,,,,,,,,,,,
thq_i5_sub1_s1_r1_e1,thq_s1_r1_e1,,notes,"Please specify where:",,,,,,,"[thq_i5_s1_r1_e1] = '1'",,,,,,
thq_i5_sub2_s1_r1_e1,thq_s1_r1_e1,,text,"Number of times",,,,,,,"[thq_i5_s1_r1_e1] = '1'",,RH,,,,
thq_i5_sub3_s1_r1_e1,thq_s1_r1_e1,,text,"Approximate age(s)",,,,,,,"[thq_i5_s1_r1_e1] = '1'",,,,,,
thq_i6_s1_r1_e1,thq_s1_r1_e1,,yesno,"Have you ever experienced a natural disaster such as a tornado, hurricane, flood or major earthquake, etc., where you felt you or your loved ones were in danger of death or injury? ",,,,,,,,,,,,,
thq_i6_sub1_s1_r1_e1,thq_s1_r1_e1,,notes,"Please specify where:",,,,,,,"[thq_i6_s1_r1_e1] = '1'",,,,,,
thq_i6_sub2_s1_r1_e1,thq_s1_r1_e1,,text,"Number of times",,,,,,,"[thq_i6_s1_r1_e1] = '1'",,RH,,,,
thq_i6_sub3_s1_r1_e1,thq_s1_r1_e1,,text,"Approximate age(s)",,,,,,,"[thq_i6_s1_r1_e1] = '1'",,,,,,
thq_i7_s1_r1_e1,thq_s1_r1_e1,,yesno,"Have you ever experienced a ""man-made"" disaster such as a train crash, building collapse, bank robbery, fire, etc., where you felt you or your loved ones were in danger of death or injury?",,,,,,,,,,,,,
thq_i7_sub1_s1_r1_e2,thq_s1_r1_e1,,notes,"Please specify where:",,,,,,,"[thq_i7_s1_r1_e1] = '1'",,,,,,
thq_i7_sub2_s1_r1_e1,thq_s1_r1_e1,,text,"Number of times",,,,,,,"[thq_i7_s1_r1_e1] = '1'",,,,,,
thq_i7_sub3_s1_r1_e1,thq_s1_r1_e1,,text,"Approximate age(s)",,,,,,,"[thq_i7_s1_r1_e1] = '1'",,,,,,
thq_i8_s1_r1_e1,thq_s1_r1_e1,,yesno,"Have you ever been exposed to dangerous chemicals or radioactivity that might threaten your health?",,,,,,,,,,,,,
thq_i8_sub1_s1_r1_e1,thq_s1_r1_e1,,text,"Number of times",,,,,,,"[thq_i8_s1_r1_e1] = '1'",,,,,,
thq_i8_sub2_s1_r1_e1,thq_s1_r1_e1,,text,"Approximate age(s)",,,,,,,"[thq_i8_s1_r1_e1] = '1'",,,,,,
thq_i9_s1_r1_e1,thq_s1_r1_e1,,yesno,"Have you ever been in any other situation in which you were seriously injured?",,,,,,,,,,,,,
thq_i9_sub1_s1_r1_e1,thq_s1_r1_e1,,notes,"Please specify:",,,,,,,"[thq_i9_s1_r1_e1] = '1'",,RH,,,,
thq_i9_sub2_s1_r1_e1,thq_s1_r1_e1,,text,"Number of times",,,,,,,"[thq_i9_s1_r1_e1] = '1'",,,,,,
thq_i9_sub3_s1_r1_e1,thq_s1_r1_e1,,text,"Approximate age(s)",,,,,,,"[thq_i9_s1_r1_e1] = '1'",,,,,,
thq_i10_s1_r1_e1,thq_s1_r1_e1,,yesno,"<div class=""rich-text-field-label""><p>Have you ever been in any other situation in which you feared you <span style=""text-decoration: underline;"">might</span> be killed or seriously injured?</p></div>",,,,,,,,,,,,,
thq_i10_sub1_s1_r1_e1,thq_s1_r1_e1,,notes,"Please specify:",,,,,,,"[thq_i10_s1_r1_e1] = '1'",,,,,,
thq_i10_sub2_s1_r1_e1,thq_s1_r1_e1,,text,"Number of times",,,,,,,"[thq_i10_s1_r1_e1] = '1'",,,,,,
thq_i10_sub3_s1_r1_e1,thq_s1_r1_e1,,text,"Approximate age(s)",,,,,,,"[thq_i10_s1_r1_e1] = '1'",,,,,,
thq_i11_s1_r1_e1,thq_s1_r1_e1,,yesno,"Have you ever seen someone seriously injured or killed?",,,,,,,,,,,,,
thq_i11_sub1_s1_r1_e1,thq_s1_r1_e1,,notes,"Please specify who:",,,,,,,"[thq_i11_s1_r1_e1] = '1'",,RH,,,,
thq_i11_sub2_s1_r1_e1,thq_s1_r1_e1,,text,"Number of times",,,,,,,"[thq_i11_s1_r1_e1] = '1'",,,,,,
thq_i11_sub3_s1_r1_e1,thq_s1_r1_e1,,text,"Approximate age(s)",,,,,,,"[thq_i11_s1_r1_e1] = '1'",,,,,,
thq_i12_s1_r1_e1,thq_s1_r1_e1,,yesno,"Have you ever seen dead bodies (other than at a funeral) or had to handle dead bodies for any reason?",,,,,,,,,,,,,
thq_i12_sub1_s1_r1_e1,thq_s1_r1_e1,,notes,"Please specify:",,,,,,,"[thq_i12_s1_r1_e1] = '1'",,RH,,,,
thq_i12_sub2_s1_r1_e1,thq_s1_r1_e1,,text,"Number of times",,,,,,,"[thq_i12_s1_r1_e1] = '1'",,,,,,
thq_i12_sub3_s1_r1_e1,thq_s1_r1_e1,,text,"Approximate age(s)",,,,,,,"[thq_i12_s1_r1_e1] = '1'",,,,,,
thq_i13_s1_r1_e1,thq_s1_r1_e1,,yesno,"Have you ever had a close friend or family member murdered, or killed by a drunk driver?",,,,,,,,,,,,,
thq_i13_sub1_s1_r1_e1,thq_s1_r1_e1,,notes,"Please specify relationship (e.g., mother, grandson, etc.):",,,,,,,"[thq_i13_s1_r1_e1] = '1'",,RH,,,,
thq_i13_sub2_s1_r1_e1,thq_s1_r1_e1,,text,"Number of times",,,,,,,"[thq_i13_s1_r1_e1] = '1'",,,,,,
thq_i13_sub3_s1_r1_e1,thq_s1_r1_e1,,text,"Approximate age(s)",,,,,,,"[thq_i13_s1_r1_e1] = '1'",,,,,,
thq_i14_s1_r1_e1,thq_s1_r1_e1,,yesno,"Have you ever had a spouse, romantic partner, or child die?",,,,,,,,,,,,,
thq_i14_sub1_s1_r1_e1,thq_s1_r1_e1,,notes,"Please specify relationship:",,,,,,,"[thq_i14_s1_r1_e1] = '1'",,RH,,,,
thq_i14_sub2_s1_r1_e1,thq_s1_r1_e1,,text,"Number of times",,,,,,,"[thq_i14_s1_r1_e1] = '1'",,,,,,
thq_i14_sub3_s1_r1_e1,thq_s1_r1_e1,,text,"Approximate age(s)",,,,,,,"[thq_i14_s1_r1_e1] = '1'",,,,,,
thq_i15_s1_r1_e1,thq_s1_r1_e1,,yesno,"Have you ever had a serious or life-threatening illness?",,,,,,,,,,,,,
thq_i15_sub1_s1_r1_e1,thq_s1_r1_e1,,notes,"Please specify:",,,,,,,"[thq_i15_s1_r1_e1] = '1'",,RH,,,,
thq_i15_sub2_s1_r1_e1,thq_s1_r1_e1,,text,"Number of times",,,,,,,"[thq_i15_s1_r1_e1] = '1'",,,,,,
thq_i15_sub3_s1_r1_e1,thq_s1_r1_e1,,text,"Approximate age(s)",,,,,,,"[thq_i15_s1_r1_e1] = '1'",,,,,,
thq_i16_s1_r1_e1,thq_s1_r1_e1,,yesno,"Have you ever received news of a serious injury, life-threatening illness, or unexpected death of someone close to you?",,,,,,,,,,,,,
thq_i16_sub1_s1_r1_e1,thq_s1_r1_e1,,notes,"Please specify:",,,,,,,"[thq_i16_s1_r1_e1] = '1'",,RH,,,,
thq_i16_sub2_s1_r1_e1,thq_s1_r1_e1,,text,"Number of times",,,,,,,"[thq_i16_s1_r1_e1] = '1'",,,,,,
thq_i16_sub3_s1_r1_e1,thq_s1_r1_e1,,text,"Approximate age(s)",,,,,,,"[thq_i16_s1_r1_e1] = '1'",,,,,,
thq_i17_s1_r1_e1,thq_s1_r1_e1,,yesno,"Have you ever had to engage in combat while in military service in an official or unofficial war zone?",,,,,,,,,,,,,
thq_i17_sub1_s1_r1_e1,thq_s1_r1_e1,,notes,"Please indicate where:",,,,,,,"[thq_i17_s1_r1_e1] = '1'",,RH,,,,
thq_i17_sub2_s1_r1_e1,thq_s1_r1_e1,,text,"Number of times",,,,,,,"[thq_i17_s1_r1_e1] = '1'",,,,,,
thq_i17_sub3_s1_r1_e1,thq_s1_r1_e1,,text,"Approximate age(s)",,,,,,,"[thq_i17_s1_r1_e1] = '1'",,RH,,,,
thq_i18_s1_r1_e1,thq_s1_r1_e1,"Physical and Sexual Experiences",yesno,"Has anyone ever made you have intercourse or oral or anal sex against your will?",,,,,,,,,,,,,
thq_i18_sub1_s1_r1_e1,thq_s1_r1_e1,,notes,"Please indicate nature of relationship with person (e.g., stranger, friend, relative, parent, sibling):",,,,,,,"[thq_i18_s1_r1_e1] = '1'",,,,,,
thq_i18_sub2_s1_r1_e1,thq_s1_r1_e1,,text,Repeated?,,,,,,,"[thq_i18_s1_r1_e1] = '1'",,,,,,
thq_i18_sub3_s1_r1_e1,thq_s1_r1_e1,,text,"Approximate age(s) and frequency",,,,,,,"[thq_i18_s1_r1_e1] = '1'",,,,,,
thq_i19_s1_r1_e1,thq_s1_r1_e1,,yesno,"Has anyone ever touched private parts of your body, or made you touch theirs, under force or threat?",,,,,,,,,,,,,
thq_i19_sub1_s1_r1_e1,thq_s1_r1_e1,,notes,"Please indicate nature of relationship with person (e.g., stranger, friend, relative, parent, sibling):",,,,,,,"[thq_i19_s1_r1_e1] = '1'",,,,,,
thq_i19_sub2_s1_r1_e1,thq_s1_r1_e1,,text,Repeated?,,,,,,,"[thq_i19_s1_r1_e1] = '1'",,,,,,
thq_i19_sub3_s1_r1_e1,thq_s1_r1_e1,,text,"Approximate age(s) and frequency",,,,,,,"[thq_i19_s1_r1_e1] = '1'",,,,,,
thq_i20_s1_r1_e1,thq_s1_r1_e1,,yesno,"Other than incidents mentioned in the previous two questions, have there been any other situations in which another person tried to force you to have an unwanted sexual contact?",,,,,,,,,,,,,
thq_i20_sub1_s1_r1_e1,thq_s1_r1_e1,,text,Repeated?,,,,,,,"[thq_i20_s1_r1_e1] = '1'",,,,,,
thq_i20_sub2_s1_r1_e1,thq_s1_r1_e1,,text,"Approximate age(s) and frequency",,,,,,,"[thq_i20_s1_r1_e1] = '1'",,,,,,
thq_i21_s1_r1_e1,thq_s1_r1_e1,,yesno,"Has anyone, including family members or friends, ever attacked you with a gun, knife, or some other weapon?",,,,,,,,,,,,,
thq_i21_sub1_s1_r1_e1,thq_s1_r1_e1,,text,Repeated?,,,,,,,"[thq_i21_s1_r1_e1] = '1'",,,,,,
thq_i21_sub2_s1_r1_e1,thq_s1_r1_e1,,text,"Approximate age(s) and frequency",,,,,,,"[thq_i21_s1_r1_e1] = '1'",,,,,,
thq_i22_s1_r1_e1,thq_s1_r1_e1,,yesno,"<div class=""rich-text-field-label""><p>Has anyone, including family members or friends, ever attacked you <span style=""text-decoration: underline;"">without</span> a weapon and seriously injured you?</p></div>",,,,,,,,,,,,,
thq_i22_sub1_s1_r1_e1,thq_s1_r1_e1,,text,Repeated?,,,,,,,"[thq_i22_s1_r1_e1] = '1'",,,,,,
thq_i22_sub2_s1_r1_e1,thq_s1_r1_e1,,text,"Approximate age(s) and frequency",,,,,,,"[thq_i22_s1_r1_e1] = '1'",,,,,,
thq_i23_s1_r1_e1,thq_s1_r1_e1,,yesno,"Has anyone in your family ever beaten, spanked, or pushed you hard enough to cause injury?",,,,,,,,,,,,,
thq_i23_sub1_s1_r1_e1,thq_s1_r1_e1,,text,Repeated?,,,,,,,"[thq_i23_s1_r1_e1] = '1'",,,,,,
thq_i23_sub2_s1_r1_e1,thq_s1_r1_e1,,text,"Approximate age(s) and frequency",,,,,,,"[thq_i23_s1_r1_e1] = '1'",,,,,,
thq_i24_s1_r1_e1,thq_s1_r1_e1,,yesno,"Have you experienced any other extraordinarily stressful situation or event that is not covered above?",,,,,,,,,,,,,
thq_i24_sub1_s1_r1_e1,thq_s1_r1_e1,,notes,"Please specify:",,,,,,,"[thq_i24_s1_r1_e1] = '1'",,,,,,
thq_i24_sub2_s1_r1_e1,thq_s1_r1_e1,,text,Repeated?,,,,,,,"[thq_i24_s1_r1_e1] = '1'",,,,,,
thq_i24_sub3_s1_r1_e1,thq_s1_r1_e1,,text,"Approximate age(s) and frequency",,,,,,,"[thq_i24_s1_r1_e1] = '1'",,,,,,
