"Variable / Field Name","Form Name","Section Header","Field Type","Field Label","Choices, Calculations, OR Slider Labels","Field Note","Text Validation Type OR Show Slider Number","Text Validation Min","Text Validation Max",Identifier?,"Branching Logic (Show field only if...)","Required Field?","Custom Alignment","Question Number (surveys only)","Matrix Group Name","Matrix Ranking?","Field Annotation"
lsascl_d1_s1_r1_e1,lsascl_s1_r1_e1,,descriptive,"<div class=""rich-text-field-label""><p><span style=""text-decoration: underline;"">Instructions for completing the LSAS for Clinicians:</span></p> <p><span style=""font-weight: normal;"">In addition to collecting child and parent ratings on the LSAS, clinicians also must make ratings on the LSAS. Clinician ratings should be the higher of the parent and child ratings.</span></p> <p><span style=""font-weight: normal;"">For example, if parent rating on item 1 = 3 for Fear and 3 for Avoidance and child rating on item 1 = 2 for Fear and 2 for Avoidance, the clinician rating would be 3 for Fear and 3 for Avoidance. These procedures will be followed unless there is reason to question the accuracy of the higher rating.</span></p> <p><span style=""font-weight: normal;"">If there is reason to question the accuracy, the clinician should go with the lower rating. In the unlikely event there is reason to question the accuracy of both informants, the clinician may assign a different rating.</span></p></div>",,,,,,,,,,,,,
lsascl_i1_s1_r1_e1,lsascl_s1_r1_e1,"1. Talking on the phone to classmates or other people.",radio,Fear,"0, None<br>0 | 1, Mild<br>1 | 2, Moderate<br>2 | 3, Severe<br>3",,,,,,,y,,,lsascl_f1,,
lsascl_i1ov_s1_r1_e1,lsascl_s1_r1_e1,,dropdown,Override?,"0, No | 1, Yes",,,,,,,y,,,,," @DEFAULT='0'"
lsascl_i2_s1_r1_e1,lsascl_s1_r1_e1,,radio,Avoidance,"0, Never<br>0 | 1, Occasionally<br>1 | 2, Often<br>2 | 3, Usually<br>3",,,,,,,y,,,lsascl_a1,,
lsascl_i2ov_s1_r1_e1,lsascl_s1_r1_e1,,dropdown,Override?,"0, No | 1, Yes",,,,,,,y,,,,," @DEFAULT='0'"
lsascl_i3_s1_r1_e1,lsascl_s1_r1_e1,"2. Participating in a small group activity in class.",radio,Fear,"0, None<br>0 | 1, Mild<br>1 | 2, Moderate<br>2 | 3, Severe<br>3",,,,,,,y,,,lsascl_f2,,
lsascl_i3ov_s1_r1_e1,lsascl_s1_r1_e1,,dropdown,Override?,"0, No | 1, Yes",,,,,,,y,,,,," @DEFAULT='0'"
lsascl_i4_s1_r1_e1,lsascl_s1_r1_e1,,radio,Avoidance,"0, Never<br>0 | 1, Occasionally<br>1 | 2, Often<br>2 | 3, Usually<br>3",,,,,,,y,,,lsascl_a2,,
lsascl_i4ov_s1_r1_e1,lsascl_s1_r1_e1,,dropdown,Override?,"0, No | 1, Yes",,,,,,,y,,,,," @DEFAULT='0'"
lsascl_i5_s1_r1_e1,lsascl_s1_r1_e1,"3. Eating in front of others (e.g., school cafeteria, restaurant).
",radio,Fear,"0, None<br>0 | 1, Mild<br>1 | 2, Moderate<br>2 | 3, Severe<br>3",,,,,,,y,,,lsascl_f3,,
lsascl_i5ov_s1_r1_e1,lsascl_s1_r1_e1,,dropdown,Override?,"0, No | 1, Yes",,,,,,,y,,,,," @DEFAULT='0'"
lsascl_i6_s1_r1_e1,lsascl_s1_r1_e1,,radio,Avoidance,"0, Never<br>0 | 1, Occasionally<br>1 | 2, Often<br>2 | 3, Usually<br>3",,,,,,,y,,,lsascl_a3,,
lsascl_i6ov_s1_r1_e1,lsascl_s1_r1_e1,,dropdown,Override?,"0, No | 1, Yes",,,,,,,y,,,,," @DEFAULT='0'"
lsascl_i7_s1_r1_e1,lsascl_s1_r1_e1,"4. Asking an adult that your child doesn't know well for help (e.g., store clerk, principal, police officer).",radio,Fear,"0, None<br>0 | 1, Mild<br>1 | 2, Moderate<br>2 | 3, Severe<br>3",,,,,,,y,,,lsascl_f4,,
lsascl_i7ov_s1_r1_e1,lsascl_s1_r1_e1,,dropdown,Override?,"0, No | 1, Yes",,,,,,,y,,,,," @DEFAULT='0'"
lsascl_i8_s1_r1_e1,lsascl_s1_r1_e1,,radio,Avoidance,"0, Never<br>0 | 1, Occasionally<br>1 | 2, Often<br>2 | 3, Usually<br>3",,,,,,,y,,,lsascl_a4,,
lsascl_i8ov_s1_r1_e1,lsascl_s1_r1_e1,,dropdown,Override?,"0, No | 1, Yes",,,,,,,y,,,,," @DEFAULT='0'"
lsascl_i9_s1_r1_e1,lsascl_s1_r1_e1,"5. Giving an oral report or presentation in class.",radio,Fear,"0, None<br>0 | 1, Mild<br>1 | 2, Moderate<br>2 | 3, Severe<br>3",,,,,,,y,,,lsascl_f5,,
lsascl_i9ov_s1_r1_e1,lsascl_s1_r1_e1,,dropdown,Override?,"0, No | 1, Yes",,,,,,,y,,,,," @DEFAULT='0'"
lsascl_i10_s1_r1_e1,lsascl_s1_r1_e1,,radio,Avoidance,"0, Never<br>0 | 1, Occasionally<br>1 | 2, Often<br>2 | 3, Usually<br>3",,,,,,,y,,,lsascl_a5,,
lsascl_i10ov_s1_r1_e1,lsascl_s1_r1_e1,,dropdown,Override?,"0, No | 1, Yes",,,,,,,y,,,,," @DEFAULT='0'"
lsascl_i11_s1_r1_e1,lsascl_s1_r1_e1,"6. Going to parties, social gatherings, or other after-school social activities.",radio,Fear,"0, None<br>0 | 1, Mild<br>1 | 2, Moderate<br>2 | 3, Severe<br>3",,,,,,,y,,,lsascl_f6,,
lsascl_i11ov_s1_r1_e1,lsascl_s1_r1_e1,,dropdown,Override?,"0, No | 1, Yes",,,,,,,y,,,,," @DEFAULT='0'"
lsascl_i12_s1_r1_e1,lsascl_s1_r1_e1,,radio,Avoidance,"0, Never<br>0 | 1, Occasionally<br>1 | 2, Often<br>2 | 3, Usually<br>3",,,,,,,y,,,lsascl_a6,,
lsascl_i12ov_s1_r1_e1,lsascl_s1_r1_e1,,dropdown,Override?,"0, No | 1, Yes",,,,,,,y,,,,," @DEFAULT='0'"
lsascl_i13_s1_r1_e1,lsascl_s1_r1_e1,"7. Writing on the board in front of the class.",radio,Fear,"0, None<br>0 | 1, Mild<br>1 | 2, Moderate<br>2 | 3, Severe<br>3",,,,,,,y,,,lsascl_f7,,
lsascl_i13ov_s1_r1_e1,lsascl_s1_r1_e1,,dropdown,Override?,"0, No | 1, Yes",,,,,,,y,,,,," @DEFAULT='0'"
lsascl_i14_s1_r1_e1,lsascl_s1_r1_e1,,radio,Avoidance,"0, Never<br>0 | 1, Occasionally<br>1 | 2, Often<br>2 | 3, Usually<br>3",,,,,,,y,,,lsascl_a7,,
lsascl_i14ov_s1_r1_e1,lsascl_s1_r1_e1,,dropdown,Override?,"0, No | 1, Yes",,,,,,,y,,,,," @DEFAULT='0'"
lsascl_i15_s1_r1_e1,lsascl_s1_r1_e1,"8. Talking to other kids that your child doesn't know well.",radio,Fear,"0, None<br>0 | 1, Mild<br>1 | 2, Moderate<br>2 | 3, Severe<br>3",,,,,,,y,,,lsascl_f8,,
lsascl_i15ov_s1_r1_e1,lsascl_s1_r1_e1,,dropdown,Override?,"0, No | 1, Yes",,,,,,,y,,,,," @DEFAULT='0'"
lsascl_i16_s1_r1_e1,lsascl_s1_r1_e1,,radio,Avoidance,"0, Never<br>0 | 1, Occasionally<br>1 | 2, Often<br>2 | 3, Usually<br>3",,,,,,,y,,,lsascl_a8,,
lsascl_i16ov_s1_r1_e1,lsascl_s1_r1_e1,,dropdown,Override?,"0, No | 1, Yes",,,,,,,y,,,,," @DEFAULT='0'"
lsascl_i17_s1_r1_e1,lsascl_s1_r1_e1,"9. Starting a conversation with people your child doesn't know well.",radio,Fear,"0, None<br>0 | 1, Mild<br>1 | 2, Moderate<br>2 | 3, Severe<br>3",,,,,,,y,,,lsascl_f9,,
lsascl_i17ov_s1_r1_e1,lsascl_s1_r1_e1,,dropdown,Override?,"0, No | 1, Yes",,,,,,,y,,,,," @DEFAULT='0'"
lsascl_i18_s1_r1_e1,lsascl_s1_r1_e1,,radio,Avoidance,"0, Never<br>0 | 1, Occasionally<br>1 | 2, Often<br>2 | 3, Usually<br>3",,,,,,,y,,,lsascl_a9,,
lsascl_i18ov_s1_r1_e1,lsascl_s1_r1_e1,,dropdown,Override?,"0, No | 1, Yes",,,,,,,y,,,,," @DEFAULT='0'"
lsascl_i19_s1_r1_e1,lsascl_s1_r1_e1,"10. Using school or public bathrooms.",radio,Fear,"0, None<br>0 | 1, Mild<br>1 | 2, Moderate<br>2 | 3, Severe<br>3",,,,,,,y,,,lsascl_f10,,
lsascl_i19ov_s1_r1_e1,lsascl_s1_r1_e1,,dropdown,Override?,"0, No | 1, Yes",,,,,,,y,,,,," @DEFAULT='0'"
lsascl_i20_s1_r1_e1,lsascl_s1_r1_e1,,radio,Avoidance,"0, Never<br>0 | 1, Occasionally<br>1 | 2, Often<br>2 | 3, Usually<br>3",,,,,,,y,,,lsascl_a610,,
lsascl_i20ov_s1_r1_e1,lsascl_s1_r1_e1,,dropdown,Override?,"0, No | 1, Yes",,,,,,,y,,,,," @DEFAULT='0'"
lsascl_i21_s1_r1_e1,lsascl_s1_r1_e1,"11. Going into a classroom or another place (e.g., church, cafeteria) when other people are already there.",radio,Fear,"0, None<br>0 | 1, Mild<br>1 | 2, Moderate<br>2 | 3, Severe<br>3",,,,,,,y,,,lsascl_f11,,
lsascl_i21ov_s1_r1_e1,lsascl_s1_r1_e1,,dropdown,Override?,"0, No | 1, Yes",,,,,,,y,,,,," @DEFAULT='0'"
lsascl_i22_s1_r1_e1,lsascl_s1_r1_e1,,radio,Avoidance,"0, Never<br>0 | 1, Occasionally<br>1 | 2, Often<br>2 | 3, Usually<br>3",,,,,,,y,,,lsascl_a11,,
lsascl_i22ov_s1_r1_e1,lsascl_s1_r1_e1,,dropdown,Override?,"0, No | 1, Yes",,,,,,,y,,,,," @DEFAULT='0'"
lsascl_i23_s1_r1_e1,lsascl_s1_r1_e1,"12. Being the center of attention (e.g., child's birthday party).",radio,Fear,"0, None<br>0 | 1, Mild<br>1 | 2, Moderate<br>2 | 3, Severe<br>3",,,,,,,y,,,lsascl_f12,,
lsascl_i23ov_s1_r1_e1,lsascl_s1_r1_e1,,dropdown,Override?,"0, No | 1, Yes",,,,,,,y,,,,," @DEFAULT='0'"
lsascl_i24_s1_r1_e1,lsascl_s1_r1_e1,,radio,Avoidance,"0, Never<br>0 | 1, Occasionally<br>1 | 2, Often<br>2 | 3, Usually<br>3",,,,,,,y,,,lsascl_a12,,
lsascl_i24ov_s1_r1_e1,lsascl_s1_r1_e1,,dropdown,Override?,"0, No | 1, Yes",,,,,,,y,,,,," @DEFAULT='0'"
lsascl_i25_s1_r1_e1,lsascl_s1_r1_e1,"13. Asking questions in class.",radio,Fear,"0, None<br>0 | 1, Mild<br>1 | 2, Moderate<br>2 | 3, Severe<br>3",,,,,,,y,,,lsascl_f13,,
lsascl_i25ov_s1_r1_e1,lsascl_s1_r1_e1,,dropdown,Override?,"0, No | 1, Yes",,,,,,,y,,,,," @DEFAULT='0'"
lsascl_i26_s1_r1_e1,lsascl_s1_r1_e1,,radio,Avoidance,"0, Never<br>0 | 1, Occasionally<br>1 | 2, Often<br>2 | 3, Usually<br>3",,,,,,,y,,,lsascl_a13,,
lsascl_i26ov_s1_r1_e1,lsascl_s1_r1_e1,,dropdown,Override?,"0, No | 1, Yes",,,,,,,y,,,,," @DEFAULT='0'"
lsascl_i27_s1_r1_e1,lsascl_s1_r1_e1,"14. Answering questions in class.",radio,Fear,"0, None<br>0 | 1, Mild<br>1 | 2, Moderate<br>2 | 3, Severe<br>3",,,,,,,y,,,lsascl_f14,,
lsascl_i27ov_s1_r1_e1,lsascl_s1_r1_e1,,dropdown,Override?,"0, No | 1, Yes",,,,,,,y,,,,," @DEFAULT='0'"
lsascl_i28_s1_r1_e1,lsascl_s1_r1_e1,,radio,Avoidance,"0, Never<br>0 | 1, Occasionally<br>1 | 2, Often<br>2 | 3, Usually<br>3",,,,,,,y,,,lsascl_a14,,
lsascl_i28ov_s1_r1_e1,lsascl_s1_r1_e1,,dropdown,Override?,"0, No | 1, Yes",,,,,,,y,,,,," @DEFAULT='0'"
lsascl_i29_s1_r1_e1,lsascl_s1_r1_e1,"15. Reading out loud in class.",radio,Fear,"0, None<br>0 | 1, Mild<br>1 | 2, Moderate<br>2 | 3, Severe<br>3",,,,,,,y,,,lsascl_f15,,
lsascl_i29ov_s1_r1_e1,lsascl_s1_r1_e1,,dropdown,Override?,"0, No | 1, Yes",,,,,,,y,,,,," @DEFAULT='0'"
lsascl_i30_s1_r1_e1,lsascl_s1_r1_e1,,radio,Avoidance,"0, Never<br>0 | 1, Occasionally<br>1 | 2, Often<br>2 | 3, Usually<br>3",,,,,,,y,,,lsascl_a15,,
lsascl_i30ov_s1_r1_e1,lsascl_s1_r1_e1,,dropdown,Override?,"0, No | 1, Yes",,,,,,,y,,,,," @DEFAULT='0'"
lsascl_i31_s1_r1_e1,lsascl_s1_r1_e1,"16. Taking tests.",radio,Fear,"0, None<br>0 | 1, Mild<br>1 | 2, Moderate<br>2 | 3, Severe<br>3",,,,,,,y,,,lsascl_f16,,
lsascl_i31ov_s1_r1_e1,lsascl_s1_r1_e1,,dropdown,Override?,"0, No | 1, Yes",,,,,,,y,,,,," @DEFAULT='0'"
lsascl_i32_s1_r1_e1,lsascl_s1_r1_e1,,radio,Avoidance,"0, Never<br>0 | 1, Occasionally<br>1 | 2, Often<br>2 | 3, Usually<br>3",,,,,,,y,,,lsascl_a16,,
lsascl_i32ov_s1_r1_e1,lsascl_s1_r1_e1,,dropdown,Override?,"0, No | 1, Yes",,,,,,,y,,,,," @DEFAULT='0'"
lsascl_i33_s1_r1_e1,lsascl_s1_r1_e1,"17. Saying ""no"" when people ask your child to do things he/she doesn't want to do (e.g., to borrow something or to look at homework).",radio,Fear,"0, None<br>0 | 1, Mild<br>1 | 2, Moderate<br>2 | 3, Severe<br>3",,,,,,,y,,,lsascl_f17,,
lsascl_i33ov_s1_r1_e1,lsascl_s1_r1_e1,,dropdown,Override?,"0, No | 1, Yes",,,,,,,y,,,,," @DEFAULT='0'"
lsascl_i34_s1_r1_e1,lsascl_s1_r1_e1,,radio,Avoidance,"0, Never<br>0 | 1, Occasionally<br>1 | 2, Often<br>2 | 3, Usually<br>3",,,,,,,y,,,lsascl_a17,,
lsascl_i34ov_s1_r1_e1,lsascl_s1_r1_e1,,dropdown,Override?,"0, No | 1, Yes",,,,,,,y,,,,," @DEFAULT='0'"
lsascl_i35_s1_r1_e1,lsascl_s1_r1_e1,"18. Your child telling people that he/she doesn't agree with them or that he/she is mad at them.",radio,Fear,"0, None<br>0 | 1, Mild<br>1 | 2, Moderate<br>2 | 3, Severe<br>3",,,,,,,y,,,lsascl_f18,,
lsascl_i35ov_s1_r1_e1,lsascl_s1_r1_e1,,dropdown,Override?,"0, No | 1, Yes",,,,,,,y,,,,," @DEFAULT='0'"
lsascl_i36_s1_r1_e1,lsascl_s1_r1_e1,,radio,Avoidance,"0, Never<br>0 | 1, Occasionally<br>1 | 2, Often<br>2 | 3, Usually<br>3",,,,,,,y,,,lsascl_a18,,
lsascl_i36ov_s1_r1_e1,lsascl_s1_r1_e1,,dropdown,Override?,"0, No | 1, Yes",,,,,,,y,,,,," @DEFAULT='0'"
lsascl_i37_s1_r1_e1,lsascl_s1_r1_e1,"19. Looking at people your child doesn't know well in the eye.",radio,Fear,"0, None<br>0 | 1, Mild<br>1 | 2, Moderate<br>2 | 3, Severe<br>3",,,,,,,y,,,lsascl_f19,,
lsascl_i37ov_s1_r1_e1,lsascl_s1_r1_e1,,dropdown,Override?,"0, No | 1, Yes",,,,,,,y,,,,," @DEFAULT='0'"
lsascl_i38_s1_r1_e1,lsascl_s1_r1_e1,,radio,Avoidance,"0, Never<br>0 | 1, Occasionally<br>1 | 2, Often<br>2 | 3, Usually<br>3",,,,,,,y,,,lsascl_a19,,
lsascl_i38ov_s1_r1_e1,lsascl_s1_r1_e1,,dropdown,Override?,"0, No | 1, Yes",,,,,,,y,,,,," @DEFAULT='0'"
lsascl_i39_s1_r1_e1,lsascl_s1_r1_e1,"20. Asking questions in a store (e.g., to exchange something).",radio,Fear,"0, None<br>0 | 1, Mild<br>1 | 2, Moderate<br>2 | 3, Severe<br>3",,,,,,,y,,,lsascl_f20,,
lsascl_i39ov_s1_r1_e1,lsascl_s1_r1_e1,,dropdown,Override?,"0, No | 1, Yes",,,,,,,y,,,,," @DEFAULT='0'"
lsascl_i40_s1_r1_e1,lsascl_s1_r1_e1,,radio,Avoidance,"0, Never<br>0 | 1, Occasionally<br>1 | 2, Often<br>2 | 3, Usually<br>3",,,,,,,y,,,lsascl_a20,,
lsascl_i40ov_s1_r1_e1,lsascl_s1_r1_e1,,dropdown,Override?,"0, No | 1, Yes",,,,,,,y,,,,," @DEFAULT='0'"
lsascl_i41_s1_r1_e1,lsascl_s1_r1_e1,"21. Playing a sport or performing in front of other people (e.g., school show, musical performance).",radio,Fear,"0, None<br>0 | 1, Mild<br>1 | 2, Moderate<br>2 | 3, Severe<br>3",,,,,,,y,,,lsascl_f21,,
lsascl_i41ov_s1_r1_e1,lsascl_s1_r1_e1,,dropdown,Override?,"0, No | 1, Yes",,,,,,,y,,,,," @DEFAULT='0'"
lsascl_i42_s1_r1_e1,lsascl_s1_r1_e1,,radio,Avoidance,"0, Never<br>0 | 1, Occasionally<br>1 | 2, Often<br>2 | 3, Usually<br>3",,,,,,,y,,,lsascl_a21,,
lsascl_i42ov_s1_r1_e1,lsascl_s1_r1_e1,,dropdown,Override?,"0, No | 1, Yes",,,,,,,y,,,,," @DEFAULT='0'"
lsascl_i43_s1_r1_e1,lsascl_s1_r1_e1,"22. Joining a club or group.",radio,Fear,"0, None<br>0 | 1, Mild<br>1 | 2, Moderate<br>2 | 3, Severe<br>3",,,,,,,y,,,lsascl_f22,,
lsascl_i43ov_s1_r1_e1,lsascl_s1_r1_e1,,dropdown,Override?,"0, No | 1, Yes",,,,,,,y,,,,," @DEFAULT='0'"
lsascl_i44_s1_r1_e1,lsascl_s1_r1_e1,,radio,Avoidance,"0, Never<br>0 | 1, Occasionally<br>1 | 2, Often<br>2 | 3, Usually<br>3",,,,,,,y,,,lsascl_a22,,
lsascl_i44ov_s1_r1_e1,lsascl_s1_r1_e1,,dropdown,Override?,"0, No | 1, Yes",,,,,,,y,,,,," @DEFAULT='0'"
lsascl_i45_s1_r1_e1,lsascl_s1_r1_e1,"23. Meeting new people.",radio,Fear,"0, None<br>0 | 1, Mild<br>1 | 2, Moderate<br>2 | 3, Severe<br>3",,,,,,,y,,,lsascl_f23,,
lsascl_i45ov_s1_r1_e1,lsascl_s1_r1_e1,,dropdown,Override?,"0, No | 1, Yes",,,,,,,y,,,,," @DEFAULT='0'"
lsascl_i46_s1_r1_e1,lsascl_s1_r1_e1,,radio,Avoidance,"0, Never<br>0 | 1, Occasionally<br>1 | 2, Often<br>2 | 3, Usually<br>3",,,,,,,y,,,lsascl_a23,,
lsascl_i46ov_s1_r1_e1,lsascl_s1_r1_e1,,dropdown,Override?,"0, No | 1, Yes",,,,,,,y,,,,," @DEFAULT='0'"
lsascl_i47_s1_r1_e1,lsascl_s1_r1_e1,"24. Asking a teacher permission to leave the classroom (e.g., go to the bathroom or the school nurse).",radio,Fear,"0, None<br>0 | 1, Mild<br>1 | 2, Moderate<br>2 | 3, Severe<br>3",,,,,,,y,,,lsascl_f24,,
lsascl_i47ov_s1_r1_e1,lsascl_s1_r1_e1,,dropdown,Override?,"0, No | 1, Yes",,,,,,,y,,,,," @DEFAULT='0'"
lsascl_i48_s1_r1_e1,lsascl_s1_r1_e1,,radio,Avoidance,"0, Never<br>0 | 1, Occasionally<br>1 | 2, Often<br>2 | 3, Usually<br>3",,,,,,,y,,,lsascl_a24,,
lsascl_i48ov_s1_r1_e1,lsascl_s1_r1_e1,,dropdown,Override?,"0, No | 1, Yes",,,,,,,y,,,,," @DEFAULT='0'"
lsascl_i49_s1_r1_e1,lsascl_s1_r1_e1,"Score Sums",calc,"LSAS-Clinician Fear Sum","sum([lsascl_i1_s1_r1_e1], [lsascl_i3_s1_r1_e1], [lsascl_i5_s1_r1_e1], [lsascl_i7_s1_r1_e1], [lsascl_i9_s1_r1_e1], [lsascl_i11_s1_r1_e1], [lsascl_i13_s1_r1_e1], [lsascl_i15_s1_r1_e1], [lsascl_i17_s1_r1_e1], [lsascl_i19_s1_r1_e1], [lsascl_i21_s1_r1_e1], [lsascl_i23_s1_r1_e1], [lsascl_i25_s1_r1_e1], [lsascl_i27_s1_r1_e1], [lsascl_i29_s1_r1_e1], [lsascl_i31_s1_r1_e1], [lsascl_i33_s1_r1_e1], [lsascl_i35_s1_r1_e1], [lsascl_i37_s1_r1_e1], [lsascl_i39_s1_r1_e1], [lsascl_i41_s1_r1_e1], [lsascl_i43_s1_r1_e1], [lsascl_i45_s1_r1_e1], [lsascl_i47_s1_r1_e1])",,,,,,,,,,,,
lsascl_i50_s1_r1_e1,lsascl_s1_r1_e1,,calc,"LSAS-Clinician Avoidance Sum","sum([lsascl_i2_s1_r1_e1], [lsascl_i4_s1_r1_e1], [lsascl_i6_s1_r1_e1], [lsascl_i8_s1_r1_e1], [lsascl_i10_s1_r1_e1], [lsascl_i12_s1_r1_e1], [lsascl_i14_s1_r1_e1], [lsascl_i16_s1_r1_e1], [lsascl_i18_s1_r1_e1], [lsascl_i20_s1_r1_e1], [lsascl_i22_s1_r1_e1], [lsascl_i24_s1_r1_e1], [lsascl_i26_s1_r1_e1], [lsascl_i28_s1_r1_e1], [lsascl_i30_s1_r1_e1], [lsascl_i32_s1_r1_e1], [lsascl_i34_s1_r1_e1], [lsascl_i36_s1_r1_e1], [lsascl_i38_s1_r1_e1], [lsascl_i40_s1_r1_e1], [lsascl_i42_s1_r1_e1], [lsascl_i44_s1_r1_e1], [lsascl_i46_s1_r1_e1], [lsascl_i48_s1_r1_e1])",,,,,,,,,,,,
lsascl_i51_s1_r1_e1,lsascl_s1_r1_e1,,calc,"LSAS-Clinician Total Sum","sum([lsascl_i1_s1_r1_e1], [lsascl_i3_s1_r1_e1], [lsascl_i5_s1_r1_e1], [lsascl_i7_s1_r1_e1], [lsascl_i9_s1_r1_e1], [lsascl_i11_s1_r1_e1], [lsascl_i13_s1_r1_e1], [lsascl_i15_s1_r1_e1], [lsascl_i17_s1_r1_e1], [lsascl_i19_s1_r1_e1], [lsascl_i21_s1_r1_e1], [lsascl_i23_s1_r1_e1], [lsascl_i25_s1_r1_e1], [lsascl_i27_s1_r1_e1], [lsascl_i29_s1_r1_e1], [lsascl_i31_s1_r1_e1], [lsascl_i33_s1_r1_e1], [lsascl_i35_s1_r1_e1], [lsascl_i37_s1_r1_e1], [lsascl_i39_s1_r1_e1], [lsascl_i41_s1_r1_e1], [lsascl_i43_s1_r1_e1], [lsascl_i45_s1_r1_e1], [lsascl_i47_s1_r1_e1], [lsascl_i2_s1_r1_e1], [lsascl_i4_s1_r1_e1], [lsascl_i6_s1_r1_e1], [lsascl_i8_s1_r1_e1], [lsascl_i10_s1_r1_e1], [lsascl_i12_s1_r1_e1], [lsascl_i14_s1_r1_e1], [lsascl_i16_s1_r1_e1], [lsascl_i18_s1_r1_e1], [lsascl_i20_s1_r1_e1], [lsascl_i22_s1_r1_e1], [lsascl_i24_s1_r1_e1], [lsascl_i26_s1_r1_e1], [lsascl_i28_s1_r1_e1], [lsascl_i30_s1_r1_e1], [lsascl_i32_s1_r1_e1], [lsascl_i34_s1_r1_e1], [lsascl_i36_s1_r1_e1], [lsascl_i38_s1_r1_e1], [lsascl_i40_s1_r1_e1], [lsascl_i42_s1_r1_e1], [lsascl_i44_s1_r1_e1], [lsascl_i46_s1_r1_e1], [lsascl_i48_s1_r1_e1])",,,,,,,,,,,,
