﻿"Variable / Field Name","Form Name","Section Header","Field Type","Field Label","Choices, Calculations, OR Slider Labels","Field Note","Text Validation Type OR Show Slider Number","Text Validation Min","Text Validation Max",Identifier?,"Branching Logic (Show field only if...)","Required Field?","Custom Alignment","Question Number (surveys only)","Matrix Group Name","Matrix Ranking?","Field Annotation"
demo_c_mob_s1_r1_e1,demo_c_s1_r1_e1,,text,"In what month were you born (1-12)?",,,integer,1,12,y,,y,,,,,
demo_c_yob_s1_r1_e1,demo_c_s1_r1_e1,,text,"In what year were you born?",,,integer,1900,2050,,,y,,,,,
demo_c_hand_s1_r1_e1,demo_c_s1_r1_e1,,radio,"Are you right- or left-handed?","1, Right handed | 2, Left handed | 3, Ambidextrous (use right and left hand equally) | 4, Other (please specify)",,,,,,,y,,,,,
demo_c_otherhand_s1_r1_e1,demo_c_s1_r1_e1,,text,,,,,,,,[demo_c_hand_s1_r1_e1]='4',y,,,,,
demo_c_sex_s1_r1_e1,demo_c_s1_r1_e1,,radio,"What is the biological sex you were assigned at birth?","1, Male | 2, Female | 3, Intersex | 4, Other | 5, Unknown | 6, Prefer not to say",,,,,,,y,,,,,
demo_c_gender_s1_r1_e1,demo_c_s1_r1_e1,,text,"How do you currently describe your gender identity? If you prefer not to answer, write: ""prefer not to answer.""",,,,,,,,y,,,,,
demo_c_orient_s1_r1_e1,demo_c_s1_r1_e1,,text,"How do you currently describe your sexual identity (sexual orientation/attraction)? If you prefer not to answer, write: ""prefer not to answer.""",,,,,,,,y,,,,,
demo_c_ethnic_s1_r1_e1,demo_c_s1_r1_e1,,checkbox,"What categories describe you? Select all that apply to you:","1, American Indian or Alaska Native-For example, Navajo Nation, Blackfeet Tribe, Mayan, Aztec, Native Village of Barrow Iñupiat Traditional Government, Nome Eskimo Community | 2, Asian (for example: Chinese, Filipino, Asian Indian, Vietnamese, Korean, Japanese) | 3, Black or African American (for example: Jamaican, Haitian, Nigerian, Ethiopian, Somalian) | 4, Hispanic, Latino/a/x or Spanish Origin (for example: Mexican or Mexican American, Puerto Rican, Cuban, Salvadoran, Dominican, Columbian) | 5, Middle Eastern or North African (for example: Lebanese, Iranian, Egyptian, Syrian, Moroccan, Algerian) | 6, Native Hawaiian or Other Pacific Islander (for example: Native Hawaiian, Samoan, Chamorro, Tongan, Fijian, Marshallese) | 7, White (for example: German, Irish, English, Italian, Polish, French) | 8, Some other race, ethnicity, or origin (please specify) | 9, I prefer not to answer",,,,,,,y,,,,,
demo_c_othethnic_s1_r1_e1,demo_c_s1_r1_e1,,text,,,,,,,,"[demo_c_ethnic_s1_r1_e1(8)] = '1'",y,,,,,
demo_c_eng_s1_r1_e1,demo_c_s1_r1_e1,,yesno,"Besides English, do you speak any other languages?",,,,,,,,y,,,,,
demo_c_langs_s1_r1_e1,demo_c_s1_r1_e1,,text,"What language(s) other than English do you speak?",,,,,,,[demo_c_eng_s1_r1_e1]='1',y,,,,,
demo_c_langhis_s1_r1_e1,demo_c_s1_r1_e1,,radio,"Which of the following best describes your language-learning history?","1, I learned English first and my other language(s) later. | 2, I learned my other language(s) first and English later. | 3, I learned English and my other languages at the same time. | 4, Other (please specify)",,,,,,[demo_c_eng_s1_r1_e1]='1',y,,,,,
demo_c_otherhis_s1_r1_e1,demo_c_s1_r1_e1,,text,,,,,,,,[demo_c_langhis_s1_r1_e1]='4',y,,,,,
demo_c_ageen_s1_r1_e1,demo_c_s1_r1_e1,,text,"How old were you when you started to learn English?",,,integer,1,,,[demo_c_langhis_s1_r1_e1]='2',y,,,,,
demo_c_engflu_s1_r1_e1,demo_c_s1_r1_e1,,text,"How old were you when you felt reasonably fluent in English?",,,integer,1,,,[demo_c_langhis_s1_r1_e1]='2',y,,,,,
demo_c_profen_s1_r1_e1,demo_c_s1_r1_e1,,radio,"How would you rate your English language proficiency?","1, Native | 2, Advanced | 3, Intermediate | 4, Elementary | 5, Not proficient",,,,,,[demo_c_langhis_s1_r1_e1]='2',y,,,,,
demo_c_edu_s1_r1_e1,demo_c_s1_r1_e1,,checkbox,"Which category describes your education? Select all that apply to you:","1, Some high school | 2, High school diploma or equivalent | 3, Vocational training | 4, Some college | 5, Associate's degree (e.g., AA, AE, AFA, AS, ASN) | 6, Bachelor's degree (e.g., BA, BBA BFA, BS) | 7, Some post undergraduate work | 8, Master's degree (e.g., MA, MBA, MFA, MS, MSW) | 9, Specialist degree (e.g., EdS) | 10, Applied or professional doctorate degree (e.g., MD, DDC, DDS, JD, PharmD) | 11, Doctorate degree (e.g., EdD, PhD) | 12, Other (please specify)",,,,,,,y,,,,,
demo_c_othered_s1_r1_e1,demo_c_s1_r1_e1,,text,,,,,,,,"[demo_c_edu_s1_r1_e1(12)] = '1'",y,,,,,
demo_c_familiar_s1_r1_e1,demo_c_s1_r1_e1,,yesno,"Have you previously read about our work?",,,,,,,,y,,,,,
demo_c_socclass_s1_r1_e1,demo_c_s1_r1_e1,,radio,"Which social class group do you identify with?","1, Poor | 2, Working class | 3, Middle class | 4, Affluent",,,,,,,y,,,,,
demo_c_income_s1_r1_e1,demo_c_s1_r1_e1,,radio,"Please check the category that tells us your approximate total family income for A YEAR. Consider all sources of income, including earnings, welfare cash assistance, child support alimonies, support from other members of your household who regularly contribute to your household, etc.","1, Less than $10,000 | 2, $10,001 to $15,000 | 3, $15,001 to $25,000 | 4, $25,001 to $50,000 | 5, $50,001 to $75,000 | 6, $75,001 to $100,000 | 7, $100,001 to $150,000 | 8, $150,00 to $200,000 | 9, more than $200,000.",,,,,,,y,,,,,
demo_c_takemeds_s1_r1_e1,demo_c_s1_r1_e1,,radio,"Are you currently taking any medications?","1, Yes (please specify) | 2, No",,,,,,,y,,,,,
demo_c_meds_s1_r1_e1,demo_c_s1_r1_e1,,notes,"Please specify drug name, dosage, and how long you have been taking this medication at this dosage.",,,,,,,"[demo_c_takemeds_s1_r1_e1] = '1'",,,,,,
demo_c_neuro_s1_r1_e1,demo_c_s1_r1_e1,,radio,"Have you currently/previously been diagnosed with a neurological disorder (epilepsy, Parkinson's, etc.)?","1, Yes (please specify) | 0, No",,,,,,,y,,,,,
demo_c_neurodis_s1_r1_e1,demo_c_s1_r1_e1,,notes,"Please specify which disorder(s):",,,,,,,[demo_c_neuro_s1_r1_e1]='1',y,,,,,
demo_c_diagnose_s1_r1_e1,demo_c_s1_r1_e1,,radio,"Have you currently/previously been diagnosed with a mental health disorder (anxiety, depression, etc.)?","1, Yes (please specify) | 2, No | 3, I prefer not to answer",,,,,,,y,,,,,
demo_c_disorders_s1_r1_e1,demo_c_s1_r1_e1,,notes,"Please specify which disorder(s):",,,,,,,"[demo_c_diagnose_s1_r1_e1] = '1'",y,,,,,
demo_c_comdiskid_s1_r1_e1,demo_c_s1_r1_e1,"Have you ever been diagnosed with a communication disorder (e.g. stuttering, language disorders, dyslexia, voice disorders, articulation disorders, pragmatic disorders such as autism):",radio,"As a child?","1, Yes | 0, No",,,,,,,y,,,commdisorder,,
demo_c_comdisteen_s1_r1_e1,demo_c_s1_r1_e1,,radio,"As a teenager?","1, Yes | 0, No",,,,,,,y,,,commdisorder,,
demo_c_comdisad_s1_r1_e1,demo_c_s1_r1_e1,,radio,"As an adult?","1, Yes | 0, No",,,,,,,y,,,commdisorder,,
demo_c_diagchil_s1_r1_e1,demo_c_s1_r1_e1,,text,"What was the diagnosis when you were a child?",,,,,,,[demo_c_comdiskid_s1_r1_e1]='1',y,,,,,
demo_c_diagkidnow_s1_r1_e1,demo_c_s1_r1_e1,,yesno,"Does the diagnosis from when you were a child currently apply to you?",,,,,,,[demo_c_comdiskid_s1_r1_e1]='1',y,,,,,
demo_c_diagteen_s1_r1_e1,demo_c_s1_r1_e1,,text,"What was the diagnosis when you were a teenager?",,,,,,,[demo_c_comdisteen_s1_r1_e1]='1',y,,,,,
demo_c_diateennow_s1_r1_e1,demo_c_s1_r1_e1,,yesno,"Does the diagnosis from when you were a teenager currently apply to you?",,,,,,,[demo_c_comdisteen_s1_r1_e1]='1',y,,,,,
demo_c_diagad_s1_r1_e1,demo_c_s1_r1_e1,,text,"What was the diagnosis when you were an adult?",,,,,,,[demo_c_comdisad_s1_r1_e1]='1',y,,,,,
demo_c_diagadnow_s1_r1_e1,demo_c_s1_r1_e1,,yesno,"Does the diagnosis from when you were an adult currently apply to you?",,,,,,,[demo_c_comdisad_s1_r1_e1]='1',y,,,,,
