"Variable / Field Name","Form Name","Section Header","Field Type","Field Label","Choices, Calculations, OR Slider Labels","Field Note","Text Validation Type OR Show Slider Number","Text Validation Min","Text Validation Max",Identifier?,"Branching Logic (Show field only if...)","Required Field?","Custom Alignment","Question Number (surveys only)","Matrix Group Name","Matrix Ranking?","Field Annotation"
pscei_i1_s1_r1_e1,pscei_s1_r1_e1,,radio,"When I notice a mistake my child made, I feel upset.","1, not at all like you | 2, a little like you | 3, moderately like you | 4, a lot like you | 5, extremely like you",,,,,,,y,,,pscei,,
pscei_i2_s1_r1_e1,pscei_s1_r1_e1,,radio,"My stomach feels like it ""drops"" when I see my child make a mistake.","1, not at all like you | 2, a little like you | 3, moderately like you | 4, a lot like you | 5, extremely like you",,,,,,,y,,,pscei,,
pscei_i3_s1_r1_e1,pscei_s1_r1_e1,,radio,"If my child makes a mistake, I have a strong urge to fix it immediately.","1, not at all like you | 2, a little like you | 3, moderately like you | 4, a lot like you | 5, extremely like you",,,,,,,y,,,pscei,,
pscei_i4_s1_r1_e1,pscei_s1_r1_e1,,radio,"When someone notices my child did something wrong, I feel upset.","1, not at all like you | 2, a little like you | 3, moderately like you | 4, a lot like you | 5, extremely like you",,,,,,,y,,,pscei,,
pscei_i5_s1_r1_e1,pscei_s1_r1_e1,,radio,"I am afraid of my child making mistakes in front of other people.","1, not at all like you | 2, a little like you | 3, moderately like you | 4, a lot like you | 5, extremely like you",,,,,,,y,,,pscei,,
pscei_i6_s1_r1_e1,pscei_s1_r1_e1,,radio,"I feel an urge to check over things my child has done to make sure they did not make a mistake.","1, not at all like you | 2, a little like you | 3, moderately like you | 4, a lot like you | 5, extremely like you",,,,,,,y,,,pscei,,
pscei_i7_s1_r1_e1,pscei_s1_r1_e1,,radio,"If my child makes a mistake and I can't fix it, I feel like ""something isn't right.""","1, not at all like you | 2, a little like you | 3, moderately like you | 4, a lot like you | 5, extremely like you",,,,,,,y,,,pscei,,
pscei_i8_s1_r1_e1,pscei_s1_r1_e1,,radio,"I have a strong need for my child to do things close to perfectly.","1, not at all like you | 2, a little like you | 3, moderately like you | 4, a lot like you | 5, extremely like you",,,,,,,y,,,pscei,,
pscei_i9_s1_r1_e1,pscei_s1_r1_e1,,radio,"I feel upset when other people criticize something my child has done.","1, not at all like you | 2, a little like you | 3, moderately like you | 4, a lot like you | 5, extremely like you",,,,,,,y,,,pscei,,
pscei_i10_s1_r1_e1,pscei_s1_r1_e1,,radio,"When my child makes a mistake, I feel anxious.","1, not at all like you | 2, a little like you | 3, moderately like you | 4, a lot like you | 5, extremely like you",,,,,,,y,,,pscei,,
pscei_i11_s1_r1_e1,pscei_s1_r1_e1,,radio,"I often want to make sure something my child has done is ""just right"" or perfect.","1, not at all like you | 2, a little like you | 3, moderately like you | 4, a lot like you | 5, extremely like you",,,,,,,y,,,pscei,,
pscei_i12_s1_r1_e1,pscei_s1_r1_e1,,radio,"When someone notices a mistake my child made, I feel more upset than other people.","1, not at all like you | 2, a little like you | 3, moderately like you | 4, a lot like you | 5, extremely like you",,,,,,,y,,,pscei,,
pscei_i13_s1_r1_e1,pscei_s1_r1_e1,,radio,"I am more concerned about my child's mistakes than other people's mistakes.","1, not at all like you | 2, a little like you | 3, moderately like you | 4, a lot like you | 5, extremely like you",,,,,,,y,,,pscei,,
pscei_i14_s1_r1_e1,pscei_s1_r1_e1,,radio,"After my child makes a mistake, I think about it for a long time.","1, not at all like you | 2, a little like you | 3, moderately like you | 4, a lot like you | 5, extremely like you",,,,,,,y,,,pscei,,
pscei_i15_s1_r1_e1,pscei_s1_r1_e1,,radio,"My child making mistakes means I am a less good person.","1, not at all like you | 2, a little like you | 3, moderately like you | 4, a lot like you | 5, extremely like you",,,,,,,y,,,pscei,,
pscei_i16_s1_r1_e1,pscei_s1_r1_e1,,radio,"When my child makes a mistake, I start sweating or blushing.","1, not at all like you | 2, a little like you | 3, moderately like you | 4, a lot like you | 5, extremely like you",,,,,,,y,,,pscei,,
pscei_i17_s1_r1_e1,pscei_s1_r1_e1,,radio,"I like to feel in control of my child more than other people do.","1, not at all like you | 2, a little like you | 3, moderately like you | 4, a lot like you | 5, extremely like you",,,,,,,y,,,pscei,,
pscei_i18_s1_r1_e1,pscei_s1_r1_e1,,radio,"My child being good at something means not making mistakes.","1, not at all like you | 2, a little like you | 3, moderately like you | 4, a lot like you | 5, extremely like you",,,,,,,y,,,pscei,,
pscei_i19_s1_r1_e1,pscei_s1_r1_e1,,radio,"I care about my child making mistakes during silly tasks, even when I know it doesn't matter.","1, not at all like you | 2, a little like you | 3, moderately like you | 4, a lot like you | 5, extremely like you",,,,,,,y,,,pscei,,
pscei_i20_s1_r1_e1,pscei_s1_r1_e1,,radio,"I like to watch my child do things to make sure they don't make mistakes.","1, not at all like you | 2, a little like you | 3, moderately like you | 4, a lot like you | 5, extremely like you",,,,,,,y,,,pscei,,
