﻿"Variable / Field Name","Form Name","Section Header","Field Type","Field Label","Choices, Calculations, OR Slider Labels","Field Note","Text Validation Type OR Show Slider Number","Text Validation Min","Text Validation Max",Identifier?,"Branching Logic (Show field only if...)","Required Field?","Custom Alignment","Question Number (surveys only)","Matrix Group Name","Matrix Ranking?","Field Annotation"
adis2_confirm_s1_r1_e1,adis2_s1_r1_e1,"<div class=""rich-text-field-label""><p><span style=""color: #ba372a;"">TO BE USED FOR SECONDARY RATINGS ONLY</span></p></div>",yesno,"<div class=""rich-text-field-label""><p>Are you completing this form as a secondary rater (that is, your ratings are based on viewing/listening to a recorded interview)?</p></div>",,,,,,,,y,,,,,
adis2_warning,adis2_s1_r1_e1,,descriptive,"<div class=""rich-text-field-label""><p><span style=""background-color: #e03e2d; color: #ffffff;""> STOP AND EXIT THIS FORM NOW, DO NOT SAVE. </span><br /><br /><span style=""color: #ba372a;"">This form should only be used for secondary ratings.</span></p></div>",,,,,,,"[adis2_confirm_s1_r1_e1] = '0'",,,,,,
adis2_ch_dx1_lb_s1_r1_e1,adis2_s1_r1_e1,"Child Ratings",dropdown,"Diagnosis 1","0, None | 1, Separation Anxiety Disorder | 2, Social Phobia | 3, Specific Phobia | 4, Panic Disorder | 5, Agoraphobia (With Panic Disorder) | 6, Agoraphobia (Without Panic Disorder) | 7, Generalized Anxiety Disorder | 8, Obsessive-Compulsive Disorder | 9, Posttraumatic Stress Disorder | 10, Major Depressive Disorder (Current) | 11, Major Depressive Disorder (Lifetime) | 12, Attention Deficit/Hyperactivity Disorder | 13, Oppositional Defiant Disorder",,,,,,"[adis2_confirm_s1_r1_e1] = '1'",y,,,,,
adis2_ch_dx1_sp_s1_r1_e1,adis2_s1_r1_e1,,text,"<div class=""rich-text-field-label""><p><span style=""color: #ba372a;"">Please specify:</span></p></div>",,,,,,,"[adis2_ch_dx1_lb_s1_r1_e1] = '3'",y,,,,,
adis2_ch_dx1_ir_s1_r1_e1,adis2_s1_r1_e1,,radio,"Interference Rating","1, 0 | 2, 1 | 3, 2 | 4, 3 | 5, 4 | 6, 5 | 7, 6 | 8, 7 | 9, 8",,,,,,[adis2_ch_dx1_lb_s1_r1_e1]>0,y,,,adis2_ch_dx1_ir,y,
adis2_ch_dx2_lb_s1_r1_e1,adis2_s1_r1_e1,,dropdown,"Diagnosis 2","0, None | 1, Separation Anxiety Disorder | 2, Social Phobia | 3, Specific Phobia | 4, Panic Disorder | 5, Agoraphobia (With Panic Disorder) | 6, Agoraphobia (Without Panic Disorder) | 7, Generalized Anxiety Disorder | 8, Obsessive-Compulsive Disorder | 9, Posttraumatic Stress Disorder | 10, Major Depressive Disorder (Current) | 11, Major Depressive Disorder (Lifetime) | 12, Attention Deficit/Hyperactivity Disorder | 13, Oppositional Defiant Disorder",,,,,,"[adis2_confirm_s1_r1_e1] = '1'",,,,,,
adis2_ch_dx2_sp_s1_r1_e1,adis2_s1_r1_e1,,text,"<div class=""rich-text-field-label""><p><span style=""color: #ba372a;"">Please specify:</span></p></div>",,,,,,,"[adis2_ch_dx2_lb_s1_r1_e1] = '3'",y,,,,,
adis2_ch_dx2_ir_s1_r1_e1,adis2_s1_r1_e1,,radio,"Interference Rating","1, 0 | 2, 1 | 3, 2 | 4, 3 | 5, 4 | 6, 5 | 7, 6 | 8, 7 | 9, 8",,,,,,[adis2_ch_dx2_lb_s1_r1_e1]>0,y,,,adis2_ch_dx2_ir,,
adis2_ch_dx3_lb_s1_r1_e1,adis2_s1_r1_e1,,dropdown,"Diagnosis 3","0, None | 1, Separation Anxiety Disorder | 2, Social Phobia | 3, Specific Phobia | 4, Panic Disorder | 5, Agoraphobia (With Panic Disorder) | 6, Agoraphobia (Without Panic Disorder) | 7, Generalized Anxiety Disorder | 8, Obsessive-Compulsive Disorder | 9, Posttraumatic Stress Disorder | 10, Major Depressive Disorder (Current) | 11, Major Depressive Disorder (Lifetime) | 12, Attention Deficit/Hyperactivity Disorder | 13, Oppositional Defiant Disorder",,,,,,"[adis2_confirm_s1_r1_e1] = '1'",,,,,,
adis2_ch_dx3_sp_s1_r1_e1,adis2_s1_r1_e1,,text,"<div class=""rich-text-field-label""><p><span style=""color: #ba372a;"">Please specify:</span></p></div>",,,,,,,"[adis2_ch_dx3_lb_s1_r1_e1] = '3'",y,,,,,
adis2_ch_dx3_ir_s1_r1_e1,adis2_s1_r1_e1,,radio,"Interference Rating","1, 0 | 2, 1 | 3, 2 | 4, 3 | 5, 4 | 6, 5 | 7, 6 | 8, 7 | 9, 8",,,,,,[adis2_ch_dx3_lb_s1_r1_e1]>0,y,,,adis2_ch_dx3_ir,,
adis2_ch_dx4_lb_s1_r1_e1,adis2_s1_r1_e1,,dropdown,"Diagnosis 4","0, None | 1, Separation Anxiety Disorder | 2, Social Phobia | 3, Specific Phobia | 4, Panic Disorder | 5, Agoraphobia (With Panic Disorder) | 6, Agoraphobia (Without Panic Disorder) | 7, Generalized Anxiety Disorder | 8, Obsessive-Compulsive Disorder | 9, Posttraumatic Stress Disorder | 10, Major Depressive Disorder (Current) | 11, Major Depressive Disorder (Lifetime) | 12, Attention Deficit/Hyperactivity Disorder | 13, Oppositional Defiant Disorder",,,,,,"[adis2_confirm_s1_r1_e1] = '1'",,,,,,
adis2_ch_dx4_sp_s1_r1_e1,adis2_s1_r1_e1,,text,"<div class=""rich-text-field-label""><p><span style=""color: #ba372a;"">Please specify:</span></p></div>",,,,,,,"[adis2_ch_dx4_lb_s1_r1_e1] = '3'",y,,,,,
adis2_ch_dx4_ir_s1_r1_e1,adis2_s1_r1_e1,,radio,"Interference Rating","1, 0 | 2, 1 | 3, 2 | 4, 3 | 5, 4 | 6, 5 | 7, 6 | 8, 7 | 9, 8",,,,,,[adis2_ch_dx4_lb_s1_r1_e1]>0,y,,,adis2_ch_dx4_ir,,
adis2_ch_dx5_lb_s1_r1_e1,adis2_s1_r1_e1,,dropdown,"Diagnosis 5","0, None | 1, Separation Anxiety Disorder | 2, Social Phobia | 3, Specific Phobia | 4, Panic Disorder | 5, Agoraphobia (With Panic Disorder) | 6, Agoraphobia (Without Panic Disorder) | 7, Generalized Anxiety Disorder | 8, Obsessive-Compulsive Disorder | 9, Posttraumatic Stress Disorder | 10, Major Depressive Disorder (Current) | 11, Major Depressive Disorder (Lifetime) | 12, Attention Deficit/Hyperactivity Disorder | 13, Oppositional Defiant Disorder",,,,,,"[adis2_confirm_s1_r1_e1] = '1'",,,,,,
adis2_ch_dx5_sp_s1_r1_e1,adis2_s1_r1_e1,,text,"<div class=""rich-text-field-label""><p><span style=""color: #ba372a;"">Please specify:</span></p></div>",,,,,,,"[adis2_ch_dx5_lb_s1_r1_e1] = '3'",y,,,,,
adis2_ch_dx5_ir_s1_r1_e1,adis2_s1_r1_e1,,radio,"Interference Rating","1, 0 | 2, 1 | 3, 2 | 4, 3 | 5, 4 | 6, 5 | 7, 6 | 8, 7 | 9, 8",,,,,,[adis2_ch_dx5_lb_s1_r1_e1]>0,y,,,adis2_ch_dx5_ir,,
adis2_ch_dx6_lb_s1_r1_e1,adis2_s1_r1_e1,,dropdown,"Diagnosis 6","0, None | 1, Separation Anxiety Disorder | 2, Social Phobia | 3, Specific Phobia | 4, Panic Disorder | 5, Agoraphobia (With Panic Disorder) | 6, Agoraphobia (Without Panic Disorder) | 7, Generalized Anxiety Disorder | 8, Obsessive-Compulsive Disorder | 9, Posttraumatic Stress Disorder | 10, Major Depressive Disorder (Current) | 11, Major Depressive Disorder (Lifetime) | 12, Attention Deficit/Hyperactivity Disorder | 13, Oppositional Defiant Disorder",,,,,,"[adis2_confirm_s1_r1_e1] = '1'",,,,,,
adis2_ch_dx6_sp_s1_r1_e1,adis2_s1_r1_e1,,text,"<div class=""rich-text-field-label""><p><span style=""color: #ba372a;"">Please specify:</span></p></div>",,,,,,,"[adis2_ch_dx6_lb_s1_r1_e1] = '3'",y,,,,,
adis2_ch_dx6_ir_s1_r1_e1,adis2_s1_r1_e1,,radio,"Interference Rating","1, 0 | 2, 1 | 3, 2 | 4, 3 | 5, 4 | 6, 5 | 7, 6 | 8, 7 | 9, 8",,,,,,[adis2_ch_dx6_lb_s1_r1_e1]>0,y,,,adis2_ch_dx6_ir,,
adis2_ch_dx7_lb_s1_r1_e1,adis2_s1_r1_e1,,dropdown,"Diagnosis 7","0, None | 1, Separation Anxiety Disorder | 2, Social Phobia | 3, Specific Phobia | 4, Panic Disorder | 5, Agoraphobia (With Panic Disorder) | 6, Agoraphobia (Without Panic Disorder) | 7, Generalized Anxiety Disorder | 8, Obsessive-Compulsive Disorder | 9, Posttraumatic Stress Disorder | 10, Major Depressive Disorder (Current) | 11, Major Depressive Disorder (Lifetime) | 12, Attention Deficit/Hyperactivity Disorder | 13, Oppositional Defiant Disorder",,,,,,"[adis2_confirm_s1_r1_e1] = '1'",,,,,,
adis2_ch_dx7_sp_s1_r1_e1,adis2_s1_r1_e1,,text,"<div class=""rich-text-field-label""><p><span style=""color: #ba372a;"">Please specify:</span></p></div>",,,,,,,"[adis2_ch_dx7_lb_s1_r1_e1] = '3'",y,,,,,
adis2_ch_dx7_ir_s1_r1_e1,adis2_s1_r1_e1,,radio,"Interference Rating","1, 0 | 2, 1 | 3, 2 | 4, 3 | 5, 4 | 6, 5 | 7, 6 | 8, 7 | 9, 8",,,,,,[adis2_ch_dx7_lb_s1_r1_e1]>0,y,,,adis2_ch_dx7_ir,,
adis2_ch_dx8_lb_s1_r1_e1,adis2_s1_r1_e1,,dropdown,"Diagnosis 8","0, None | 1, Separation Anxiety Disorder | 2, Social Phobia | 3, Specific Phobia | 4, Panic Disorder | 5, Agoraphobia (With Panic Disorder) | 6, Agoraphobia (Without Panic Disorder) | 7, Generalized Anxiety Disorder | 8, Obsessive-Compulsive Disorder | 9, Posttraumatic Stress Disorder | 10, Major Depressive Disorder (Current) | 11, Major Depressive Disorder (Lifetime) | 12, Attention Deficit/Hyperactivity Disorder | 13, Oppositional Defiant Disorder",,,,,,"[adis2_confirm_s1_r1_e1] = '1'",,,,,,
adis2_ch_dx8_sp_s1_r1_e1,adis2_s1_r1_e1,,text,"<div class=""rich-text-field-label""><p><span style=""color: #ba372a;"">Please specify:</span></p></div>",,,,,,,"[adis2_ch_dx8_lb_s1_r1_e1] = '3'",y,,,,,
adis2_ch_dx8_ir_s1_r1_e1,adis2_s1_r1_e1,,radio,"Interference Rating","1, 0 | 2, 1 | 3, 2 | 4, 3 | 5, 4 | 6, 5 | 7, 6 | 8, 7 | 9, 8",,,,,,[adis2_ch_dx8_lb_s1_r1_e1]>0,y,,,adis2_ch_dx8_ir,,
adis2_pa_dx1_lb_s1_r1_e1,adis2_s1_r1_e1,"Parent Ratings",dropdown,"Diagnosis 1","0, None | 1, Separation Anxiety Disorder | 2, Social Phobia | 3, Specific Phobia | 4, Panic Disorder | 5, Agoraphobia (With Panic Disorder) | 6, Agoraphobia (Without Panic Disorder) | 7, Generalized Anxiety Disorder | 8, Obsessive-Compulsive Disorder | 9, Posttraumatic Stress Disorder | 10, Major Depressive Disorder (Current) | 11, Major Depressive Disorder (Lifetime) | 12, Attention Deficit/Hyperactivity Disorder | 13, Oppositional Defiant Disorder",,,,,,"[adis2_confirm_s1_r1_e1] = '1'",y,,,,,
adis2_pa_dx1_sp_s1_r1_e1,adis2_s1_r1_e1,,text,"<div class=""rich-text-field-label""><p><span style=""color: #ba372a;"">Please specify:</span></p></div>",,,,,,,"[adis2_pa_dx1_lb_s1_r1_e1] = '3'",y,,,,,
adis2_pa_dx1_ir_s1_r1_e1,adis2_s1_r1_e1,,radio,"Interference Rating","1, 0 | 2, 1 | 3, 2 | 4, 3 | 5, 4 | 6, 5 | 7, 6 | 8, 7 | 9, 8",,,,,,[adis2_pa_dx1_lb_s1_r1_e1]>0,y,,,adis2_pa_dx1_ir,y,
adis2_pa_dx2_lb_s1_r1_e1,adis2_s1_r1_e1,,dropdown,"Diagnosis 2","0, None | 1, Separation Anxiety Disorder | 2, Social Phobia | 3, Specific Phobia | 4, Panic Disorder | 5, Agoraphobia (With Panic Disorder) | 6, Agoraphobia (Without Panic Disorder) | 7, Generalized Anxiety Disorder | 8, Obsessive-Compulsive Disorder | 9, Posttraumatic Stress Disorder | 10, Major Depressive Disorder (Current) | 11, Major Depressive Disorder (Lifetime) | 12, Attention Deficit/Hyperactivity Disorder | 13, Oppositional Defiant Disorder",,,,,,"[adis2_confirm_s1_r1_e1] = '1'",,,,,,
adis2_pa_dx2_sp_s1_r1_e1,adis2_s1_r1_e1,,text,"<div class=""rich-text-field-label""><p><span style=""color: #ba372a;"">Please specify:</span></p></div>",,,,,,,"[adis2_pa_dx2_lb_s1_r1_e1] = '3'",y,,,,,
adis2_pa_dx2_ir_s1_r1_e1,adis2_s1_r1_e1,,radio,"Interference Rating","1, 0 | 2, 1 | 3, 2 | 4, 3 | 5, 4 | 6, 5 | 7, 6 | 8, 7 | 9, 8",,,,,,[adis2_pa_dx2_lb_s1_r1_e1]>0,y,,,adis2_pa_dx2_ir,,
adis2_pa_dx3_lb_s1_r1_e1,adis2_s1_r1_e1,,dropdown,"Diagnosis 3","0, None | 1, Separation Anxiety Disorder | 2, Social Phobia | 3, Specific Phobia | 4, Panic Disorder | 5, Agoraphobia (With Panic Disorder) | 6, Agoraphobia (Without Panic Disorder) | 7, Generalized Anxiety Disorder | 8, Obsessive-Compulsive Disorder | 9, Posttraumatic Stress Disorder | 10, Major Depressive Disorder (Current) | 11, Major Depressive Disorder (Lifetime) | 12, Attention Deficit/Hyperactivity Disorder | 13, Oppositional Defiant Disorder",,,,,,"[adis2_confirm_s1_r1_e1] = '1'",,,,,,
adis2_pa_dx3_sp_s1_r1_e1,adis2_s1_r1_e1,,text,"<div class=""rich-text-field-label""><p><span style=""color: #ba372a;"">Please specify:</span></p></div>",,,,,,,"[adis2_pa_dx3_lb_s1_r1_e1] = '3'",y,,,,,
adis2_pa_dx3_ir_s1_r1_e1,adis2_s1_r1_e1,,radio,"Interference Rating","1, 0 | 2, 1 | 3, 2 | 4, 3 | 5, 4 | 6, 5 | 7, 6 | 8, 7 | 9, 8",,,,,,[adis2_pa_dx3_lb_s1_r1_e1]>0,y,,,adis2_pa_dx3_ir,,
adis2_pa_dx4_lb_s1_r1_e1,adis2_s1_r1_e1,,dropdown,"Diagnosis 4","0, None | 1, Separation Anxiety Disorder | 2, Social Phobia | 3, Specific Phobia | 4, Panic Disorder | 5, Agoraphobia (With Panic Disorder) | 6, Agoraphobia (Without Panic Disorder) | 7, Generalized Anxiety Disorder | 8, Obsessive-Compulsive Disorder | 9, Posttraumatic Stress Disorder | 10, Major Depressive Disorder (Current) | 11, Major Depressive Disorder (Lifetime) | 12, Attention Deficit/Hyperactivity Disorder | 13, Oppositional Defiant Disorder",,,,,,"[adis2_confirm_s1_r1_e1] = '1'",,,,,,
adis2_pa_dx4_sp_s1_r1_e1,adis2_s1_r1_e1,,text,"<div class=""rich-text-field-label""><p><span style=""color: #ba372a;"">Please specify:</span></p></div>",,,,,,,"[adis2_pa_dx4_lb_s1_r1_e1] = '3'",y,,,,,
adis2_pa_dx4_ir_s1_r1_e1,adis2_s1_r1_e1,,radio,"Interference Rating","1, 0 | 2, 1 | 3, 2 | 4, 3 | 5, 4 | 6, 5 | 7, 6 | 8, 7 | 9, 8",,,,,,[adis2_pa_dx4_lb_s1_r1_e1]>0,y,,,adis2_pa_dx4_ir,,
adis2_pa_dx5_lb_s1_r1_e1,adis2_s1_r1_e1,,dropdown,"Diagnosis 5","0, None | 1, Separation Anxiety Disorder | 2, Social Phobia | 3, Specific Phobia | 4, Panic Disorder | 5, Agoraphobia (With Panic Disorder) | 6, Agoraphobia (Without Panic Disorder) | 7, Generalized Anxiety Disorder | 8, Obsessive-Compulsive Disorder | 9, Posttraumatic Stress Disorder | 10, Major Depressive Disorder (Current) | 11, Major Depressive Disorder (Lifetime) | 12, Attention Deficit/Hyperactivity Disorder | 13, Oppositional Defiant Disorder",,,,,,"[adis2_confirm_s1_r1_e1] = '1'",,,,,,
adis2_pa_dx5_sp_s1_r1_e1,adis2_s1_r1_e1,,text,"<div class=""rich-text-field-label""><p><span style=""color: #ba372a;"">Please specify:</span></p></div>",,,,,,,"[adis2_pa_dx5_lb_s1_r1_e1] = '3'",y,,,,,
adis2_pa_dx5_ir_s1_r1_e1,adis2_s1_r1_e1,,radio,"Interference Rating","1, 0 | 2, 1 | 3, 2 | 4, 3 | 5, 4 | 6, 5 | 7, 6 | 8, 7 | 9, 8",,,,,,[adis2_pa_dx5_lb_s1_r1_e1]>0,y,,,adis2_pa_dx5_ir,,
adis2_pa_dx6_lb_s1_r1_e1,adis2_s1_r1_e1,,dropdown,"Diagnosis 6","0, None | 1, Separation Anxiety Disorder | 2, Social Phobia | 3, Specific Phobia | 4, Panic Disorder | 5, Agoraphobia (With Panic Disorder) | 6, Agoraphobia (Without Panic Disorder) | 7, Generalized Anxiety Disorder | 8, Obsessive-Compulsive Disorder | 9, Posttraumatic Stress Disorder | 10, Major Depressive Disorder (Current) | 11, Major Depressive Disorder (Lifetime) | 12, Attention Deficit/Hyperactivity Disorder | 13, Oppositional Defiant Disorder",,,,,,"[adis2_confirm_s1_r1_e1] = '1'",,,,,,
adis2_pa_dx6_sp_s1_r1_e1,adis2_s1_r1_e1,,text,"<div class=""rich-text-field-label""><p><span style=""color: #ba372a;"">Please specify:</span></p></div>",,,,,,,"[adis2_pa_dx6_lb_s1_r1_e1] = '3'",y,,,,,
adis2_pa_dx6_ir_s1_r1_e1,adis2_s1_r1_e1,,radio,"Interference Rating","1, 0 | 2, 1 | 3, 2 | 4, 3 | 5, 4 | 6, 5 | 7, 6 | 8, 7 | 9, 8",,,,,,[adis2_pa_dx6_lb_s1_r1_e1]>0,y,,,adis2_pa_dx6_ir,,
adis2_pa_dx7_lb_s1_r1_e1,adis2_s1_r1_e1,,dropdown,"Diagnosis 7","0, None | 1, Separation Anxiety Disorder | 2, Social Phobia | 3, Specific Phobia | 4, Panic Disorder | 5, Agoraphobia (With Panic Disorder) | 6, Agoraphobia (Without Panic Disorder) | 7, Generalized Anxiety Disorder | 8, Obsessive-Compulsive Disorder | 9, Posttraumatic Stress Disorder | 10, Major Depressive Disorder (Current) | 11, Major Depressive Disorder (Lifetime) | 12, Attention Deficit/Hyperactivity Disorder | 13, Oppositional Defiant Disorder",,,,,,"[adis2_confirm_s1_r1_e1] = '1'",,,,,,
adis2_pa_dx7_sp_s1_r1_e1,adis2_s1_r1_e1,,text,"<div class=""rich-text-field-label""><p><span style=""color: #ba372a;"">Please specify:</span></p></div>",,,,,,,"[adis2_pa_dx7_lb_s1_r1_e1] = '3'",y,,,,,
adis2_pa_dx7_ir_s1_r1_e1,adis2_s1_r1_e1,,radio,"Interference Rating","1, 0 | 2, 1 | 3, 2 | 4, 3 | 5, 4 | 6, 5 | 7, 6 | 8, 7 | 9, 8",,,,,,[adis2_pa_dx7_lb_s1_r1_e1]>0,y,,,adis2_pa_dx7_ir,,
adis2_pa_dx8_lb_s1_r1_e1,adis2_s1_r1_e1,,dropdown,"Diagnosis 8","0, None | 1, Separation Anxiety Disorder | 2, Social Phobia | 3, Specific Phobia | 4, Panic Disorder | 5, Agoraphobia (With Panic Disorder) | 6, Agoraphobia (Without Panic Disorder) | 7, Generalized Anxiety Disorder | 8, Obsessive-Compulsive Disorder | 9, Posttraumatic Stress Disorder | 10, Major Depressive Disorder (Current) | 11, Major Depressive Disorder (Lifetime) | 12, Attention Deficit/Hyperactivity Disorder | 13, Oppositional Defiant Disorder",,,,,,"[adis2_confirm_s1_r1_e1] = '1'",,,,,,
adis2_pa_dx8_sp_s1_r1_e1,adis2_s1_r1_e1,,text,"<div class=""rich-text-field-label""><p><span style=""color: #ba372a;"">Please specify:</span></p></div>",,,,,,,"[adis2_pa_dx8_lb_s1_r1_e1] = '3'",y,,,,,
adis2_pa_dx8_ir_s1_r1_e1,adis2_s1_r1_e1,,radio,"Interference Rating","1, 0 | 2, 1 | 3, 2 | 4, 3 | 5, 4 | 6, 5 | 7, 6 | 8, 7 | 9, 8",,,,,,[adis2_pa_dx8_lb_s1_r1_e1]>0,y,,,adis2_pa_dx8_ir,,
adis2_rater_s1_r1_e1,adis2_s1_r1_e1,"Secondary Rater Information",text,"Secondary Rater Name",,,,,,,"[adis2_confirm_s1_r1_e1] = '1'",y,,,,,
