"Variable / Field Name","Form Name","Section Header","Field Type","Field Label","Choices, Calculations, OR Slider Labels","Field Note","Text Validation Type OR Show Slider Number","Text Validation Min","Text Validation Max",Identifier?,"Branching Logic (Show field only if...)","Required Field?","Custom Alignment","Question Number (surveys only)","Matrix Group Name","Matrix Ranking?","Field Annotation"
via_i0_s1_r1_e1,via_s1_r1_e1,,yesno,"Do you have a heritage culture (other than American)?",,,,,,,,y,,,,,
via_culture_s1_r1_e1,via_s1_r1_e1,,text,"Your heritage culture (other than American) is:",,,,,,,"[via_i0_s1_r1_e1] = '1'",,,,,,
via_i1_s1_r1_e1,via_s1_r1_e1,,radio,"I often participate in my <i>heritage cultural</i> traditions.","1, Disagree | 2,  | 3,  | 4,  | 5,  | 6,  | 7,  | 8,  | 9, Agree",,,,,,"[via_i0_s1_r1_e1] = '1'",,,,via,,
via_i2_s1_r1_e1,via_s1_r1_e1,,radio,"I often participate in mainstream American cultural traditions.","1, Disagree | 2,  | 3,  | 4,  | 5,  | 6,  | 7,  | 8,  | 9, Agree",,,,,,"[via_i0_s1_r1_e1] = '1'",,,,via,,
via_i3_s1_r1_e1,via_s1_r1_e1,,radio,"I enjoy social activities with people from the same <i>heritage culture</i> as myself.","1, Disagree | 2,  | 3,  | 4,  | 5,  | 6,  | 7,  | 8,  | 9, Agree",,,,,,"[via_i0_s1_r1_e1] = '1'",,,,via,,
via_i4_s1_r1_e1,via_s1_r1_e1,,radio,"I enjoy social activities with typical American people.","1, Disagree | 2,  | 3,  | 4,  | 5,  | 6,  | 7,  | 8,  | 9, Agree",,,,,,"[via_i0_s1_r1_e1] = '1'",,,,via,,
via_i5_s1_r1_e1,via_s1_r1_e1,,radio,"I am comfortable interacting with people of the same <i>heritage culture</i> as myself.","1, Disagree | 2,  | 3,  | 4,  | 5,  | 6,  | 7,  | 8,  | 9, Agree",,,,,,"[via_i0_s1_r1_e1] = '1'",,,,via,,
via_i6_s1_r1_e1,via_s1_r1_e1,,radio,"I am comfortable interacting with typical American people.","1, Disagree | 2,  | 3,  | 4,  | 5,  | 6,  | 7,  | 8,  | 9, Agree",,,,,,"[via_i0_s1_r1_e1] = '1'",,,,via,,
via_i7_s1_r1_e1,via_s1_r1_e1,,radio,"I enjoy entertainment (e.g. movies, music) from my <i>heritage culture</i>.","1, Disagree | 2,  | 3,  | 4,  | 5,  | 6,  | 7,  | 8,  | 9, Agree",,,,,,"[via_i0_s1_r1_e1] = '1'",,,,via,,
via_i8_s1_r1_e1,via_s1_r1_e1,,radio,"I enjoy typical American entertainment (e.g. movies, music).","1, Disagree | 2,  | 3,  | 4,  | 5,  | 6,  | 7,  | 8,  | 9, Agree",,,,,,"[via_i0_s1_r1_e1] = '1'",,,,via,,
via_i9_s1_r1_e1,via_s1_r1_e1,,radio,"I often behave in ways that are typical of my <i>heritage culture</i>.","1, Disagree | 2,  | 3,  | 4,  | 5,  | 6,  | 7,  | 8,  | 9, Agree",,,,,,"[via_i0_s1_r1_e1] = '1'",,,,via,,
via_i10_s1_r1_e1,via_s1_r1_e1,,radio,"I often behave in ways that are typically American.","1, Disagree | 2,  | 3,  | 4,  | 5,  | 6,  | 7,  | 8,  | 9, Agree",,,,,,"[via_i0_s1_r1_e1] = '1'",,,,via,,
via_i11_s1_r1_e1,via_s1_r1_e1,,radio,"It is important for me to maintain or develop the practices of my <i>heritage culture</i>.","1, Disagree | 2,  | 3,  | 4,  | 5,  | 6,  | 7,  | 8,  | 9, Agree",,,,,,"[via_i0_s1_r1_e1] = '1'",,,,via,,
via_i12_s1_r1_e1,via_s1_r1_e1,,radio,"It is important for me to maintain or develop American mainstream cultural practices.","1, Disagree | 2,  | 3,  | 4,  | 5,  | 6,  | 7,  | 8,  | 9, Agree",,,,,,"[via_i0_s1_r1_e1] = '1'",,,,via,,
via_i13_s1_r1_e1,via_s1_r1_e1,,radio,"I believe in the values of my <i>heritage culture</i>.","1, Disagree | 2,  | 3,  | 4,  | 5,  | 6,  | 7,  | 8,  | 9, Agree",,,,,,"[via_i0_s1_r1_e1] = '1'",,,,via,,
via_i14_s1_r1_e1,via_s1_r1_e1,,radio,"I believe in mainstream American values.","1, Disagree | 2,  | 3,  | 4,  | 5,  | 6,  | 7,  | 8,  | 9, Agree",,,,,,"[via_i0_s1_r1_e1] = '1'",,,,via,,
via_i15_s1_r1_e1,via_s1_r1_e1,,radio,"I am interested in having friends from my <i>heritage culture</i>.","1, Disagree | 2,  | 3,  | 4,  | 5,  | 6,  | 7,  | 8,  | 9, Agree",,,,,,"[via_i0_s1_r1_e1] = '1'",,,,via,,
via_i16_s1_r1_e1,via_s1_r1_e1,,radio,"I am interested in having typical American friends.","1, Disagree | 2,  | 3,  | 4,  | 5,  | 6,  | 7,  | 8,  | 9, Agree",,,,,,"[via_i0_s1_r1_e1] = '1'",,,,via,,
