"Variable / Field Name","Form Name","Section Header","Field Type","Field Label","Choices, Calculations, OR Slider Labels","Field Note","Text Validation Type OR Show Slider Number","Text Validation Min","Text Validation Max",Identifier?,"Branching Logic (Show field only if...)","Required Field?","Custom Alignment","Question Number (surveys only)","Matrix Group Name","Matrix Ranking?","Field Annotation"
rsrip_i1_s1_r1_e1,rsrip_s1_r1_e1,,radio,"On the average, how often per year was the child absent from school due to illness?","1, 0-4 days | 2, 5-9 days | 3, 10-14 days | 4, 15-19 days | 5, 20 or more days",,,,,,,y,,,,,
rsrip_i2_s1_r1_e1,rsrip_s1_r1_e1,,radio,"On the average, how often per year was the child sent to the nurse's office due to illness?","1, 0-4 days | 2, 5-9 days | 3, 10-14 days | 4, 15-19 days | 5, 20 or more days",,,,,,,y,,,,,
rsrip_i3_s1_r1_e1,rsrip_s1_r1_e1,,radio,"Did the child have illnesses/symptoms such as headaches or stomach aches for which the doctors could not find a cause?","1, never | 2, rarely | 3, sometimes | 4, often | 5, very often",,,,,,,y,,,,,
rsrip_i4_s1_r1_e1,rsrip_s1_r1_e1,,radio,"How often did the child have nightmares?","1, never | 2, once a year | 3, once a month | 4, once a week | 5, once a night",,,,,,,y,,,,,
rsrip_i5_s1_r1_e1,rsrip_s1_r1_e1,,radio,"Was the child scared of the dark?","1, never | 2, rarely | 3, sometimes | 4, often | 5, very often",,,,,,,y,,,,,
rsrip_i6_s1_r1_e1,rsrip_s1_r1_e1,,radio,"Was it necessary for you or the child to check under the bed or in the closet before the child went to sleep?","1, never | 2, once a year | 3, once a month | 4, once a week | 5, once a night",,,,,,,y,,,,,
rsrip_i7_s1_r1_e1,rsrip_s1_r1_e1,,radio,"Did the child need to have a special stuffed animal, blanket, or toy with them so that they could fall asleep?","1, never | 2, rarely | 3, sometimes | 4, often | 5, very often",,,,,,,y,,,,,
rsrip_i8_s1_r1_e1,rsrip_s1_r1_e1,,radio,"Was the child afraid of dogs, cats, or other domestic animals?","1, never | 2, rarely | 3, sometimes | 4, often | 5, very often",,,,,,,y,,,,,
rsrip_i9_s1_r1_e1,rsrip_s1_r1_e1,,radio,"Was the child afraid of unfamiliar animals, such as those they encountered on the street or at someone else's home?","1, never | 2, rarely | 3, sometimes | 4, often | 5, very often",,,,,,,y,,,,,
rsrip_i10_s1_r1_e1,rsrip_s1_r1_e1,,radio,"Was the child scared that they would be kidnapped or otherwise separated from their parents/guardians?","1, never | 2, rarely | 3, sometimes | 4, often | 5, very often",,,,,,,y,,,,,
rsrip_i11_s1_r1_e1,rsrip_s1_r1_e1,,radio,"Did it upset the child when they were left with a new, unfamiliar baby-sitter?","1, never | 2, rarely | 3, sometimes | 4, often | 5, very often",,,,,,,y,,,,,
rsrip_i12_s1_r1_e1,rsrip_s1_r1_e1,,radio,"When you went out without the child, were they scared that you might not come back?","1, never | 2, rarely | 3, sometimes | 4, often | 5, very often",,,,,,,y,,,,,
rsrip_i13_s1_r1_e1,rsrip_s1_r1_e1,,radio,"Did the child sleep over at friends' houses?","1, very often | 2, often | 3, sometimes | 4, rarely | 5, never",,,,,,,y,,,,,
rsrip_i14_s1_r1_e1,rsrip_s1_r1_e1,,radio,"Did the child try new foods?","1, eagerly | 2, agreeably | 3, with coaxing | 4, only if pressured | 5, never",,,,,,,y,,,,,
rsrip_i15_s1_r1_e1,rsrip_s1_r1_e1,,radio,"Was the child usually scared on the first day of school of a new school year?","1, not at all | 2, slightly | 3, moderately | 4, very | 5, terrified",,,,,,,y,,,,,
rsrip_i16_s1_r1_e1,rsrip_s1_r1_e1,,radio,"Did the child ever pretend to be sick in order to avoid going to school or to other social events?","1, never | 2, rarely | 3, sometimes | 4, often | 5, very often",,,,,,,y,,,,,
rsrip_i17_s1_r1_e1,rsrip_s1_r1_e1,,radio,"Did it upset the child to be called up to the blackboard?","1, not at all | 2, slightly | 3, moderately | 4, very | 5, terrified",,,,,,,y,,,,,
rsrip_i18_s1_r1_e1,rsrip_s1_r1_e1,,radio,"Did it upset the child to be called on, even if they knew the answer?","1, not at all | 2, slightly | 3, moderately | 4, very | 5, terrified",,,,,,,y,,,,,
rsrip_i19_s1_r1_e1,rsrip_s1_r1_e1,,radio,"Did the child's teachers have trouble hearing them when they spoke or answered a question in class?","1, never | 2, rarely | 3, sometimes | 4, often | 5, very often",,,,,,,y,,,,,
rsrip_i20_s1_r1_e1,rsrip_s1_r1_e1,,radio,"If there was something that the child did not understand in class, did they ask the teacher for help?","1, always | 2, often | 3, sometimes | 4, rarely | 5, never",,,,,,,y,,,,,
rsrip_i21_s1_r1_e1,rsrip_s1_r1_e1,,radio,"During recess, did the child play with the main group of children?","1, always | 2, often | 3, sometimes | 4, rarely | 5, never",,,,,,,y,,,,,
rsrip_i22_s1_r1_e1,rsrip_s1_r1_e1,,radio,"Did the child enjoy participating in party games?","1, always | 2, often | 3, sometimes | 4, rarely | 5, never",,,,,,,y,,,,,
rsrip_i23_s1_r1_e1,rsrip_s1_r1_e1,,radio,"Did the child enjoy meeting new children their age?","1, always | 2, often | 3, sometimes | 4, rarely | 5, never",,,,,,,y,,,,,
rsrip_i24_s1_r1_e1,rsrip_s1_r1_e1,,radio,"Did the child's voice squeak, crack, or sound shaky when they were talking in front of a group of people?","1, never | 2, rarely | 3, sometimes | 4, often | 5, very often",,,,,,,y,,,,,
rsrip_i25_s1_r1_e1,rsrip_s1_r1_e1,,radio,"How popular did the child feel?","1, very | 2, moderately | 3, average | 4, below average | 5, not at all",,,,,,,y,,,,,
rsrip_i26_s1_r1_e1,rsrip_s1_r1_e1,,radio,"Did the child have any problems with, or have to see a doctor for allergies, sleeplessness, or constipation?","1, never | 2, rarely | 3, sometimes | 4, often | 5, very often",,,,,,,y,,,,,
rsrip_i27_s1_r1_e1,rsrip_s1_r1_e1,,radio,"Did the child need a night-light or hall light on in order to go to sleep?","1, never | 2, rarely | 3, sometimes | 4, often | 5, very often",,,,,,,y,,,,,
rsrip_i28_s1_r1_e1,rsrip_s1_r1_e1,,radio,"Did the child willingly participate in group singing or plays?","1, always | 2, often | 3, sometimes | 4, rarely | 5, never",,,,,,,y,,,,,
rsrip_i29_s1_r1_e1,rsrip_s1_r1_e1,,radio,"Were the child's feelings easily hurt?","1, never | 2, rarely | 3, sometimes | 4, often | 5, very often",,,,,,,y,,,,,
rsrip_i30_s1_r1_e1,rsrip_s1_r1_e1,,radio,"Did the child tell their friends or family members when they were angry with them?","1, always | 2, often | 3, sometimes | 4, rarely | 5, never",,,,,,,y,,,,,
