"Variable / Field Name","Form Name","Section Header","Field Type","Field Label","Choices, Calculations, OR Slider Labels","Field Note","Text Validation Type OR Show Slider Number","Text Validation Min","Text Validation Max",Identifier?,"Branching Logic (Show field only if...)","Required Field?","Custom Alignment","Question Number (surveys only)","Matrix Group Name","Matrix Ranking?","Field Annotation"
masi_b_heritage_s1_r1_e1,masi_b_s1_r1_e1,,radio,"Do you have a heritage culture (other than mainstream American)?","1, Yes | 0, No",,,,,,,y,,,,,
masi_b_which_s1_r1_e1,masi_b_s1_r1_e1,,text,"Your heritage culture (other than mainstream American) is:",,,,,,,"[masi_b_heritage_s1_r1_e1] = '1'",,,,,,
masi_b_i1_s1_r1_e1,masi_b_s1_r1_e1,"Please rate how strongly you agree/disagree with the following statements.",radio,"I don't speak my family's heritage language or don't speak it well.","1, strongly disagree | 2,  | 3,  | 4,  | 5, strongly agree",,,,,,"[masi_b_heritage_s1_r1_e1] = '1'",y,,,masi,,
masi_b_i2_s1_r1_e1,masi_b_s1_r1_e1,,radio,"I feel uncomfortable being around people who only speak my family's heritage language.","1, strongly disagree | 2,  | 3,  | 4,  | 5, strongly agree",,,,,,"[masi_b_heritage_s1_r1_e1] = '1'",y,,,masi,,
masi_b_i3_s1_r1_e1,masi_b_s1_r1_e1,,radio,"I feel pressure to learn my family's heritage language.","1, strongly disagree | 2,  | 3,  | 4,  | 5, strongly agree",,,,,,"[masi_b_heritage_s1_r1_e1] = '1'",y,,,masi,,
masi_b_i4_s1_r1_e1,masi_b_s1_r1_e1,,radio,"I have a hard time understanding others when they speak my family's heritage language.","1, strongly disagree | 2,  | 3,  | 4,  | 5, strongly agree",,,,,,"[masi_b_heritage_s1_r1_e1] = '1'",y,,,masi,,
masi_b_i5_s1_r1_e1,masi_b_s1_r1_e1,,radio,"Since I don't speak my family's heritage language well, people have treated me rudely or unfairly.","1, strongly disagree | 2,  | 3,  | 4,  | 5, strongly agree",,,,,,"[masi_b_heritage_s1_r1_e1] = '1'",y,,,masi,,
masi_b_i6_s1_r1_e1,masi_b_s1_r1_e1,,radio,"It bothers me when people assume that I speak my family's heritage language.","1, strongly disagree | 2,  | 3,  | 4,  | 5, strongly agree",,,,,,"[masi_b_heritage_s1_r1_e1] = '1'",y,,,masi,,
masi_b_i7_s1_r1_e1,masi_b_s1_r1_e1,,radio,"I have been discriminated against because I have difficulty speaking my family's heritage language.","1, strongly disagree | 2,  | 3,  | 4,  | 5, strongly agree",,,,,,"[masi_b_heritage_s1_r1_e1] = '1'",y,,,masi,,
masi_b_i8_s1_r1_e1,masi_b_s1_r1_e1,,radio,"I don't speak English or don't speak it well.","1, strongly disagree | 2,  | 3,  | 4,  | 5, strongly agree",,,,,,"[masi_b_heritage_s1_r1_e1] = '1'",y,,,masi,,
masi_b_i9_s1_r1_e1,masi_b_s1_r1_e1,,radio,"I have been discriminated against because I have difficulty speaking English.","1, strongly disagree | 2,  | 3,  | 4,  | 5, strongly agree",,,,,,"[masi_b_heritage_s1_r1_e1] = '1'",y,,,masi,,
masi_b_i10_s1_r1_e1,masi_b_s1_r1_e1,,radio,"Since I don't speak English well, people have treated me rudely or unfairly.","1, strongly disagree | 2,  | 3,  | 4,  | 5, strongly agree",,,,,,"[masi_b_heritage_s1_r1_e1] = '1'",y,,,masi,,
masi_b_i11_s1_r1_e1,masi_b_s1_r1_e1,,radio,"I feel pressure to learn English.","1, strongly disagree | 2,  | 3,  | 4,  | 5, strongly agree",,,,,,"[masi_b_heritage_s1_r1_e1] = '1'",y,,,masi,,
masi_b_i12_s1_r1_e1,masi_b_s1_r1_e1,,radio,"It bothers me that I speak English with an accent.","1, strongly disagree | 2,  | 3,  | 4,  | 5, strongly agree",,,,,,"[masi_b_heritage_s1_r1_e1] = '1'",y,,,masi,,
masi_b_i13_s1_r1_e1,masi_b_s1_r1_e1,,radio,"I have a hard time understanding others when they speak English.","1, strongly disagree | 2,  | 3,  | 4,  | 5, strongly agree",,,,,,"[masi_b_heritage_s1_r1_e1] = '1'",y,,,masi,,
masi_b_i14_s1_r1_e1,masi_b_s1_r1_e1,,radio,"I feel uncomfortable being around people who only speak English.","1, strongly disagree | 2,  | 3,  | 4,  | 5, strongly agree",,,,,,"[masi_b_heritage_s1_r1_e1] = '1'",y,,,masi,,
masi_b_i15_s1_r1_e1,masi_b_s1_r1_e1,,radio,"It bothers me when people pressure me to assimilate to the American way of doing things.","1, strongly disagree | 2,  | 3,  | 4,  | 5, strongly agree",,,,,,"[masi_b_heritage_s1_r1_e1] = '1'",y,,,masi,,
masi_b_i16_s1_r1_e1,masi_b_s1_r1_e1,,radio,"It bothers me when people don't respect my family's cultural values.","1, strongly disagree | 2,  | 3,  | 4,  | 5, strongly agree",,,,,,"[masi_b_heritage_s1_r1_e1] = '1'",y,,,masi,,
masi_b_i17_s1_r1_e1,masi_b_s1_r1_e1,,radio,"Because of my cultural background, I have a hard time fitting in with White Americans.","1, strongly disagree | 2,  | 3,  | 4,  | 5, strongly agree",,,,,,"[masi_b_heritage_s1_r1_e1] = '1'",y,,,masi,,
masi_b_i18_s1_r1_e1,masi_b_s1_r1_e1,,radio,"I feel uncomfortable when others expect me to know American ways of doing things.","1, strongly disagree | 2,  | 3,  | 4,  | 5, strongly agree",,,,,,"[masi_b_heritage_s1_r1_e1] = '1'",y,,,masi,,
masi_b_i19_s1_r1_e1,masi_b_s1_r1_e1,,radio,"I don't feel accepted by White Americans.","1, strongly disagree | 2,  | 3,  | 4,  | 5, strongly agree",,,,,,"[masi_b_heritage_s1_r1_e1] = '1'",y,,,masi,,
masi_b_i20_s1_r1_e1,masi_b_s1_r1_e1,,radio,"I feel uncomfortable when I have to choose between my family's heritage culture and American ways of doing things.","1, strongly disagree | 2,  | 3,  | 4,  | 5, strongly agree",,,,,,"[masi_b_heritage_s1_r1_e1] = '1'",y,,,masi,,
masi_b_i21_s1_r1_e1,masi_b_s1_r1_e1,,radio,"People look down upon me if I practice customs from my family's heritage culture.","1, strongly disagree | 2,  | 3,  | 4,  | 5, strongly agree",,,,,,"[masi_b_heritage_s1_r1_e1] = '1'",y,,,masi,,
masi_b_i22_s1_r1_e1,masi_b_s1_r1_e1,,radio,"I have had conflicts with others because I prefer American customs over those from my family's heritage culture.","1, strongly disagree | 2,  | 3,  | 4,  | 5, strongly agree",,,,,,"[masi_b_heritage_s1_r1_e1] = '1'",y,,,masi,,
masi_b_i23_s1_r1_e1,masi_b_s1_r1_e1,,radio,"People look down upon me if I practice American customs.","1, strongly disagree | 2,  | 3,  | 4,  | 5, strongly agree",,,,,,"[masi_b_heritage_s1_r1_e1] = '1'",y,,,masi,,
masi_b_i24_s1_r1_e1,masi_b_s1_r1_e1,,radio,"I feel uncomfortable when others expect me to know the ways of doing things in my family's heritage culture.","1, strongly disagree | 2,  | 3,  | 4,  | 5, strongly agree",,,,,,"[masi_b_heritage_s1_r1_e1] = '1'",y,,,masi,,
masi_b_i25_s1_r1_e1,masi_b_s1_r1_e1,,radio,"I feel uncomfortable because my family members do not know the ways of doing things from their heritage culture.","1, strongly disagree | 2,  | 3,  | 4,  | 5, strongly agree",,,,,,"[masi_b_heritage_s1_r1_e1] = '1'",y,,,masi,,
