﻿"Variable / Field Name","Form Name","Section Header","Field Type","Field Label","Choices, Calculations, OR Slider Labels","Field Note","Text Validation Type OR Show Slider Number","Text Validation Min","Text Validation Max",Identifier?,"Branching Logic (Show field only if...)","Required Field?","Custom Alignment","Question Number (surveys only)","Matrix Group Name","Matrix Ranking?","Field Annotation"
derspes_i1_s1_r1_e1,derspes_s1_r1_e1,,radio,"Mi niño/a percibe con claridad sus sentimientos","1, Casi nunca | 2, Algunas veces | 3, La mitad de las veces | 4, La mayoría de las veces | 5, Casi siempre",,,,,,,y,,,derspes,,
derspes_i2_s1_r1_e1,derspes_s1_r1_e1,,radio,"Mi niño/a presta atención a cómo se siente","1, Casi nunca | 2, Algunas veces | 3, La mitad de las veces | 4, La mayoría de las veces | 5, Casi siempre",,,,,,,y,,,derspes,,
derspes_i3_s1_r1_e1,derspes_s1_r1_e1,,radio,"Mi niño/a vive sus emociones como algo desbordante y fuera de control","1, Casi nunca | 2, Algunas veces | 3, La mitad de las veces | 4, La mayoría de las veces | 5, Casi siempre",,,,,,,y,,,derspes,,
derspes_i4_s1_r1_e1,derspes_s1_r1_e1,,radio,"Mi niño/a es atenta/o a sus sentimientos","1, Casi nunca | 2, Algunas veces | 3, La mitad de las veces | 4, La mayoría de las veces | 5, Casi siempre",,,,,,,y,,,derspes,,
derspes_i5_s1_r1_e1,derspes_s1_r1_e1,,radio,"Mi niño/a sabe exactamente cómo se siente","1, Casi nunca | 2, Algunas veces | 3, La mitad de las veces | 4, La mayoría de las veces | 5, Casi siempre",,,,,,,y,,,derspes,,
derspes_i6_s1_r1_e1,derspes_s1_r1_e1,,radio,"Mi niño/a le da importancia a lo que está sintiendo","1, Casi nunca | 2, Algunas veces | 3, La mitad de las veces | 4, La mayoría de las veces | 5, Casi siempre",,,,,,,y,,,derspes,,
derspes_i7_s1_r1_e1,derspes_s1_r1_e1,,radio,"Cuando mi niño/a se siente disgustado/a, reconoce sus emociones","1, Casi nunca | 2, Algunas veces | 3, La mitad de las veces | 4, La mayoría de las veces | 5, Casi siempre",,,,,,,y,,,derspes,,
derspes_i8_s1_r1_e1,derspes_s1_r1_e1,,radio,"Cuando mi niño/a se siente disgustado/a, se enfada consigo misma/o por sentirse de esa manera","1, Casi nunca | 2, Algunas veces | 3, La mitad de las veces | 4, La mayoría de las veces | 5, Casi siempre",,,,,,,y,,,derspes,,
derspes_i9_s1_r1_e1,derspes_s1_r1_e1,,radio,"Cuando mi niño/a se siente disgustado/a, le da vergüenza sentirse de esa manera","1, Casi nunca | 2, Algunas veces | 3, La mitad de las veces | 4, La mayoría de las veces | 5, Casi siempre",,,,,,,y,,,derspes,,
derspes_i10_s1_r1_e1,derspes_s1_r1_e1,,radio,"Cuando mi niño/a se siente disgustado/a, tiene dificultades para completar el trabajo.","1, Casi nunca | 2, Algunas veces | 3, La mitad de las veces | 4, La mayoría de las veces | 5, Casi siempre",,,,,,,y,,,derspes,,
derspes_i11_s1_r1_e1,derspes_s1_r1_e1,,radio,"Cuando mi niño/a se siente disgustado/a, pierde el control","1, Casi nunca | 2, Algunas veces | 3, La mitad de las veces | 4, La mayoría de las veces | 5, Casi siempre",,,,,,,y,,,derspes,,
derspes_i12_s1_r1_e1,derspes_s1_r1_e1,,radio,"Cuando mi niño/a se siente disgustado/a, ella/él cree que estará así durante mucho tiempo","1, Casi nunca | 2, Algunas veces | 3, La mitad de las veces | 4, La mayoría de las veces | 5, Casi siempre",,,,,,,y,,,derspes,,
derspes_i13_s1_r1_e1,derspes_s1_r1_e1,,radio,"Cuando mi niño/a se siente disgustado/a, ella/él cree que acabará sintiéndose muy deprimida/o","1, Casi nunca | 2, Algunas veces | 3, La mitad de las veces | 4, La mayoría de las veces | 5, Casi siempre",,,,,,,y,,,derspes,,
derspes_i14_s1_r1_e1,derspes_s1_r1_e1,,radio,"Cuando mi niño/a se siente disgustado/a, le resulta difícil concentrarse en otras cosas","1, Casi nunca | 2, Algunas veces | 3, La mitad de las veces | 4, La mayoría de las veces | 5, Casi siempre",,,,,,,y,,,derspes,,
derspes_i15_s1_r1_e1,derspes_s1_r1_e1,,radio,"Cuando mi niño/a se siente disgustado/a, se siente fuera de control","1, Casi nunca | 2, Algunas veces | 3, La mitad de las veces | 4, La mayoría de las veces | 5, Casi siempre",,,,,,,y,,,derspes,,
derspes_i16_s1_r1_e1,derspes_s1_r1_e1,,radio,"Cuando mi niño/a se siente disgustado/a, se siente avergonzado consigo misma/o por sentirse de esa manera","1, Casi nunca | 2, Algunas veces | 3, La mitad de las veces | 4, La mayoría de las veces | 5, Casi siempre",,,,,,,y,,,derspes,,
derspes_i17_s1_r1_e1,derspes_s1_r1_e1,,radio,"Cuando mi niño/a se siente disgustado/a, ella/él sabe que eventualmente encontrará una manera para sentirse mejor","1, Casi nunca | 2, Algunas veces | 3, La mitad de las veces | 4, La mayoría de las veces | 5, Casi siempre",,,,,,,y,,,derspes,,
derspes_i18_s1_r1_e1,derspes_s1_r1_e1,,radio,"Cuando mi niño/a se siente disgustado/a, se siente como si fuera una persona débil","1, Casi nunca | 2, Algunas veces | 3, La mitad de las veces | 4, La mayoría de las veces | 5, Casi siempre",,,,,,,y,,,derspes,,
derspes_i19_s1_r1_e1,derspes_s1_r1_e1,,radio,"Cuando mi niño/a se siente disgustado/a, ella/él siente que puede mantener control de su comportamiento","1, Casi nunca | 2, Algunas veces | 3, La mitad de las veces | 4, La mayoría de las veces | 5, Casi siempre",,,,,,,y,,,derspes,,
derspes_i20_s1_r1_e1,derspes_s1_r1_e1,,radio,"Cuando mi niño/a se siente disgustado/a, se siente culpable por sentirse de esa manera","1, Casi nunca | 2, Algunas veces | 3, La mitad de las veces | 4, La mayoría de las veces | 5, Casi siempre",,,,,,,y,,,derspes,,
derspes_i21_s1_r1_e1,derspes_s1_r1_e1,,radio,"Cuando mi niño/a se siente disgustado/a, tiene dificultades para concentrarse","1, Casi nunca | 2, Algunas veces | 3, La mitad de las veces | 4, La mayoría de las veces | 5, Casi siempre",,,,,,,y,,,derspes,,
derspes_i22_s1_r1_e1,derspes_s1_r1_e1,,radio,"Cuando mi niño/a se siente disgustado/a, tiene dificultades para controlar su comportamiento","1, Casi nunca | 2, Algunas veces | 3, La mitad de las veces | 4, La mayoría de las veces | 5, Casi siempre",,,,,,,y,,,derspes,,
derspes_i23_s1_r1_e1,derspes_s1_r1_e1,,radio,"Cuando mi niño/a se siente disgustado/a, ella/él cree que no hay nada que ella/el pueda hacer para sentirse mejor","1, Casi nunca | 2, Algunas veces | 3, La mitad de las veces | 4, La mayoría de las veces | 5, Casi siempre",,,,,,,y,,,derspes,,
derspes_i24_s1_r1_e1,derspes_s1_r1_e1,,radio,"Cuando mi niño/a se siente disgustado/a, ella/él se irrita consigo misma/o por sentirse de esa manera","1, Casi nunca | 2, Algunas veces | 3, La mitad de las veces | 4, La mayoría de las veces | 5, Casi siempre",,,,,,,y,,,derspes,,
derspes_i25_s1_r1_e1,derspes_s1_r1_e1,,radio,"Cuando mi niño/a se siente disgustado/a, se empieza a sentir muy mal sobre si misma/o","1, Casi nunca | 2, Algunas veces | 3, La mitad de las veces | 4, La mayoría de las veces | 5, Casi siempre",,,,,,,y,,,derspes,,
derspes_i26_s1_r1_e1,derspes_s1_r1_e1,,radio,"Cuando mi niño/a se siente disgustado/a, pierde control sobre su comportamiento","1, Casi nunca | 2, Algunas veces | 3, La mitad de las veces | 4, La mayoría de las veces | 5, Casi siempre",,,,,,,y,,,derspes,,
derspes_i27_s1_r1_e1,derspes_s1_r1_e1,,radio,"Cuando mi niño/a se siente disgustado/a, ella/él tiene dificultades para pensar sobre cualquier otra cosa.","1, Casi nunca | 2, Algunas veces | 3, La mitad de las veces | 4, La mayoría de las veces | 5, Casi siempre",,,,,,,y,,,derspes,,
derspes_i28_s1_r1_e1,derspes_s1_r1_e1,,radio,"Cuando mi niño/a se siente disgustado/a, le toma mucho tiempo sentirse mejor","1, Casi nunca | 2, Algunas veces | 3, La mitad de las veces | 4, La mayoría de las veces | 5, Casi siempre",,,,,,,y,,,derspes,,
derspes_i29_s1_r1_e1,derspes_s1_r1_e1,,radio,"Cuando mi niño/a se siente disgustado/a, sus emociones parecen incontenibles.","1, Casi nunca | 2, Algunas veces | 3, La mitad de las veces | 4, La mayoría de las veces | 5, Casi siempre",,,,,,,y,,,derspes,,
