Variable / Field Name,Form Name,Section Header,Field Type,Field Label,"Choices, Calculations, OR Slider Labels",Field Note,Text Validation Type OR Show Slider Number,Text Validation Min,Text Validation Max,Identifier?,Branching Logic (Show field only if...),Required Field?,Custom Alignment,Question Number (surveys only),Matrix Group Name,Matrix Ranking?,Field Annotation
ambirmbirmbi_i1_s1_r1_e1,ambirmbi_s1_r1_e1,"When you enter a new or unfamiliar social situation or whenever you are faced
with new and unfamiliar surroundings or people:",radio,Do you tend to become vigilant and wary of your surroundings?,"2, Yes / Most of the time | 1, Some of the time | 0, No / Hardly ever",,,,,,,y,,,ambi_1a,,
ambirmbi_i2_s1_r1_e1,ambirmbi_s1_r1_e1,,radio,Do you feel awkward when you are approached by someone new?,"2, Yes / Most of the time | 1, Some of the time | 0, No / Hardly ever",,,,,,,y,,,ambi_1a,,
ambirmbi_i3_s1_r1_e1,ambirmbi_s1_r1_e1,,radio,Do you tend to become quiet?,"2, Yes / Most of the time | 1, Some of the time | 0, No / Hardly ever",,,,,,,y,,,ambi_1a,,
ambirmbi_i4_s1_r1_e1,ambirmbi_s1_r1_e1,,radio,Do you tend to approach people whom you don't know and talk to them?,"2, Yes / Most of the time | 1, Some of the time | 0, No / Hardly ever",,,,,,,y,,,ambi_1a,,
ambirmbi_i5_s1_r1_e1,ambirmbi_s1_r1_e1,,radio,"Do you tend to spend time observing strangers from a distance first, before being able to mix in?","2, Yes / Most of the time | 1, Some of the time | 0, No / Hardly ever",,,,,,,y,,,ambi_1a,,
ambirmbi_i6_s1_r1_e1,ambirmbi_s1_r1_e1,,radio,Do you tend to be chatty in conversation when you are speaking to someone new?,"2, Yes / Most of the time | 1, Some of the time | 0, No / Hardly ever",,,,,,,y,,,ambi_1a,,
ambirmbi_i7_s1_r1_e1,ambirmbi_s1_r1_e1,,radio,Are you likely to spend most of your time next to a person whom you know well?,"2, Yes / Most of the time | 1, Some of the time | 0, No / Hardly ever",,,,,,,y,,,ambi_1a,,
ambirmbi_i8_s1_r1_e1,ambirmbi_s1_r1_e1,,radio,"Do you tend to feel physically anxious (e.g. racing pulse, sweaty, butterflies)?","2, Yes / Most of the time | 1, Some of the time | 0, No / Hardly ever",,,,,,,y,,,ambi_1a,,
ambirmbi_i9_s1_r1_e1,ambirmbi_s1_r1_e1,,radio,Do you tend to introduce yourself to new people?,"2, Yes / Most of the time | 1, Some of the time | 0, No / Hardly ever",,,,,,,y,,,ambi_1a,,
ambirmbi_i10_s1_r1_e1,ambirmbi_s1_r1_e1,,radio,Do you tend to keep a fair distance away from strangers?,"2, Yes / Most of the time | 1, Some of the time | 0, No / Hardly ever",,,,,,,y,,,ambi_1a,,
ambirmbi_i11_s1_r1_e1,ambirmbi_s1_r1_e1,,radio,Do you tend to withdraw and retreat from those around you?,"2, Yes / Most of the time | 1, Some of the time | 0, No / Hardly ever",,,,,,,y,,,ambi_1a,,
ambirmbi_i12_s1_r1_e1,ambirmbi_s1_r1_e1,"Generally, not just in new or unfamiliar situations:",radio,Do you prefer your own company over the company of others?,"2, Yes / Most of the time | 1, Some of the time | 0, No / Hardly ever",,,,,,,y,,,ambi_1b,,
ambirmbi_i13_s1_r1_e1,ambirmbi_s1_r1_e1,,radio,Do you usually enjoy going to social events with large crowds of people?,"2, Yes / Most of the time | 1, Some of the time | 0, No / Hardly ever",,,,,,,y,,,ambi_1b,,
ambirmbi_i14_s1_r1_e1,ambirmbi_s1_r1_e1,,radio,Would you tend to choose solitary leisure activities over spending time with close friends?,"2, Yes / Most of the time | 1, Some of the time | 0, No / Hardly ever",,,,,,,y,,,ambi_1b,,
ambirmbi_i15_s1_r1_e1,ambirmbi_s1_r1_e1,,radio,Do you prefer to be surrounded by lively activity rather than a quiet gathering?,"2, Yes / Most of the time | 1, Some of the time | 0, No / Hardly ever",,,,,,,y,,,ambi_1b,,
ambirmbi_i16_s1_r1_e1,ambirmbi_s1_r1_e1,,radio,"If physically able, would you enjoy adventure holidays with some element of risk?","2, Yes / Most of the time | 1, Some of the time | 0, No / Hardly ever",,,,,,,y,,,ambi_1b,,
ambirmbi_i17_s1_r1_e1,ambirmbi_s1_r1_e1,"Please answer the following questions by considering how you usually felt, behaved or reacted as a child before the age of 13 (i.e. before high school). If you have no memory at all for a particular question, tick the option provided.",radio,"When unfamiliar visitors came to your home, would you hide or leave the room?","2, Yes / Most of the time | 1, Some of the time | 0, No / Hardly ever | 00, Do not really remember at all",,,,,,,y,,,rmbi,,
ambirmbi_i18_s1_r1_e1,ambirmbi_s1_r1_e1,,radio,"At school, did you tend to stand back and watch other children play?","2, Yes / Most of the time | 1, Some of the time | 0, No / Hardly ever | 00, Do not really remember at all",,,,,,,y,,,rmbi,,
ambirmbi_i19_s1_r1_e1,ambirmbi_s1_r1_e1,,radio,Were you reluctant to go to school on your first day or the first day after holidays?,"2, Yes / Most of the time | 1, Some of the time | 0, No / Hardly ever | 00, Do not really remember at all",,,,,,,y,,,rmbi,,
ambirmbi_i20_s1_r1_e1,ambirmbi_s1_r1_e1,,radio,Did you prefer parties with crowds of children rather than small gatherings?,"2, Yes / Most of the time | 1, Some of the time | 0, No / Hardly ever | 00, Do not really remember at all",,,,,,,y,,,rmbi,,
ambirmbi_i21_s1_r1_e1,ambirmbi_s1_r1_e1,,radio,Were you always 'on the go'?,"2, Yes / Most of the time | 1, Some of the time | 0, No / Hardly ever | 00, Do not really remember at all",,,,,,,y,,,rmbi,,
ambirmbi_i22_s1_r1_e1,ambirmbi_s1_r1_e1,,radio,"When unfamiliar visitors came to your home, did you feel fearful or nervy?","2, Yes / Most of the time | 1, Some of the time | 0, No / Hardly ever | 00, Do not really remember at all",,,,,,,y,,,rmbi,,
ambirmbi_i23_s1_r1_e1,ambirmbi_s1_r1_e1,,radio,"When you went on outings with your family to new places, would you tend to wander off?","2, Yes / Most of the time | 1, Some of the time | 0, No / Hardly ever | 00, Do not really remember at all",,,,,,,y,,,rmbi,,
ambirmbi_i24_s1_r1_e1,ambirmbi_s1_r1_e1,,radio,Were you fearful around other people's pets?,"2, Yes / Most of the time | 1, Some of the time | 0, No / Hardly ever | 00, Do not really remember at all",,,,,,,y,,,rmbi,,
ambirmbi_i25_s1_r1_e1,ambirmbi_s1_r1_e1,,radio,"At school, did you find it difficult to approach and play with new children?","2, Yes / Most of the time | 1, Some of the time | 0, No / Hardly ever | 00, Do not really remember at all",,,,,,,y,,,rmbi,,
ambirmbi_i26_s1_r1_e1,ambirmbi_s1_r1_e1,,radio,"When you went on outings with your family to new places, would you spend most of the time next to your mother or father (or caregiver)?","2, Yes / Most of the time | 1, Some of the time | 0, No / Hardly ever | 00, Do not really remember at all",,,,,,,y,,,rmbi,,
ambirmbi_i27_s1_r1_e1,ambirmbi_s1_r1_e1,,radio,Did you want to be surrounded by people and activity?,"2, Yes / Most of the time | 1, Some of the time | 0, No / Hardly ever | 00, Do not really remember at all",,,,,,,y,,,rmbi,,
ambirmbi_i28_s1_r1_e1,ambirmbi_s1_r1_e1,,radio,Do you consider that you were a shy child?,"2, Yes / Most of the time | 1, Some of the time | 0, No / Hardly ever | 00, Do not really remember at all",,,,,,,y,,,rmbi,,
ambirmbi_i29_s1_r1_e1,ambirmbi_s1_r1_e1,,radio,"Did you tend to take risks during play, sport or other physical activities?","2, Yes / Most of the time | 1, Some of the time | 0, No / Hardly ever | 00, Do not really remember at all",,,,,,,y,,,rmbi,,
ambirmbi_i30_s1_r1_e1,ambirmbi_s1_r1_e1,,radio,Was it difficult for you to stand up in front of the class?,"2, Yes / Most of the time | 1, Some of the time | 0, No / Hardly ever | 00, Do not really remember at all",,,,,,,y,,,rmbi,,
ambirmbi_i31_s1_r1_e1,ambirmbi_s1_r1_e1,,radio,Were you outgoing and talkative with other children?,"2, Yes / Most of the time | 1, Some of the time | 0, No / Hardly ever | 00, Do not really remember at all",,,,,,,y,,,rmbi,,
ambirmbi_i32_s1_r1_e1,ambirmbi_s1_r1_e1,,radio,"When you went on outings with your family to new places, would you become quiet or 'freeze up'?","2, Yes / Most of the time | 1, Some of the time | 0, No / Hardly ever | 00, Do not really remember at all",,,,,,,y,,,rmbi,,
ambirmbi_i33_s1_r1_e1,ambirmbi_s1_r1_e1,,radio,Did you cry during the school day?,"2, Yes / Most of the time | 1, Some of the time | 0, No / Hardly ever | 00, Do not really remember at all",,,,,,,y,,,rmbi,,
ambirmbi_i34_s1_r1_e1,ambirmbi_s1_r1_e1,,radio,"When unfamiliar visitors came to your home, would you cling to your mother or father (or caregiver)?","2, Yes / Most of the time | 1, Some of the time | 0, No / Hardly ever | 00, Do not really remember at all",,,,,,,y,,,rmbi,,