"Variable / Field Name","Form Name","Section Header","Field Type","Field Label","Choices, Calculations, OR Slider Labels","Field Note","Text Validation Type OR Show Slider Number","Text Validation Min","Text Validation Max",Identifier?,"Branching Logic (Show field only if...)","Required Field?","Custom Alignment","Question Number (surveys only)","Matrix Group Name","Matrix Ranking?","Field Annotation"
socrew_i1_s1_r1_e1,socrew_s1_r1_e1,,radio,"How much do you LIKE feeling connected to them?","1, Not at all | 2,  | 3,  | 4, A lot",,,,,,,y,,,socrew,,
socrew_i2_s1_r1_e1,socrew_s1_r1_e1,,radio,"How much do you like feeling LIKE a part of the group?","1, Not at all | 2,  | 3,  | 4, A lot",,,,,,,y,,,socrew,,
socrew_i3_s1_r1_e1,socrew_s1_r1_e1,,radio,"How much do you LIKE when they include you in activities?","1, Not at all | 2,  | 3,  | 4, A lot",,,,,,,y,,,socrew,,
socrew_i4_s1_r1_e1,socrew_s1_r1_e1,,radio,"How much do you LIKE spending time with them?","1, Not at all | 2,  | 3,  | 4, A lot",,,,,,,y,,,socrew,,
socrew_i5_s1_r1_e1,socrew_s1_r1_e1,,radio,"How much do you WANT to feel connected to them?","1, Not at all | 2,  | 3,  | 4, A lot",,,,,,,y,,,socrew,,
socrew_i6_s1_r1_e1,socrew_s1_r1_e1,,radio,"How much do you WANT to feel like a part of the group?","1, Not at all | 2,  | 3,  | 4, A lot",,,,,,,y,,,socrew,,
socrew_i7_s1_r1_e1,socrew_s1_r1_e1,,radio,"How much do you WANT them to include you in activities?","1, Not at all | 2,  | 3,  | 4, A lot",,,,,,,y,,,socrew,,
socrew_i8_s1_r1_e1,socrew_s1_r1_e1,,radio,"How much do you WANT to spend time with them?","1, Not at all | 2,  | 3,  | 4, A lot",,,,,,,y,,,socrew,,
socrew_i9_s1_r1_e1,socrew_s1_r1_e1,,radio,"How much EFFORT do you put in to feel connected to them?","1, Not at all | 2,  | 3,  | 4, A lot",,,,,,,y,,,socrew,,
socrew_i10_s1_r1_e1,socrew_s1_r1_e1,,radio,"How much EFFORT do you put in to feel like a part of the group?","1, Not at all | 2,  | 3,  | 4, A lot",,,,,,,y,,,socrew,,
socrew_i11_s1_r1_e1,socrew_s1_r1_e1,,radio,"How much EFFORT do you put in so they will include you in activities?","1, Not at all | 2,  | 3,  | 4, A lot",,,,,,,y,,,socrew,,
socrew_i12_s1_r1_e1,socrew_s1_r1_e1,,radio,"How much EFFORT do you put in to spend time with them?","1, Not at all | 2,  | 3,  | 4, A lot",,,,,,,y,,,socrew,,
