﻿Variable / Field Name,Form Name,Section Header,Field Type,Field Label,"Choices, Calculations, OR Slider Labels",Field Note,Text Validation Type OR Show Slider Number,Text Validation Min,Text Validation Max,Identifier?,Branching Logic (Show field only if...),Required Field?,Custom Alignment,Question Number (surveys only),Matrix Group Name,Matrix Ranking?,Field Annotation
demoes_e_respondent_s1_r1_e1,demoes_e_s1_r1_e1,Preguntas acerca de usted,dropdown,Usted es:,"1, Padre o madre biológico/a del niño / de la niña | 2, Padre o madre adoptivo/a del niño/a | 3, El padre o la madre que tiene la custodia del niño/a | 4, Otro",,,,,,,y,,,,,
demoes_e_dobp_s1_r1_e1,demoes_e_s1_r1_e1,,text,Cuál es su fecha de nacimiento?,,,date_ymd,,,y,,y,,,,,
demoes_e_sexbirthp_s1_r1_e1,demoes_e_s1_r1_e1,,dropdown,"Cuál fue su sexo asignado al nacer, en el certificado de nacimiento original?","1, Masculino | 2, Femenino | 3, Intersexo-masculino | 4, Intersexo-femenino | 999, No lo sé",,,,,,,y,,,,,
demoes_e_genidp_s1_r1_e1,demoes_e_s1_r1_e1,,dropdown,Cuál es su identidad de género actual?,"1, Hombre | 2, Mujer | 3, Transgénero masculino / hombre transgénero | 4, Transgénero femenino / mujer transgénero | 5, Intergénero (""genderqueer"") / No conforme con el género | 6, Otra identididad | 999, No lo sé","Si otro, por favor especifique: {demoes_e_genidpoth_s1_r1_e1}",,,,,,y,,,,,
demoes_e_genidpoth_s1_r1_e1,demoes_e_s1_r1_e1,,text,"Si otro, por favor especifique:",,,,,,,[demoes_e_genidp_s1_r1_e1] = '6',y,,,,,
demoes_e_racep_s1_r1_e1,demoes_e_s1_r1_e1,,checkbox,De qué raza se considera usted? Seleccione 1 o más de estas categorías:,"10, Blanca | 11, Negra o afroamericana | 12, India Americana, India Nativa Americana | 13, Nativa de Alaska | 14, Nativa de Hawái | 15, Guamaniana | 16, Samoana | 17, Nativa de otras islas del Pacifico | 18, India asiática | 19, China | 20, Filipina | 21, Japonesa | 22, Coreana | 23, Vietnamita | 24, Otra raza asiática | 25, Otra raza | 999, No lo sé","Si otro, por favor especifique: {demoes_e_raceothp_s1_r1_e1}",,,,,,y,,,,, @NONEOFTHEABOVE='999'
demoes_e_raceothp_s1_r1_e1,demoes_e_s1_r1_e1,,text,"Si otro, por favor especifique:",,,,,,,[demoes_e_racep_s1_r1_e1(17)] = '1' or [demoes_e_racep_s1_r1_e1(24)] = '1' or [demoes_e_racep_s1_r1_e1(25)] = '1',y,,,,,
demoes_e_latinxp_s1_r1_e1,demoes_e_s1_r1_e1,,dropdown,Se considera usted hispano/a o latino/a?,"1, Sí | 0, No | 999, No lo sé",,,,,,,y,,,,,
demoes_e_latgroupp_s1_r1_e1,demoes_e_s1_r1_e1,,dropdown,Elija el grupo que mejor represente su origen o ascendencia hispana.,"10, Puertorriqueño | 12, Dominicano | 13, Mexicano | 18, Cubano | 20, Centroamericano | 21, Sudamericano | 40, Otro origen latinoamericano | 41, Otro origen hispano | 999, No lo sé",,,,,,[demoes_e_latinxp_s1_r1_e1] = '1',y,,,,,
demoes_e_brthcntryp_s1_r1_e1,demoes_e_s1_r1_e1,,dropdown,En qué país nació usted?,"189, EEUU (Estados Unidos de América - incluyendo territorios como Puerto Rico) | 1, Afganistán | 2, Albania | 3, Algeria | 4, Andorra | 5, Angola | 6, Antigua y Barbuda | 198, Argentina | 8, Armenia | 9, Australia | 10, Austria | 11, Azerbaiyán | 12, Bahamas | 13, Baréin | 14, Bangladés | 15, Barbados | 16, Bielorrusia | 17, Bélgica | 18, Belice | 19, Benín | 20, Bután | 21, Bolivia | 22, Bosnia y Herzegovina | 23, Botsuana | 24, Brasil | 25, Brunéi | 26, Bulgaria | 27, Burkina Faso | 28, Burundi | 29, Cabo Verde | 30, Camboya | 31, Camerún | 32, Canadá | 33, República Centroafricana | 34, Chad | 35, Chile | 36, China | 37, Colombia | 38, Comoras | 39, Congo (Brazzaville) | 40, Congo (Kinshasa) | 41, Costa Rica | 42, Costa de Marfil | 43, Croacia | 44, Cuba | 45, Chipre | 46, República Checa | 47, Dinamarca | 48, Yibuti | 49, Dominica | 50, República Dominicana | 51, Ecuador | 52, Egipto | 53, El Salvador | 54, Guinea Ecuatorial | 55, Eritrea | 56, Estonia | 57, Etiopía | 58, Fiji | 59, Finlandia | 60, Francia | 61, Gabón | 62, Gambia | 63, Georgia | 64, Alemania | 65, Ghana | 66, Grecia | 67, Granada | 68, Guatemala | 69, Guinea | 70, Guinea-Bisáu | 71, Guyana | 72, Haití | 73, Honduras | 74, Hungría | 75, Islandia | 76, India | 77, Indonesia | 78, Irán | 79, Irak | 80, Irlanda | 81, Israel | 82, Italia | 83, Jamaica | 84, Japón | 85, Jordania | 86, Kazajistán | 87, Kenia | 88, Kiribati | 89, Kosovo | 90, Kuwait | 91, Kirguistán | 92, Laos | 93, Letonia | 94, Líbano | 95, Lesoto | 96, Liberia | 97, Libia | 98, Liechtenstein | 99, Lituania | 100, Luxemburgo | 101, Macedonia | 102, Madagascar | 103, Malaui | 104, Malasia | 105, Maldivas | 106, Malí | 107, Malta | 108, Islas Marshall | 109, Mauritania | 110, Mauricio | 111, México | 112, Micronesia | 113, Moldavia | 114, Mónaco | 115, Mongolia | 116, Montenegro | 117, Marruecos | 118, Mozambique | 119, Birmania (Myanmar) | 120, Namibia | 121, Nauru | 122, Nepal | 123, Países Bajos | 124, Nueva Zelanda | 125, Nicaragua | 126, Níger | 127, Nigeria | 128, Corea del Norte | 129, Noruega | 130, Omán | 131, Pakistán | 132, Palaos | 133, Palestina | 134, Panamá | 135, Papúa Nueva Guinea | 136, Paraguay | 137, Perú | 138, Filipinas | 139, Polonia | 140, Portugal | 141, Catar | 142, Rumania | 143, Rusia | 144, Ruanda | 145, Samoa | 146, San Marino | 147, Santo Tomé y Príncipe | 148, Arabia Saudita | 149, Senegal | 150, Serbia | 151, Seychelles | 152, Sierra Leona | 153, Singapur | 154, Eslovaquia | 155, Eslovenia | 156, Islas Salomón | 157, Somalia | 158, Sudáfrica | 159, Corea del Sur | 160, Sudán del Sur | 161, España | 162, Sri Lanka | 163, San Cristóbal y Nieves | 164, Santa Lucía | 165, San Vicente y las Granadinas | 166, Sudán | 167, Surinam | 168, Suazilandia | 169, Suecia | 170, Suiza | 171, Siria | 172, Taiwán | 173, Tayikistán | 174, Tanzania | 175, Tailandia | 176, Timor Oriental | 177, Togo | 178, Tonga | 179, Trinidad y Tobago | 180, Túnez | 181, Turquía | 182, Turkmenistán | 183, Tuvalu | 184, Uganda | 185, Reino Unido | 186, Ucrania | 187, EAU (Emiratos Árabes Unidos) | 188, Uruguay | 190, Uzbekistán | 191, Vanuatu | 192, Ciudad del Vaticano | 193, Venezuela | 194, Vietnam | 195, Yemen | 196, Zambia | 197, Zimbabue | 999, No lo sé",,,,,,,y,,,,,
demoes_e_yrsusp_embed,demoes_e_s1_r1_e1,,descriptive,"<table style=""border-collapse: collapse; width: 100%; border-style: hidden;"" border=""1""> <tbody> <tr> <td style=""width: 48.3734%;"">Cuántos años lleva usted viviendo en los Estados Unidos?</td> <td style=""width: 48.3734%;""> <p>{demoes_e_yrsusp_s1_r1_e1}</p> <p><h6 style=""font-size: 7.5pt;""><span style=""color: #0e0e79;"">(Número de años.)</span></h6></p> <p>{demoes_e_yrsuspdk_s1_r1_e1}</p> </td> </tr> </tbody> </table>",,,,,,,[demoes_e_brthcntryp_s1_r1_e1] <> '189',,,,,,
demoes_e_yrsusp_s1_r1_e1,demoes_e_s1_r1_e1,,text,Cuántos años lleva usted viviendo en los Estados Unidos?,,(Número de años.),number,,,,[demoes_e_brthcntryp_s1_r1_e1] <> '189' and [demoes_e_yrsuspdk_s1_r1_e1(999)]='0',y,,,,,
demoes_e_yrsuspdk_s1_r1_e1,demoes_e_s1_r1_e1,,checkbox,,"999, No lo sé",,,,,,[demoes_e_brthcntryp_s1_r1_e1] <> '189',y,,,,,
demoes_e_intlg_embed,demoes_e_s1_r1_e1,,descriptive,"<div class=""rich-text-field-label""><table style=""border-collapse: collapse; width: 100%; border-style: hidden;"" border=""1""> <tbody> <tr> <td style=""width: 31.7296%;"">Usted tiene algún padre/guardián nacido fuera de los Estados Unidos?</td> <td style=""width: 31.7296%;""> <p>{demoes_e_intlguardp_s1_r1_e1}</p> <p>En caso afirmativo, por favor indique en que país/países que no sean Estados Unidos: {demoes_e_intlgpspec_s1_r1_e1}</p> </td> </tr> </tbody> </table></div>",,,,,,,,,,,,,
demoes_e_intlguardp_s1_r1_e1,demoes_e_s1_r1_e1,,radio,Usted tiene algún padre/guardián nacido fuera de los Estados Unidos?,"1, Sí | 0, No",,,,,,,y,,,,,
demoes_e_intlgpspec_s1_r1_e1,demoes_e_s1_r1_e1,,text,"En caso afirmativo, por favor indique en que país/países que no sean Estados Unidos:",,,,,,,[demoes_e_intlguardp_s1_r1_e1] = '1',y,,,,,
demoes_e_intlother_s1_r1_e1,demoes_e_s1_r1_e1,,checkbox,El niño/a tiene algún otro familiar nacido fuera de los Estados Unidos?,"1, Otro padre/guardián del niño/a | 2, Padre/guardián del otro padre/guardián del niño/a | 3, Otra persona | 4, Nadie",,,,,,,y,,,,, @NONEOFTHEABOVE='4'
demoes_e_l1p_s1_r1_e1,demoes_e_s1_r1_e1,,dropdown,"Cuál es su idioma nativo? En otras palabras, cuál fue el primer idioma(s) que más le hablaron sus padres o guardianes la mayor parte del tiempo después que usted nació?","1, Inglés | 2, Español | 4, Inglés y español por igual | 3, Otro","Si otro, por favor especifique: {demoes_e_l1poth_s1_r1_e1}",,,,,,y,,,,,
demoes_e_edup_s1_r1_e1,demoes_e_s1_r1_e1,,dropdown,Cuál es su máximo nivel de estudios completados o el máximo título que ha recibido?,"0, Nunca asistí/Sólo preescolar | 1, Escuela primaria | 2, Algún nivel de escuela secundaria | 13, Terminé la escuela secundaria | 14, GED o equivalente | 15, Algún nivel de estudios universitarios | 16, Diploma asociado: Ocupacional | 17, Diploma asociado: Académico |18, Diploma de pregrado (Bachelor's degree) | 19, Diploma de maestría (Master's degree) | 20, DIploma de escuela profesional (e.j. MD) | 21, Diploma de doctorado (PhD)",,,,,,,y,,,,,
demoes_e_l1poth_s1_r1_e1,demoes_e_s1_r1_e1,,text,"Si otro, por favor especifique:",,,,,,,[demoes_e_l1p_s1_r1_e1] = '3',y,,,,,
demoes_e_mrrdp_s1_r1_e1,demoes_e_s1_r1_e1,,dropdown,"Usted actualmente está casado/a, viudo/a, divorciado/a, separado/a, nunca se ha casado/a o vive con una pareja?","1, Casado/a | 2, Viudo/a | 3, Divorciado/a | 4, Separado/a | 5, Nunca me he casado | 6, Vivo con una pareja",,,,,,,y,,,,,
demoes_e_workp_s1_r1_e1,demoes_e_s1_r1_e1,,dropdown,"Trabaja actualmente, está buscando trabajo, está retirado, se dedica al hogar, estudia o realiza alguna otra actividad?","1, Trabajo de tiempo completo  | 0, Trabajo de medio tiempo  | 2, Desempleado/a temporalmente | 9, En licencia por enfermedad | 10, En licencia por maternidad | 3, Buscando empleo | 11, Desempleado sin buscar empleo | 4, Retirado/a | 5, Incapacitado/a: permanente o temporalmente | 6, Se dedica al hogar | 7, Estudiante | 8, Otro","Si otro, por favor explique: {demoes_e_workpoth_s1_r1_e1}",,,,,,y,,,,,
demoes_e_workpoth_s1_r1_e1,demoes_e_s1_r1_e1,,text,,,,,,,,[demoes_e_workp_s1_r1_e1] = '8',y,,,,,
demoes_e_assistp_s1_r1_e1,demoes_e_s1_r1_e1,,checkbox,Hay alguna otra persona que ayude regularmente con las responsabilidades de cuidado del niño/a? Por favor seleccione todas las opciones que apliquen.,"1, El otro padre del niño/a | 2, Esposo/a o pareja que no es padre del niño/a | 3, Miembro de la familia (e.j. abuelo/a, tío/a, etc.) | 4, Amigo/a | 5, Otro","Si otro, por favor especifique: {demoes_e_assistpoth_s1_r1_e1}",,,,,,y,,,,,
demoes_e_assistpoth_s1_r1_e1,demoes_e_s1_r1_e1,,text,"Si otro, por favor especifique:",,,,,,,[demoes_e_assistp_s1_r1_e1(5)] = '1',y,,,,,
demoes_e_faminc_s1_r1_e1,demoes_e_s1_r1_e1,Preguntas acerca de su hogar,dropdown,"Cuál de estas categorías es la que mejor describe su INGRESO FAMILIAR TOTAL COMBINADO de los últimos 12 meses?

Este debe incluir los ingresos (antes de impuestos y deducciones) provenientes de todas las fuentes, salarios, renta de propiedades, seguro social, pagos por incapacidad o subsidios para veteranos, subsidios por desempleo, compensación por accidentes de trabajo, ayuda de familiares (incluya pensiones alimenticias para hijos y cónyuges divorciados), etc.","1, Menos de $5,000 | 2, entre $5,000 y $11,999 | 3, entre $12,000 y $15,999 | 4, entre $16,000 y $24,999 | 5, entre $25,000 y $34,999 | 6, entre $35,000 y $49,999 | 7, entre $50,000 y $74,999 | 8, entre $75,000 y $99,999 | 9, entre $100,000 y $199,999 | 10, $200,000 o más | 999, No lo sé",,,,,,,y,,,,,
demoes_e_hsesize_s1_r1_e1,demoes_e_s1_r1_e1,,text,Cuántas personas están viviendo o quedándose en su domicilio (incluyéndole a usted)? INCLUYA a todas las personas que lleven viviendo o quedándose en su domicilio durante más de 2 meses.,,,integer,,,,,y,,,,,
demoes_e_althouse_s1_r1_e1,demoes_e_s1_r1_e1,,radio,Hay otro hogar en donde el niño/a pase una cantidad importante de tiempo?,"1, Sí | 0, No",,,,,,,y,,,,,
demoes_e_althsetime_s1_r1_e1,demoes_e_s1_r1_e1,,text,Aproximadamente cuántas horas por semana pasa el niño/a en ese otro hogar?,,Horas/Semana (168 horas = 1 semana),integer,0,168,,[demoes_e_althouse_s1_r1_e1] = '1',y,,,,,
demoes_e_adptage_embed,demoes_e_s1_r1_e1,Preguntas acerca del niño/a,descriptive,"<table style=""border-collapse: collapse; width: 100%; border-style: hidden;"" border=""1""> <tbody> <tr> <td style=""width: 48.3734%;"">Qué edad tenía el niño/a cuando fue adoptado/a?</td> <td style=""width: 48.3734%;""> <p>{demoes_e_adptage_s1_r1_e1}</p> <p><h6 style=""font-size: 7.5pt;""><span style=""color: #0e0e79;"">(Edad en años.)</span></h6></p> <p>{demoes_e_adptagedk_s1_r1_e1}</p> </td> </tr> </tbody> </table>",,,,,,,[demoes_e_respondent_s1_r1_e1] = '2',,,,,,
demoes_e_adptage_s1_r1_e1,demoes_e_s1_r1_e1,,text,Qué edad tenía el niño/a cuando fue adoptado/a?,,(Edad en años.),number,0,18,,[demoes_e_respondent_s1_r1_e1] = '2' and [demoes_e_adptagedk_s1_r1_e1(999)]='0',y,,,,,
demoes_e_adptagedk_s1_r1_e1,demoes_e_s1_r1_e1,,checkbox,,"999, No lo sé",,,,,,[demoes_e_respondent_s1_r1_e1] = '2',y,,,,,
demoes_e_grade_s1_r1_e1,demoes_e_s1_r1_e1,,dropdown,"En qué grado está el niño/a? Si es verano, indique el grado completado recientemente.","0, Preescolar | 1, Primer grado | 2, Segundo grado | 3, Tercer grado | 4,Cuarto grado | 5, Quinto grado | 6, Sexto grado | 7, Séptimo grado | 8, Octavo grado | 9, Noveno grado | 10, Décimo grado | 11, Onceavo grado | 12, Doceavo grado",,,,,,,y,,,,,
demoes_e_school_embed,demoes_e_s1_r1_e1,,descriptive,"<table style=""border-collapse: collapse; width: 100%; border-style: hidden;"" border=""1""> <tbody> <tr> <td style=""width: 48.3734%;""> <p>Seleccione la respuesta que mejor describa el entorno escolar actual del niño/a:</p> <h6 style=""font-size: 7.5pt;""><span style=""color: #0e0e79;"">(Si es verano, responda según el grado completado recientemente.)</span></h6> </td> <td style=""width: 48.3734%;""> <p>{demoes_e_school_s1_r1_e1}</p> <h6 style=""font-size: 7pt;""><span style=""color: #0e0e79;"">Si otro, por favor especifique: {demoes_e_schooloth_s1_r1_e1}</span></h6> </td> </tr> </tbody> </table>",,,,,,,,,,,,,
demoes_e_school_s1_r1_e1,demoes_e_s1_r1_e1,,dropdown,Seleccione la respuesta que mejor describa el entorno escolar actual del niño/a:,"1, No asiste a la escuela | 2, Escuela pública común | 3, Escuela privada común | 4, Escuela vocacional o técnica | 9, Escuela autónoma subsidiada por el gobierno (""charter school"") | 5, Escuela virtual | 6, Educación en casa | 7, Escuela especializada para jóvenes con problemas emocionales o de conducta | 8, Otro","(Si es verano, responda según el grado completado recientemente.)",,,,,,y,,,,,
demoes_e_schooloth_s1_r1_e1,demoes_e_s1_r1_e1,,text,"Si otro, por favor especifique:",,,,,,,[demoes_e_school_s1_r1_e1] = '8',y,,,,,
demoes_e_grades_s1_r1_e1,demoes_e_s1_r1_e1,,dropdown,Cuál es el promedio de calificaciones del niño(a)?,"1, A / Excelente | 2, B / Bien | 3, C / Promedio | 4, D / Por debajo del promedio | 5, F / Tiene mucha dificultad | 6, No se le califica | 7, No aplica",,,,,,,y,,,,,
demoes_e_iepnow_s1_r1_e1,demoes_e_s1_r1_e1,,dropdown,El niño/a tiene actualmente un Plan de Educación Individualizado (IEP) o 504 Plan (por sus siglas en inglés)?,"1, Sí | 0, No | 999, No lo sé",,,,,,,y,,,,,
demoes_e_iepever_s1_r1_e1,demoes_e_s1_r1_e1,,dropdown,Alguna vez ha tenido el niño/a un Plan de Educación Individualizado (IEP) o 504 Plan (por sus siglas en inglés)?,"1, Sí | 0, No | 999, No lo sé",,,,,,,y,,,,,
demoes_e_gdrepeat_s1_r1_e1,demoes_e_s1_r1_e1,,checkbox,Por favor indique los grados que ha repetido:,"0, Ninguno | 1, Primer grado | 2, Segundo grado | 3, Tercer grado | 4, Cuarto grado | 5, Quinto grado | 6, Sexto grado | 7, Séptimo grado | 8, Octavo grado | 999, No lo sé",,,,,,,y,,,,," @NONEOFTHEABOVE='0,999'"
demoes_e_sexbirth_s1_r1_e1,demoes_e_s1_r1_e1,,dropdown,"Qué sexo se le asignó al niño/a cuando nació, en su acta de nacimiento original?","1, Masculino | 2, Femenino | 3, Intersexo-masculino | 4, Intersexo-femenino | 999, No lo sé",,,,,,,y,,,,,
demoes_e_genid_s1_r1_e1,demoes_e_s1_r1_e1,,dropdown,Cuál es la identidad de género actual del niño/a?,"1, Hombre | 2, Mujer | 3, Transgénero masculino / hombre transgénero | 4, Transgénero femenino / mujer transgénero | 5, Intergénero (""genderqueer"") / No conforme con el género | 6, Otra identididad | 999, No lo sé","Si otro, por favor especifique: {demoes_e_genidoth_s1_r1_e1}",,,,,,y,,,,,
demoes_e_genidoth_s1_r1_e1,demoes_e_s1_r1_e1,,text,"Si otro, por favor especifique:",,,,,,,[demoes_e_genid_s1_r1_e1] = '6',y,,,,,
demoes_e_pargendesc_s1_r1_e1,demoes_e_s1_r1_e1,,dropdown,Cómo describiría usted al niño/a?,"1, Heterosexual | 2, Homosexual (Gay o lesbiana) | 3, Bisexual | 4, Otro | 5, No estoy seguro/a","Si otro, por favor especifique: {demoes_e_pargenoth_s1_r1_e1}",,,,,,y,,,,,
demoes_e_pargenoth_s1_r1_e1,demoes_e_s1_r1_e1,,text,"Si otro, por favor especifique:",,,,,,,[demoes_e_pargendesc_s1_r1_e1] = '4',y,,,,,
demoes_e_race_s1_r1_e1,demoes_e_s1_r1_e1,,checkbox,De qué raza considera que es el niño/a? Seleccione 1 o más de estas categorías:,"10, Blanca | 11, Negra o afroamericana | 12, India Americana, India Nativa Americana | 13, Nativa de Alaska | 14, Nativa de Hawái | 15, Guamaniana | 16, Samoana | 17, Nativa de otras islas del Pacifico | 18, India asiática | 19, China | 20, Filipina | 21, Japonesa | 22, Coreana | 23, Vietnamita | 24, Otra raza asiática | 25, Otra raza | 999, No lo sé","Si otro, por favor especifique: {demoes_e_raceoth_s1_r1_e1}",,,,,,y,,,,, @NONEOFTHEABOVE='999'
demoes_e_raceoth_s1_r1_e1,demoes_e_s1_r1_e1,,text,"Si otro, por favor especifique:",,,,,,,[demoes_e_race_s1_r1_e1(17)] = '1' or [demoes_e_race_s1_r1_e1(24)] = '1' or [demoes_e_race_s1_r1_e1(25)] = '1',y,,,,,
demoes_e_latinx_s1_r1_e1,demoes_e_s1_r1_e1,,dropdown,Considera que el niño/a es hispano/a o latino/a?,"1, Sí | 0, No | 999, No lo sé",,,,,,,y,,,,,
demoes_e_latgroup_s1_r1_e1,demoes_e_s1_r1_e1,,dropdown,Elija el grupo que mejor represente el origen o la ascendencia hispana del niño o la niña.,"10, Puertorriqueño | 12, Dominicano | 13, Mexicano | 18, Cubano | 20, Centroamericano | 21, Sudamericano | 40, Otro origen latinoamericano | 41, Otro origen hispano | 999, No lo sé",,,,,,[demoes_e_latinx_s1_r1_e1] = '1',y,,,,,
demoes_e_brthcntry_s1_r1_e1,demoes_e_s1_r1_e1,,dropdown,En qué país nació el niño/a?,"189, EEUU (Estados Unidos de América - incluyendo territorios como Puerto Rico) | 1, Afganistán | 2, Albania | 3, Algeria | 4, Andorra | 5, Angola | 6, Antigua y Barbuda | 198, Argentina | 8, Armenia | 9, Australia | 10, Austria | 11, Azerbaiyán | 12, Bahamas | 13, Baréin | 14, Bangladés | 15, Barbados | 16, Bielorrusia | 17, Bélgica | 18, Belice | 19, Benín | 20, Bután | 21, Bolivia | 22, Bosnia y Herzegovina | 23, Botsuana | 24, Brasil | 25, Brunéi | 26, Bulgaria | 27, Burkina Faso | 28, Burundi | 29, Cabo Verde | 30, Camboya | 31, Camerún | 32, Canadá | 33, República Centroafricana | 34, Chad | 35, Chile | 36, China | 37, Colombia | 38, Comoras | 39, Congo (Brazzaville) | 40, Congo (Kinshasa) | 41, Costa Rica | 42, Costa de Marfil | 43, Croacia | 44, Cuba | 45, Chipre | 46, República Checa | 47, Dinamarca | 48, Yibuti | 49, Dominica | 50, República Dominicana | 51, Ecuador | 52, Egipto | 53, El Salvador | 54, Guinea Ecuatorial | 55, Eritrea | 56, Estonia | 57, Etiopía | 58, Fiji | 59, Finlandia | 60, Francia | 61, Gabón | 62, Gambia | 63, Georgia | 64, Alemania | 65, Ghana | 66, Grecia | 67, Granada | 68, Guatemala | 69, Guinea | 70, Guinea-Bisáu | 71, Guyana | 72, Haití | 73, Honduras | 74, Hungría | 75, Islandia | 76, India | 77, Indonesia | 78, Irán | 79, Irak | 80, Irlanda | 81, Israel | 82, Italia | 83, Jamaica | 84, Japón | 85, Jordania | 86, Kazajistán | 87, Kenia | 88, Kiribati | 89, Kosovo | 90, Kuwait | 91, Kirguistán | 92, Laos | 93, Letonia | 94, Líbano | 95, Lesoto | 96, Liberia | 97, Libia | 98, Liechtenstein | 99, Lituania | 100, Luxemburgo | 101, Macedonia | 102, Madagascar | 103, Malaui | 104, Malasia | 105, Maldivas | 106, Malí | 107, Malta | 108, Islas Marshall | 109, Mauritania | 110, Mauricio | 111, México | 112, Micronesia | 113, Moldavia | 114, Mónaco | 115, Mongolia | 116, Montenegro | 117, Marruecos | 118, Mozambique | 119, Birmania (Myanmar) | 120, Namibia | 121, Nauru | 122, Nepal | 123, Países Bajos | 124, Nueva Zelanda | 125, Nicaragua | 126, Níger | 127, Nigeria | 128, Corea del Norte | 129, Noruega | 130, Omán | 131, Pakistán | 132, Palaos | 133, Palestina | 134, Panamá | 135, Papúa Nueva Guinea | 136, Paraguay | 137, Perú | 138, Filipinas | 139, Polonia | 140, Portugal | 141, Catar | 142, Rumania | 143, Rusia | 144, Ruanda | 145, Samoa | 146, San Marino | 147, Santo Tomé y Príncipe | 148, Arabia Saudita | 149, Senegal | 150, Serbia | 151, Seychelles | 152, Sierra Leona | 153, Singapur | 154, Eslovaquia | 155, Eslovenia | 156, Islas Salomón | 157, Somalia | 158, Sudáfrica | 159, Corea del Sur | 160, Sudán del Sur | 161, España | 162, Sri Lanka | 163, San Cristóbal y Nieves | 164, Santa Lucía | 165, San Vicente y las Granadinas | 166, Sudán | 167, Surinam | 168, Suazilandia | 169, Suecia | 170, Suiza | 171, Siria | 172, Taiwán | 173, Tayikistán | 174, Tanzania | 175, Tailandia | 176, Timor Oriental | 177, Togo | 178, Tonga | 179, Trinidad y Tobago | 180, Túnez | 181, Turquía | 182, Turkmenistán | 183, Tuvalu | 184, Uganda | 185, Reino Unido | 186, Ucrania | 187, EAU (Emiratos Árabes Unidos) | 188, Uruguay | 190, Uzbekistán | 191, Vanuatu | 192, Ciudad del Vaticano | 193, Venezuela | 194, Vietnam | 195, Yemen | 196, Zambia | 197, Zimbabue | 999, No lo sé",,,,,,,y,,,,,
demoes_e_yrsus_embed,demoes_e_s1_r1_e1,,descriptive,"<table style=""border-collapse: collapse; width: 100%; border-style: hidden;"" border=""1""> <tbody> <tr> <td style=""width: 48.3734%;"">Cuántos años lleva el niño/a viviendo en los Estados Unidos?</td> <td style=""width: 48.3734%;""> <p>{demoes_e_yrsus_s1_r1_e1}</p> <p><h6 style=""font-size: 7.5pt;""><span style=""color: #0e0e79;"">(Número de años.)</span></h6></p> <p>{demoes_e_yrsusdk_s1_r1_e1}</p> </td> </tr> </tbody> </table>",,,,,,,[demoes_e_brthcntry_s1_r1_e1] <> '189',,,,,,
demoes_e_yrsus_s1_r1_e1,demoes_e_s1_r1_e1,,text,Cuántos años lleva el niño/a viviendo en los Estados Unidos?,,(Número de años.),number,,,,[demoes_e_brthcntry_s1_r1_e1] <> '189' and [demoes_e_yrsusdk_s1_r1_e1(999)]='0',y,,,,,
demoes_e_yrsusdk_s1_r1_e1,demoes_e_s1_r1_e1,,checkbox,,"999, No lo sé",,,,,,[demoes_e_brthcntry_s1_r1_e1] <> '189',y,,,,,
demoes_e_sibs_s1_r1_e1,demoes_e_s1_r1_e1,,text,Cuántos hermanos tiene el niño/a?,,,integer,0,20,,,y,,,,,
demoes_e_order_s1_r1_e1,demoes_e_s1_r1_e1,,dropdown,"Entre los niños de su familia, cuál es el orden de edad del niño/a?","1, Primero (mayor) |2, Segundo | 3, Tercero | 4, Cuarto | 5, Quinto o más",,,,,,[demoes_e_sibs_s1_r1_e1]>0,y,,,,,
demoes_e_l1_s1_r1_e1,demoes_e_s1_r1_e1,,dropdown,"Cuál es el idioma nativo del niño/a? En otras palabras, en qué idioma(s) le hablaban predominantemente al niño/a sus padres o guardianes después que nacio?","1, Inglés | 2, Español | 4, Inglés y español por igual | 3, Otro","Si otro, por favor especifique: {demoes_e_otherl1_s1_r1_e1}",,,,,,y,,,,,
demoes_e_otherl1_s1_r1_e1,demoes_e_s1_r1_e1,,text,"Si otro, por favor especifique:",,,,,,,[demoes_e_l1_s1_r1_e1] = '3',y,,,,,
demoes_e_ageen_s1_r1_e1,demoes_e_s1_r1_e1,,text,Cuál fue la edad más temprana a la un padre/guardián/familiar/maestro le habló en INGLÉS al niño/a regularmente?,,(Edad en años.),number,0,18,,[demoes_e_l1_s1_r1_e1] = '2' or [demoes_e_l1_s1_r1_e1] = '3',y,,,,,
demoes_e_othlang_s1_r1_e1,demoes_e_s1_r1_e1,,dropdown,El niño/a ha escuchado regularmente en su hogar algún otro idioma además del INGLÉS hablado por un padre/guardián/familiar/maestro?,"1, Sí | 0, No | 999, No lo sé","En caso afirmativo, cuál es el idioma? {demoes_e_othlangwh_s1_r1_e1}",,,,,[demoes_e_l1_s1_r1_e1] = '1',y,,,,,
demoes_e_othlangwh_s1_r1_e1,demoes_e_s1_r1_e1,,text,"En caso afirmativo, cuál es el idioma?",,,,,,,[demoes_e_othlang_s1_r1_e1] = '1',y,,,,,
demoes_e_ageothlang_s1_r1_e1,demoes_e_s1_r1_e1,,text,Cuál fue la edad más temprana a la un padre/guardián/familiar/maestro le habló en el OTRO idioma al niño/a regularmente?,,(Edad en años.),number,0,18,,[demoes_e_othlang_s1_r1_e1] = '1',y,,,,,
demoes_e_birthcomp_s1_r1_e1,demoes_e_s1_r1_e1,Preguntas acerca del nacimiento del niño/a y su historial de salud,dropdown,El niño/a tuvo alguna complicación al nacer?,"1, Sí | 0, No | 999, No lo sé",,,,,,,y,,,,,
demoes_e_brthcmpopt_s1_r1_e1,demoes_e_s1_r1_e1,,notes,"En caso afirmativo, por favor especifique:",,,,,,,[demoes_e_birthcomp_s1_r1_e1] = '1',y,,,,,
demoes_e_langhist_s1_r1_e1,demoes_e_s1_r1_e1,,dropdown,"El niño/a fue diagnosticado/a alguna vez con algún impedimento, retardo, o desorden de habla o lenguaje?","1, Sí | 0, No | 999, No lo sé",,,,,,,y,,,,,
demoes_e_diag1_embed,demoes_e_s1_r1_e1,,descriptive,"<div class=""rich-text-field-label""><table style=""border-collapse: collapse; width: 100%; border-style: hidden;"" border=""1""> <tbody> <tr> <td style=""width: 48.3734%; border-style: hidden;"">Diagnóstico 1</td> <td style=""width: 48.3734%; border-style: hidden;""> </td> </tr> <tr> <td style=""width: 48.3734%; border-style: hidden;"">Cuál fue el diagnóstico?</td> <td style=""width: 48.3734%; border-style: hidden;"">{demoes_e_diag1what_s1_r1_e1}</td> </tr> <tr> <td style=""width: 48.3734%; border-style: hidden;"">Qué edad tenía el niño/a cuando fue diagnosticado/a?</td> <td style=""width: 48.3734%; border-style: hidden;""> <p>{demoes_e_diag1when_s1_r1_e1}</p> <h6 style=""font-size: 7.5pt;""><span style=""color: #0e0e79;"">(Edad en años.)</span></h6> </td> </tr> </tbody> </table></div>",,,,,,,[demoes_e_langhist_s1_r1_e1] = '1',,,,,,
demoes_e_diag1what_s1_r1_e1,demoes_e_s1_r1_e1,,notes,Cuál fue el diagnóstico?,,,,,,,[demoes_e_langhist_s1_r1_e1] = '1',y,,,,,
demoes_e_diag1when_s1_r1_e1,demoes_e_s1_r1_e1,,text,Qué edad tenía el niño/a cuando fue diagnosticado/a?,,(Edad en años.),number,0,18,,[demoes_e_langhist_s1_r1_e1] = '1',y,,,,,
demoes_e_diag2_embed,demoes_e_s1_r1_e1,,descriptive,"<div class=""rich-text-field-label""><table style=""border-collapse: collapse; width: 100%; border-style: hidden; height: 54px;"" border=""1""> <tbody> <tr style=""height: 18px;""> <td style=""width: 48.3734%; border-style: hidden; height: 18px;"">Diagnóstico 2</td> <td style=""width: 48.3734%; border-style: hidden; height: 18px;""> </td> </tr> <tr style=""height: 18px;""> <td style=""width: 48.3734%; border-style: hidden; height: 18px;"">Cuál fue el diagnóstico?</td> <td style=""width: 48.3734%; border-style: hidden; height: 18px;"">{demoes_e_diag2what_s1_r1_e1}</td> </tr> <tr style=""height: 18px;""> <td style=""width: 48.3734%; border-style: hidden; height: 18px;"">Qué edad tenía el niño/a cuando fue diagnosticado/a?</td> <td style=""width: 48.3734%; border-style: hidden; height: 18px;""> <p>{demoes_e_diag2when_s1_r1_e1}</p> <h6 style=""font-size: 7.5pt;""><span style=""color: #0e0e79;"">(Edad en años.)</span></h6> </td> </tr> </tbody> </table></div>",,,,,,,"[demoes_e_diag1what_s1_r1_e1] <> """"",,,,,,
demoes_e_diag2what_s1_r1_e1,demoes_e_s1_r1_e1,,notes,Cuál fue el diagnóstico?,,"(Si no hay más diagnósticos que reportar, deje en blanco.)",,,,,"[demoes_e_diag1what_s1_r1_e1] <> """"",y,,,,," @PLACEHOLDER='Si no hay más diagnósticos que reportar, deje en blanco.'"
demoes_e_diag2when_s1_r1_e1,demoes_e_s1_r1_e1,,text,Qué edad tenía el niño/a cuando fue diagnosticado/a?,,"(Edad en años. Si no hay más diagnósticos que reportar, deje en blanco.)",number,0,18,,"[demoes_e_diag1what_s1_r1_e1] <> """"",y,,,,," @PLACEHOLDER='Si no hay más diagnósticos que reportar, deje en blanco.'"
demoes_e_diag3_embed,demoes_e_s1_r1_e1,,descriptive,"<div class=""rich-text-field-label""><table style=""border-collapse: collapse; width: 100%; border-style: hidden; height: 54px;"" border=""1""> <tbody> <tr style=""height: 18px;""> <td style=""width: 48.3734%; border-style: hidden; height: 18px;"">Diagnóstico 3</td> <td style=""width: 48.3734%; border-style: hidden; height: 18px;""> </td> </tr> <tr style=""height: 18px;""> <td style=""width: 48.3734%; border-style: hidden; height: 18px;"">Cuál fue el diagnóstico?</td> <td style=""width: 48.3734%; border-style: hidden; height: 18px;"">{demoes_e_diag3what_s1_r1_e1}</td> </tr> <tr style=""height: 18px;""> <td style=""width: 48.3734%; border-style: hidden; height: 18px;"">Qué edad tenía el niño/a cuando fue diagnosticado/a?</td> <td style=""width: 48.3734%; border-style: hidden; height: 18px;""> <p>{demoes_e_diag3when_s1_r1_e1}</p> <h6 style=""font-size: 7.5pt;""><span style=""color: #0e0e79;"">(Edad en años.)</span></h6> </td> </tr> </tbody> </table></div>",,,,,,,"[demoes_e_diag2what_s1_r1_e1] <> """"",,,,,,
demoes_e_diag3what_s1_r1_e1,demoes_e_s1_r1_e1,,notes,Cuál fue el diagnóstico?,,"(Si no hay más diagnósticos que reportar, deje en blanco.)",,,,,"[demoes_e_diag2what_s1_r1_e1] <> """"",y,,,,," @PLACEHOLDER='Si no hay más diagnósticos que reportar, deje en blanco.'"
demoes_e_diag3when_s1_r1_e1,demoes_e_s1_r1_e1,,text,Qué edad tenía el niño/a cuando fue diagnosticado/a?,,"(Edad en años. Si no hay más diagnósticos que reportar, deje en blanco.)",number,0,18,,"[demoes_e_diag2what_s1_r1_e1] <> """"",y,,,,," @PLACEHOLDER='Si no hay más diagnósticos que reportar, deje en blanco.'"
demoes_e_diag4_embed,demoes_e_s1_r1_e1,,descriptive,"<div class=""rich-text-field-label""><table style=""border-collapse: collapse; width: 100%; border-style: hidden; height: 54px;"" border=""1""> <tbody> <tr style=""height: 18px;""> <td style=""width: 48.3734%; border-style: hidden; height: 18px;"">Diagnóstico 4</td> <td style=""width: 48.3734%; border-style: hidden; height: 18px;""> </td> </tr> <tr style=""height: 18px;""> <td style=""width: 48.3734%; border-style: hidden; height: 18px;"">Cuál fue el diagnóstico?</td> <td style=""width: 48.3734%; border-style: hidden; height: 18px;"">{demoes_e_diag4what_s1_r1_e1}</td> </tr> <tr style=""height: 18px;""> <td style=""width: 48.3734%; border-style: hidden; height: 18px;"">Qué edad tenía el niño/a cuando fue diagnosticado/a?</td> <td style=""width: 48.3734%; border-style: hidden; height: 18px;""> <p>{demoes_e_diag4when_s1_r1_e1}</p> <h6 style=""font-size: 7.5pt;""><span style=""color: #0e0e79;"">(Edad en años.)</span></h6> </td> </tr> </tbody> </table></div>",,,,,,,"[demoes_e_diag3what_s1_r1_e1] <> """"",,,,,,
demoes_e_diag4what_s1_r1_e1,demoes_e_s1_r1_e1,,notes,Cuál fue el diagnóstico?,,"(Si no hay más diagnósticos que reportar, deje en blanco.)",,,,,"[demoes_e_diag3what_s1_r1_e1] <> """"",y,,,,," @PLACEHOLDER='Si no hay más diagnósticos que reportar, deje en blanco.'"
demoes_e_diag4when_s1_r1_e1,demoes_e_s1_r1_e1,,text,Qué edad tenía el niño/a cuando fue diagnosticado/a?,,"(Edad en años. Si no hay más diagnósticos que reportar, deje en blanco.)",number,0,18,,"[demoes_e_diag3what_s1_r1_e1] <> """"",y,,,,," @PLACEHOLDER='Si no hay más diagnósticos que reportar, deje en blanco.'"
demoes_e_diag5_embed,demoes_e_s1_r1_e1,,descriptive,"<div class=""rich-text-field-label""><table style=""border-collapse: collapse; width: 100%; border-style: hidden; height: 54px;"" border=""1""> <tbody> <tr style=""height: 18px;""> <td style=""width: 48.3734%; border-style: hidden; height: 18px;"">Diagnóstico 5</td> <td style=""width: 48.3734%; border-style: hidden; height: 18px;""> </td> </tr> <tr style=""height: 18px;""> <td style=""width: 48.3734%; border-style: hidden; height: 18px;"">Cuál fue el diagnóstico?</td> <td style=""width: 48.3734%; border-style: hidden; height: 18px;"">{demoes_e_diag5what_s1_r1_e1}</td> </tr> <tr style=""height: 18px;""> <td style=""width: 48.3734%; border-style: hidden; height: 18px;"">Qué edad tenía el niño/a cuando fue diagnosticado/a?</td> <td style=""width: 48.3734%; border-style: hidden; height: 18px;""> <p>{demoes_e_diag5when_s1_r1_e1}</p> <h6 style=""font-size: 7.5pt;""><span style=""color: #0e0e79;"">(Edad en años.)</span></h6> </td> </tr> </tbody> </table></div>",,,,,,,"[demoes_e_diag4what_s1_r1_e1] <> """"",,,,,,
demoes_e_diag5what_s1_r1_e1,demoes_e_s1_r1_e1,,notes,Cuál fue el diagnóstico?,,"(Si no hay más diagnósticos que reportar, deje en blanco.)",,,,,"[demoes_e_diag4what_s1_r1_e1] <> """"",y,,,,," @PLACEHOLDER='Si no hay más diagnósticos que reportar, deje en blanco.'"
demoes_e_diag5when_s1_r1_e1,demoes_e_s1_r1_e1,,text,Qué edad tenía el niño/a cuando fue diagnosticado/a?,,"(Edad en años. Si no hay más diagnósticos que reportar, deje en blanco.)",number,0,18,,"[demoes_e_diag4what_s1_r1_e1] <> """"",y,,,,," @PLACEHOLDER='Si no hay más diagnósticos que reportar, deje en blanco.'"
demoes_e_diag6_embed,demoes_e_s1_r1_e1,,descriptive,"<div class=""rich-text-field-label""><table style=""border-collapse: collapse; width: 100%; border-style: hidden; height: 54px;"" border=""1""> <tbody> <tr style=""height: 18px;""> <td style=""width: 48.3734%; border-style: hidden; height: 18px;"">Diagnóstico 6</td> <td style=""width: 48.3734%; border-style: hidden; height: 18px;""> </td> </tr> <tr style=""height: 18px;""> <td style=""width: 48.3734%; border-style: hidden; height: 18px;"">Cuál fue el diagnóstico?</td> <td style=""width: 48.3734%; border-style: hidden; height: 18px;"">{demoes_e_diag6what_s1_r1_e1}</td> </tr> <tr style=""height: 18px;""> <td style=""width: 48.3734%; border-style: hidden; height: 18px;"">Qué edad tenía el niño/a cuando fue diagnosticado/a?</td> <td style=""width: 48.3734%; border-style: hidden; height: 18px;""> <p>{demoes_e_diag6when_s1_r1_e1}</p> <h6 style=""font-size: 7.5pt;""><span style=""color: #0e0e79;"">(Edad en años.)</span></h6> </td> </tr> </tbody> </table></div>",,,,,,,"[demoes_e_diag5what_s1_r1_e1] <> """"",,,,,,
demoes_e_diag6what_s1_r1_e1,demoes_e_s1_r1_e1,,notes,Cuál fue el diagnóstico?,,"(Si no hay más diagnósticos que reportar, deje en blanco.)",,,,,"[demoes_e_diag5what_s1_r1_e1] <> """"",y,,,,," @PLACEHOLDER='Si no hay más diagnósticos que reportar, deje en blanco.'"
demoes_e_diag6when_s1_r1_e1,demoes_e_s1_r1_e1,,text,Qué edad tenía el niño/a cuando fue diagnosticado/a?,,"(Edad en años. Si no hay más diagnósticos que reportar, deje en blanco.)",number,0,18,,"[demoes_e_diag5what_s1_r1_e1] <> """"",y,,,,," @PLACEHOLDER='Si no hay más diagnósticos que reportar, deje en blanco.'"
demoes_e_diag7_embed,demoes_e_s1_r1_e1,,descriptive,"<div class=""rich-text-field-label""><table style=""border-collapse: collapse; width: 100%; border-style: hidden; height: 54px;"" border=""1""> <tbody> <tr style=""height: 18px;""> <td style=""width: 48.3734%; border-style: hidden; height: 18px;"">Diagnóstico 7</td> <td style=""width: 48.3734%; border-style: hidden; height: 18px;""> </td> </tr> <tr style=""height: 18px;""> <td style=""width: 48.3734%; border-style: hidden; height: 18px;"">Cuál fue el diagnóstico?</td> <td style=""width: 48.3734%; border-style: hidden; height: 18px;"">{demoes_e_diag7what_s1_r1_e1}</td> </tr> <tr style=""height: 18px;""> <td style=""width: 48.3734%; border-style: hidden; height: 18px;"">Qué edad tenía el niño/a cuando fue diagnosticado/a?</td> <td style=""width: 48.3734%; border-style: hidden; height: 18px;""> <p>{demoes_e_diag7when_s1_r1_e1}</p> <h6 style=""font-size: 7.5pt;""><span style=""color: #0e0e79;"">(Edad en años.)</span></h6> </td> </tr> </tbody> </table></div>",,,,,,,"[demoes_e_diag6what_s1_r1_e1] <> """"",,,,,,
demoes_e_diag7what_s1_r1_e1,demoes_e_s1_r1_e1,,notes,Cuál fue el diagnóstico?,,"(Si no hay más diagnósticos que reportar, deje en blanco.)",,,,,"[demoes_e_diag6what_s1_r1_e1] <> """"",y,,,,," @PLACEHOLDER='Si no hay más diagnósticos que reportar, deje en blanco.'"
demoes_e_diag7when_s1_r1_e1,demoes_e_s1_r1_e1,,text,Qué edad tenía el niño/a cuando fue diagnosticado/a?,,"(Edad en años. Si no hay más diagnósticos que reportar, deje en blanco.)",number,0,18,,"[demoes_e_diag6what_s1_r1_e1] <> """"",y,,,,," @PLACEHOLDER='Si no hay más diagnósticos que reportar, deje en blanco.'"
demoes_e_diag8_embed,demoes_e_s1_r1_e1,,descriptive,"<div class=""rich-text-field-label""><table style=""border-collapse: collapse; width: 100%; border-style: hidden; height: 54px;"" border=""1""> <tbody> <tr style=""height: 18px;""> <td style=""width: 48.3734%; border-style: hidden; height: 18px;"">Diagnóstico 8</td> <td style=""width: 48.3734%; border-style: hidden; height: 18px;""> </td> </tr> <tr style=""height: 18px;""> <td style=""width: 48.3734%; border-style: hidden; height: 18px;"">Cuál fue el diagnóstico?</td> <td style=""width: 48.3734%; border-style: hidden; height: 18px;"">{demoes_e_diag8what_s1_r1_e1}</td> </tr> <tr style=""height: 18px;""> <td style=""width: 48.3734%; border-style: hidden; height: 18px;"">Qué edad tenía el niño/a cuando fue diagnosticado/a?</td> <td style=""width: 48.3734%; border-style: hidden; height: 18px;""> <p>{demoes_e_diag8when_s1_r1_e1}</p> <h6 style=""font-size: 7.5pt;""><span style=""color: #0e0e79;"">(Edad en años.)</span></h6> </td> </tr> </tbody> </table></div>",,,,,,,"[demoes_e_diag7what_s1_r1_e1] <> """"",,,,,,
demoes_e_diag8what_s1_r1_e1,demoes_e_s1_r1_e1,,notes,Cuál fue el diagnóstico?,,"(Si no hay más diagnósticos que reportar, deje en blanco.)",,,,,"[demoes_e_diag7what_s1_r1_e1] <> """"",y,,,,," @PLACEHOLDER='Si no hay más diagnósticos que reportar, deje en blanco.'"
demoes_e_diag8when_s1_r1_e1,demoes_e_s1_r1_e1,,text,Qué edad tenía el niño/a cuando fue diagnosticado/a?,,"(Edad en años. Si no hay más diagnósticos que reportar, deje en blanco.)",number,0,18,,"[demoes_e_diag7what_s1_r1_e1] <> """"",y,,,,," @PLACEHOLDER='Si no hay más diagnósticos que reportar, deje en blanco.'"
demoes_e_diag9_embed,demoes_e_s1_r1_e1,,descriptive,"<div class=""rich-text-field-label""><table style=""border-collapse: collapse; width: 100%; border-style: hidden; height: 54px;"" border=""1""> <tbody> <tr style=""height: 18px;""> <td style=""width: 48.3734%; border-style: hidden; height: 18px;"">Diagnóstico 9</td> <td style=""width: 48.3734%; border-style: hidden; height: 18px;""> </td> </tr> <tr style=""height: 18px;""> <td style=""width: 48.3734%; border-style: hidden; height: 18px;"">Cuál fue el diagnóstico?</td> <td style=""width: 48.3734%; border-style: hidden; height: 18px;"">{demoes_e_diag9what_s1_r1_e1}</td> </tr> <tr style=""height: 18px;""> <td style=""width: 48.3734%; border-style: hidden; height: 18px;"">Qué edad tenía el niño/a cuando fue diagnosticado/a?</td> <td style=""width: 48.3734%; border-style: hidden; height: 18px;""> <p>{demoes_e_diag9when_s1_r1_e1}</p> <h6 style=""font-size: 7.5pt;""><span style=""color: #0e0e79;"">(Edad en años.)</span></h6> </td> </tr> </tbody> </table></div>",,,,,,,"[demoes_e_diag8what_s1_r1_e1] <> """"",,,,,,
demoes_e_diag9what_s1_r1_e1,demoes_e_s1_r1_e1,,notes,Cuál fue el diagnóstico?,,"(Si no hay más diagnósticos que reportar, deje en blanco.)",,,,,"[demoes_e_diag8what_s1_r1_e1] <> """"",y,,,,," @PLACEHOLDER='Si no hay más diagnósticos que reportar, deje en blanco.'"
demoes_e_diag9when_s1_r1_e1,demoes_e_s1_r1_e1,,text,Qué edad tenía el niño/a cuando fue diagnosticado/a?,,"(Edad en años. Si no hay más diagnósticos que reportar, deje en blanco.)",number,0,18,,"[demoes_e_diag8what_s1_r1_e1] <> """"",y,,,,," @PLACEHOLDER='Si no hay más diagnósticos que reportar, deje en blanco.'"
demoes_e_diag10_embed,demoes_e_s1_r1_e1,,descriptive,"<div class=""rich-text-field-label""><table style=""border-collapse: collapse; width: 100%; border-style: hidden; height: 54px;"" border=""1""> <tbody> <tr style=""height: 18px;""> <td style=""width: 48.3734%; border-style: hidden; height: 18px;"">Diagnóstico 10</td> <td style=""width: 48.3734%; border-style: hidden; height: 18px;""> </td> </tr> <tr style=""height: 18px;""> <td style=""width: 48.3734%; border-style: hidden; height: 18px;"">Cuál fue el diagnóstico?</td> <td style=""width: 48.3734%; border-style: hidden; height: 18px;"">{demoes_e_diag10what_s1_r1_e1}</td> </tr> <tr style=""height: 18px;""> <td style=""width: 48.3734%; border-style: hidden; height: 18px;"">Qué edad tenía el niño/a cuando fue diagnosticado/a?</td> <td style=""width: 48.3734%; border-style: hidden; height: 18px;""> <p>{demoes_e_diag10when_s1_r1_e1}</p> <h6 style=""font-size: 7.5pt;""><span style=""color: #0e0e79;"">(Edad en años.)</span></h6> </td> </tr> </tbody> </table></div>",,,,,,,"[demoes_e_diag9what_s1_r1_e1] <> """"",,,,,,
demoes_e_diag10what_s1_r1_e1,demoes_e_s1_r1_e1,,notes,Cuál fue el diagnóstico?,,"(Si no hay más diagnósticos que reportar, deje en blanco.)",,,,,"[demoes_e_diag9what_s1_r1_e1] <> """"",y,,,,," @PLACEHOLDER='Si no hay más diagnósticos que reportar, deje en blanco.'"
demoes_e_diag10when_s1_r1_e1,demoes_e_s1_r1_e1,,text,Qué edad tenía el niño/a cuando fue diagnosticado/a?,,"(Edad en años. Si no hay más diagnósticos que reportar, deje en blanco.)",number,0,18,,"[demoes_e_diag9what_s1_r1_e1] <> """"",y,,,,," @PLACEHOLDER='Si no hay más diagnósticos que reportar, deje en blanco.'"
demoes_e_premat_s1_r1_e1,demoes_e_s1_r1_e1,,dropdown,Naci el niño o la niña antes de tiempo?,"1, Sí | 0, No | 999, No lo sé",,,,,,,y,,,,,
demoes_e_prematwks_s1_r1_e1,demoes_e_s1_r1_e1,,text,"Aproximadamente que tan prematuro (en semanas) fue este niño/a al nacer?

Ejemplo:
termino completo = 40 semanas, nacido a las 36 semanas = 4 semanas prematuro/a, nacidos a las 32 semanas = 8 semanas prematuro/a",,(En semanas.),number,0,40,,[demoes_e_premat_s1_r1_e1] = '1',y,,,,,
demoes_e_brstfed_embed,demoes_e_s1_r1_e1,,descriptive,"<div class=""rich-text-field-label""><table style=""border-collapse: collapse; width: 100%; border-style: hidden;"" border=""1""> <tbody> <tr> <td style=""width: 48.3734%; border-style: hidden;""> <p>Aproximadamente cuántos meses fue amamantado el niño/a?</p> </td> <td style=""width: 48.3734%; border-style: hidden;""> <p>{demoes_e_brstfed_s1_r1_e1}</p> <h6 style=""font-size: 7.5pt;""><span style=""color: #0e0e79;"">(En meses.)</span></h6> <p>{demoes_e_brstfeddk_s1_r1_e1}</p> </td> </tr> </tbody> </table></div>",,,,,,,,,,,,,
demoes_e_brstfed_s1_r1_e1,demoes_e_s1_r1_e1,,text,Aproximadamente cuántos meses fue amamantado el niño/a?,,(En meses.),number,,,,[demoes_e_brstfeddk_s1_r1_e1(999)]='0',y,,,,,
demoes_e_brstfeddk_s1_r1_e1,demoes_e_s1_r1_e1,,checkbox,,"999, No lo sé",,,,,,,y,,,,,
demoes_e_walk_embed,demoes_e_s1_r1_e1,,descriptive,"<table style=""border-collapse: collapse; width: 100%; border-style: hidden;"" border=""1""> <tbody> <tr> <td style=""width: 48.3734%; border-style: hidden;""> <p>Aproximadamente qué edad (en meses) tenía el niño/a la primera vez que pudo caminar sin asistencia?</p> </td> <td style=""width: 48.3734%; border-style: hidden;""> <p>{demoes_e_walk_s1_r1_e1}</p> <h6 style=""font-size: 7.5pt;""><span style=""color: #0e0e79;"">(Edad en meses.)</span></h6> <p>{demoes_e_walkdk_s1_r1_e1}</p> </td> </tr> </tbody> </table>",,,,,,,,,,,,,
demoes_e_walk_s1_r1_e1,demoes_e_s1_r1_e1,,text,Aproximadamente qué edad (en meses) tenía el niño/a la primera vez que pudo caminar sin asistencia?,,(Edad en meses.),number,0,48,,[demoes_e_walkdk_s1_r1_e1(999)]='0',y,,,,,
demoes_e_walkdk_s1_r1_e1,demoes_e_s1_r1_e1,,checkbox,,"999, No lo sé",,,,,,,y,,,,,
demoes_e_words_embed,demoes_e_s1_r1_e1,,descriptive,"<table style=""border-collapse: collapse; width: 100%; border-style: hidden;"" border=""1""> <tbody> <tr> <td style=""width: 48.3734%; border-style: hidden;""> <p>Aproximadamente qué edad (en meses) tenía el niño/a la primera vez que dijo una palabra?</p> </td> <td style=""width: 48.3734%; border-style: hidden;""> <p>{demoes_e_words_s1_r1_e1}</p> <h6 style=""font-size: 7.5pt;""><span style=""color: #0e0e79;"">(Edad en meses.)</span></h6> <p>{demoes_e_wordsdk_s1_r1_e1}</p> </td> </tr> </tbody> </table>",,,,,,,,,,,,,
demoes_e_words_s1_r1_e1,demoes_e_s1_r1_e1,,text,Aproximadamente qué edad (en meses) tenía el niño/a la primera vez que dijo una palabra?,,(Edad en meses.),number,0,48,,[demoes_e_wordsdk_s1_r1_e1(999)]='0',y,,,,,
demoes_e_wordsdk_s1_r1_e1,demoes_e_s1_r1_e1,,checkbox,,"999, No lo sé",,,,,,,y,,,,,
demoes_e_motordev_s1_r1_e1,demoes_e_s1_r1_e1,,dropdown,"Consideraría usted que el desarrollo motor del niño/a (sentarse, gatear, caminar) fue más temprano, promedio, o más tarde que la mayoría de los niños?","1, Mucho más temprano | 2, Un poco más temprano | 3, Promedio | 4, Un poco más tarde | 5, Mucho mas tarde | 999, No lo sé",,,,,,,y,,,,,
demoes_e_speechdev_s1_r1_e1,demoes_e_s1_r1_e1,,dropdown,"Consideraría usted que el desarrollo del habla del niño/a fue más temprano, promedio, o más tarde que la mayoría de los niños?","1, Mucho más temprano | 2, Un poco más temprano | 3, Promedio | 4, Un poco más tarde | 5, Mucho mas tarde | 999, No lo sé",,,,,,,y,,,,,
demoes_e_docvisit_s1_r1_e1,demoes_e_s1_r1_e1,,checkbox,"El niño/a alguna vez ha visitado un doctor, enfermero, sala de emergencias, o clínica por alguna de estas razones? Por favor marque todos los que apliquen.","1, Problema Auditivo | 2, Epilepsia o convulsiones | 3, Dolores de cabeza muy intensos | 4, Lesión en la cabeza | 5, Pérdida del conocimiento | 6, Anestesia general o sedación para alguna cirugía o procedimiento | 7, Otros problemas neurológicos | 0, Ninguno","Si otro problema neurológico, por favor especifique: {demoes_e_docoth_s1_r1_e1}",,,,,,y,,,,, @NONEOFTHEABOVE='0'
demoes_e_docoth_s1_r1_e1,demoes_e_s1_r1_e1,,text,"Si otro problema neurológico, por favor especifique:",,,,,,,[demoes_e_docvisit_s1_r1_e1(7)] = '1',y,,,,,
demoes_e_bluegreen_s1_r1_e1,demoes_e_s1_r1_e1,,dropdown,El niño/a es capaz de ver la diferencia entre el azul y el verde?,"1, Sí | 0, No | 999, No lo sé",,,,,,,y,,,,,
demoes_e_blueyellow_s1_r1_e1,demoes_e_s1_r1_e1,,dropdown,Qué tal la diferencia entre el azul y el amarillo?,"1, Sí | 0, No | 999, No lo sé",,,,,,,y,,,,,