"Variable / Field Name","Form Name","Section Header","Field Type","Field Label","Choices, Calculations, OR Slider Labels","Field Note","Text Validation Type OR Show Slider Number","Text Validation Min","Text Validation Max",Identifier?,"Branching Logic (Show field only if...)","Required Field?","Custom Alignment","Question Number (surveys only)","Matrix Group Name","Matrix Ranking?","Field Annotation"
spaic_i3_s1_r1_e1,spaic_s1_r1_e1,,radio,"I feel scared when I am with other boys and girls or adults and I have to do something while they watch me (read aloud, play a game, play a sport).","0, Never, or Hardly Ever | 1, Sometimes | 2, Most of the Time, or Always",,,,,,,y,,,,,
spaic_i4_s1_r1_e1,spaic_s1_r1_e1,,radio,"I feel scared when I have to speak or read in front of a group of people.","0, Never, or Hardly Ever | 1, Sometimes | 2, Most of the Time, or Always",,,,,,,y,,,,,
spaic_i12_s1_r1_e1,spaic_s1_r1_e1,"If somebody starts arguing with me, I feel scared and do not know what to do if that person is...",radio,"...a boy or girl my age who I know.","0, Never, or Hardly Ever | 1, Sometimes | 2, Most of the Time, or Always",,,,,,,y,,,spaic10,,
spaic_i13_s1_r1_e1,spaic_s1_r1_e1,,radio,"...a boy or girl my age who I don't know.","0, Never, or Hardly Ever | 1, Sometimes | 2, Most of the Time, or Always",,,,,,,y,,,spaic10,,
spaic_i14_s1_r1_e1,spaic_s1_r1_e1,,radio,"...an adult.","0, Never, or Hardly Ever | 1, Sometimes | 2, Most of the Time, or Always",,,,,,,y,,,spaic10,,
spaic_i15_s1_r1_e1,spaic_s1_r1_e1,"If somebody asks me to do something that I don't want to do, I feel scared and don't know what to say if that person is...",radio,"...a boy or girl my age who I know.","0, Never, or Hardly Ever | 1, Sometimes | 2, Most of the Time, or Always",,,,,,,y,,,spaic11,,
spaic_i16_s1_r1_e1,spaic_s1_r1_e1,,radio,"...a boy or girl my age who I don't know.","0, Never, or Hardly Ever | 1, Sometimes | 2, Most of the Time, or Always",,,,,,,y,,,spaic11,,
spaic_i17_s1_r1_e1,spaic_s1_r1_e1,,radio,"...an adult.","0, Never, or Hardly Ever | 1, Sometimes | 2, Most of the Time, or Always",,,,,,,y,,,spaic11,,
spaic_i18_s1_r1_e1,spaic_s1_r1_e1,"I feel scared and don't know what to do when in an embarrassing situation with...
(embarrassed means that your face gets hot and red)",radio,"...a boy or girl my age who I know.","0, Never, or Hardly Ever | 1, Sometimes | 2, Most of the Time, or Always",,,,,,,y,,,spaic12,,
spaic_i19_s1_r1_e1,spaic_s1_r1_e1,,radio,"...a boy or girl my age who I don't know.","0, Never, or Hardly Ever | 1, Sometimes | 2, Most of the Time, or Always",,,,,,,y,,,spaic12,,
spaic_i20_s1_r1_e1,spaic_s1_r1_e1,,radio,"...an adult.","0, Never, or Hardly Ever | 1, Sometimes | 2, Most of the Time, or Always",,,,,,,y,,,spaic12,,
spaic_i21_s1_r1_e1,spaic_s1_r1_e1,"If somebody says something that I think is wrong or bad, I feel scared saying what I think if that person is...",radio,"...a boy or girl my age who I know.","0, Never, or Hardly Ever | 1, Sometimes | 2, Most of the Time, or Always",,,,,,,y,,,spaic13,,
spaic_i22_s1_r1_e1,spaic_s1_r1_e1,,radio,"...a boy or girl my age who I don't know.","0, Never, or Hardly Ever | 1, Sometimes | 2, Most of the Time, or Always",,,,,,,y,,,spaic13,,
spaic_i23_s1_r1_e1,spaic_s1_r1_e1,,radio,"...an adult.","0, Never, or Hardly Ever | 1, Sometimes | 2, Most of the Time, or Always",,,,,,,y,,,spaic13,,
spaic_i24_s1_r1_e1,spaic_s1_r1_e1,"I feel scared when I start to talk to...",radio,"...boys or girls my age that I know.","0, Never, or Hardly Ever | 1, Sometimes | 2, Most of the Time, or Always",,,,,,,y,,,spaic14,,
spaic_i25_s1_r1_e1,spaic_s1_r1_e1,,radio,"...boys or girls my age that I don't know.","0, Never, or Hardly Ever | 1, Sometimes | 2, Most of the Time, or Always",,,,,,,y,,,spaic14,,
spaic_i26_s1_r1_e1,spaic_s1_r1_e1,,radio,...adults.,"0, Never, or Hardly Ever | 1, Sometimes | 2, Most of the Time, or Always",,,,,,,y,,,spaic14,,
spaic_i27_s1_r1_e1,spaic_s1_r1_e1,"I feel scared if I have to talk for longer than a few minutes with...",radio,"...boys or girls my age that I know.","0, Never, or Hardly Ever | 1, Sometimes | 2, Most of the Time, or Always",,,,,,,y,,,spaic15,,
spaic_i28_s1_r1_e1,spaic_s1_r1_e1,,radio,"...boys or girls my age that I don't know.","0, Never, or Hardly Ever | 1, Sometimes | 2, Most of the Time, or Always",,,,,,,y,,,spaic15,,
spaic_i29_s1_r1_e1,spaic_s1_r1_e1,,radio,...adults.,"0, Never, or Hardly Ever | 1, Sometimes | 2, Most of the Time, or Always",,,,,,,y,,,spaic15,,
spaic_i30_s1_r1_e1,spaic_s1_r1_e1,"I feel scared when speaking (giving a book report, reading in front of the class) in front of...",radio,"...boys or girls my age that I know.","0, Never, or Hardly Ever | 1, Sometimes | 2, Most of the Time, or Always",,,,,,,y,,,spaic16,,
spaic_i31_s1_r1_e1,spaic_s1_r1_e1,,radio,"...boys or girls my age that I don't know.","0, Never, or Hardly Ever | 1, Sometimes | 2, Most of the Time, or Always",,,,,,,y,,,spaic16,,
spaic_i32_s1_r1_e1,spaic_s1_r1_e1,,radio,...adults.,"0, Never, or Hardly Ever | 1, Sometimes | 2, Most of the Time, or Always",,,,,,,y,,,spaic16,,
spaic_i33_s1_r1_e1,spaic_s1_r1_e1,"I feel scared when I am in a school play, choir, music or dance recital in front of...",radio,"...boys or girls my age that I know.","0, Never, or Hardly Ever | 1, Sometimes | 2, Most of the Time, or Always",,,,,,,y,,,spaic17,,
spaic_i34_s1_r1_e1,spaic_s1_r1_e1,,radio,"...boys or girls my age that I don't know.","0, Never, or Hardly Ever | 1, Sometimes | 2, Most of the Time, or Always",,,,,,,y,,,spaic17,,
spaic_i35_s1_r1_e1,spaic_s1_r1_e1,,radio,...adults.,"0, Never, or Hardly Ever | 1, Sometimes | 2, Most of the Time, or Always",,,,,,,y,,,spaic17,,
spaic_i50_s1_r1_e1,spaic_s1_r1_e1,,radio,"I usually do not speak to anyone until they speak to me.","0, Never, or Hardly Ever | 1, Sometimes | 2, Most of the Time, or Always",,,,,,,y,,,,,
