"Variable / Field Name","Form Name","Section Header","Field Type","Field Label","Choices, Calculations, OR Slider Labels","Field Note","Text Validation Type OR Show Slider Number","Text Validation Min","Text Validation Max",Identifier?,"Branching Logic (Show field only if...)","Required Field?","Custom Alignment","Question Number (surveys only)","Matrix Group Name","Matrix Ranking?","Field Annotation"
selfnowa_i1_s1_r1_e1,selfnowa_s1_r1_e1,,radio,"Compared to others my age, my ability to do things in front of others is:","1, far below average | 2, below average | 3, average | 4, above average | 5, far above average",,,,,,,y,,,selfnowa,,
selfnowa_i2_s1_r1_e1,selfnowa_s1_r1_e1,,radio,"Compared to others my age, my ability to talk and interact with others is:","1, far below average | 2, below average | 3, average | 4, above average | 5, far above average",,,,,,,y,,,selfnowa,,
selfnowa_i3_s1_r1_e1,selfnowa_s1_r1_e1,,radio,"Compared to others my age, how much others like me is:","1, far below average | 2, below average | 3, average | 4, above average | 5, far above average",,,,,,,y,,,selfnowa,,
selfnowa_sam,selfnowa_s1_r1_e1,"Please refer to the image below:",descriptive,,,,,,,,,,,,,,
selfnowa_i4_s1_r1_e1,selfnowa_s1_r1_e1,,radio,"Which figure reflects how you feel about yourself right now?","1, 1 | 2, 2 | 3, 3 | 4, 4 | 5, 5 | 6, 6 | 7, 7 | 8, 8 | 9, 9",,,,,,,y,LH,,,,
