"Variable / Field Name","Form Name","Section Header","Field Type","Field Label","Choices, Calculations, OR Slider Labels","Field Note","Text Validation Type OR Show Slider Number","Text Validation Min","Text Validation Max",Identifier?,"Branching Logic (Show field only if...)","Required Field?","Custom Alignment","Question Number (surveys only)","Matrix Group Name","Matrix Ranking?","Field Annotation"
pss_i1_s1_r1_e1,pss_s1_r1_e1,,radio,"In the last month, how often have you been upset because of something that happened unexpectedly?","0, Never | 1, Almost Never | 2, Sometimes | 3, Fairly Often | 4, Very Often",,,,,,,y,,,pss,,
pss_i2_s1_r1_e1,pss_s1_r1_e1,,radio,"In the last month, how often have you felt that you were unable to control the important things in your life?","0, Never | 1, Almost Never | 2, Sometimes | 3, Fairly Often | 4, Very Often",,,,,,,y,,,pss,,
pss_i3_s1_r1_e1,pss_s1_r1_e1,,radio,"In the last month, how often have you felt nervous and ""stressed""?","0, Never | 1, Almost Never | 2, Sometimes | 3, Fairly Often | 4, Very Often",,,,,,,y,,,pss,,
pss_i4_s1_r1_e1,pss_s1_r1_e1,,radio,"In the last month, how often have you felt confident about your ability to handle your personal problems?","0, Never | 1, Almost Never | 2, Sometimes | 3, Fairly Often | 4, Very Often",,,,,,,y,,,pss,,
pss_i5_s1_r1_e1,pss_s1_r1_e1,,radio,"In the last month, how often have you felt that things were going your way?","0, Never | 1, Almost Never | 2, Sometimes | 3, Fairly Often | 4, Very Often",,,,,,,y,,,pss,,
pss_i6_s1_r1_e1,pss_s1_r1_e1,,radio,"In the last month, how often have you found that you could not cope with all the things that you had to do?","0, Never | 1, Almost Never | 2, Sometimes | 3, Fairly Often | 4, Very Often",,,,,,,y,,,pss,,
pss_i7_s1_r1_e1,pss_s1_r1_e1,,radio,"In the last month, how often have you been able to control irritations in your life?","0, Never | 1, Almost Never | 2, Sometimes | 3, Fairly Often | 4, Very Often",,,,,,,y,,,pss,,
pss_i8_s1_r1_e1,pss_s1_r1_e1,,radio,"In the last month, how often have you felt that you were on top of things?","0, Never | 1, Almost Never | 2, Sometimes | 3, Fairly Often | 4, Very Often",,,,,,,y,,,pss,,
pss_i9_s1_r1_e1,pss_s1_r1_e1,,radio,"In the last month, how often have you been angered because of things that were outside your control?","0, Never | 1, Almost Never | 2, Sometimes | 3, Fairly Often | 4, Very Often",,,,,,,y,,,pss,,
pss_i10_s1_r1_e1,pss_s1_r1_e1,,radio,"In the last month, how often have you felt difficulties were piling up so high that you could not overcome them?","0, Never | 1, Almost Never | 2, Sometimes | 3, Fairly Often | 4, Very Often",,,,,,,y,,,pss,,
