"Variable / Field Name","Form Name","Section Header","Field Type","Field Label","Choices, Calculations, OR Slider Labels","Field Note","Text Validation Type OR Show Slider Number","Text Validation Min","Text Validation Max",Identifier?,"Branching Logic (Show field only if...)","Required Field?","Custom Alignment","Question Number (surveys only)","Matrix Group Name","Matrix Ranking?","Field Annotation"
adis_ch_dx1_lb_s1_r1_e1,adis_s1_r1_e1,"Child Ratings",dropdown,"Diagnosis 1","0, None | 1, Separation Anxiety Disorder | 2, Social Phobia | 3, Specific Phobia | 4, Panic Disorder | 5, Agoraphobia (With Panic Disorder) | 6, Agoraphobia (Without Panic Disorder) | 7, Generalized Anxiety Disorder | 8, Obsessive-Compulsive Disorder | 9, Posttraumatic Stress Disorder | 10, Major Depressive Disorder (Current) | 11, Major Depressive Disorder (Lifetime) | 12, Attention Deficit/Hyperactivity Disorder | 13, Oppositional Defiant Disorder",,,,,,,y,,,,,
adis_ch_dx1_sp_s1_r1_e1,adis_s1_r1_e1,,text,"<div class=""rich-text-field-label""><p><span style=""color: #ba372a;"">Please specify:</span></p></div>",,,,,,,"[adis_ch_dx1_lb_s1_r1_e1] = '3'",y,,,,,
adis_ch_dx1_ir_s1_r1_e1,adis_s1_r1_e1,,radio,"Interference Rating","1, 0 | 2, 1 | 3, 2 | 4, 3 | 5, 4 | 6, 5 | 7, 6 | 8, 7 | 9, 8",,,,,,[adis_ch_dx1_lb_s1_r1_e1]>0,y,,,adis_ch_dx1_ir,y,
adis_ch_dx2_lb_s1_r1_e1,adis_s1_r1_e1,,dropdown,"Diagnosis 2","0, None | 1, Separation Anxiety Disorder | 2, Social Phobia | 3, Specific Phobia | 4, Panic Disorder | 5, Agoraphobia (With Panic Disorder) | 6, Agoraphobia (Without Panic Disorder) | 7, Generalized Anxiety Disorder | 8, Obsessive-Compulsive Disorder | 9, Posttraumatic Stress Disorder | 10, Major Depressive Disorder (Current) | 11, Major Depressive Disorder (Lifetime) | 12, Attention Deficit/Hyperactivity Disorder | 13, Oppositional Defiant Disorder",,,,,,,,,,,,
adis_ch_dx2_sp_s1_r1_e1,adis_s1_r1_e1,,text,"<div class=""rich-text-field-label""><p><span style=""color: #ba372a;"">Please specify:</span></p></div>",,,,,,,"[adis_ch_dx2_lb_s1_r1_e1] = '3'",y,,,,,
adis_ch_dx2_ir_s1_r1_e1,adis_s1_r1_e1,,radio,"Interference Rating","1, 0 | 2, 1 | 3, 2 | 4, 3 | 5, 4 | 6, 5 | 7, 6 | 8, 7 | 9, 8",,,,,,[adis_ch_dx2_lb_s1_r1_e1]>0,y,,,adis_ch_dx2_ir,,
adis_ch_dx3_lb_s1_r1_e1,adis_s1_r1_e1,,dropdown,"Diagnosis 3","0, None | 1, Separation Anxiety Disorder | 2, Social Phobia | 3, Specific Phobia | 4, Panic Disorder | 5, Agoraphobia (With Panic Disorder) | 6, Agoraphobia (Without Panic Disorder) | 7, Generalized Anxiety Disorder | 8, Obsessive-Compulsive Disorder | 9, Posttraumatic Stress Disorder | 10, Major Depressive Disorder (Current) | 11, Major Depressive Disorder (Lifetime) | 12, Attention Deficit/Hyperactivity Disorder | 13, Oppositional Defiant Disorder",,,,,,,,,,,,
adis_ch_dx3_sp_s1_r1_e1,adis_s1_r1_e1,,text,"<div class=""rich-text-field-label""><p><span style=""color: #ba372a;"">Please specify:</span></p></div>",,,,,,,"[adis_ch_dx3_lb_s1_r1_e1] = '3'",y,,,,,
adis_ch_dx3_ir_s1_r1_e1,adis_s1_r1_e1,,radio,"Interference Rating","1, 0 | 2, 1 | 3, 2 | 4, 3 | 5, 4 | 6, 5 | 7, 6 | 8, 7 | 9, 8",,,,,,[adis_ch_dx3_lb_s1_r1_e1]>0,y,,,adis_ch_dx3_ir,,
adis_ch_dx4_lb_s1_r1_e1,adis_s1_r1_e1,,dropdown,"Diagnosis 4","0, None | 1, Separation Anxiety Disorder | 2, Social Phobia | 3, Specific Phobia | 4, Panic Disorder | 5, Agoraphobia (With Panic Disorder) | 6, Agoraphobia (Without Panic Disorder) | 7, Generalized Anxiety Disorder | 8, Obsessive-Compulsive Disorder | 9, Posttraumatic Stress Disorder | 10, Major Depressive Disorder (Current) | 11, Major Depressive Disorder (Lifetime) | 12, Attention Deficit/Hyperactivity Disorder | 13, Oppositional Defiant Disorder",,,,,,,,,,,,
adis_ch_dx4_sp_s1_r1_e1,adis_s1_r1_e1,,text,"<div class=""rich-text-field-label""><p><span style=""color: #ba372a;"">Please specify:</span></p></div>",,,,,,,"[adis_ch_dx4_lb_s1_r1_e1] = '3'",y,,,,,
adis_ch_dx4_ir_s1_r1_e1,adis_s1_r1_e1,,radio,"Interference Rating","1, 0 | 2, 1 | 3, 2 | 4, 3 | 5, 4 | 6, 5 | 7, 6 | 8, 7 | 9, 8",,,,,,[adis_ch_dx4_lb_s1_r1_e1]>0,y,,,adis_ch_dx4_ir,,
adis_ch_dx5_lb_s1_r1_e1,adis_s1_r1_e1,,dropdown,"Diagnosis 5","0, None | 1, Separation Anxiety Disorder | 2, Social Phobia | 3, Specific Phobia | 4, Panic Disorder | 5, Agoraphobia (With Panic Disorder) | 6, Agoraphobia (Without Panic Disorder) | 7, Generalized Anxiety Disorder | 8, Obsessive-Compulsive Disorder | 9, Posttraumatic Stress Disorder | 10, Major Depressive Disorder (Current) | 11, Major Depressive Disorder (Lifetime) | 12, Attention Deficit/Hyperactivity Disorder | 13, Oppositional Defiant Disorder",,,,,,,,,,,,
adis_ch_dx5_sp_s1_r1_e1,adis_s1_r1_e1,,text,"<div class=""rich-text-field-label""><p><span style=""color: #ba372a;"">Please specify:</span></p></div>",,,,,,,"[adis_ch_dx5_lb_s1_r1_e1] = '3'",y,,,,,
adis_ch_dx5_ir_s1_r1_e1,adis_s1_r1_e1,,radio,"Interference Rating","1, 0 | 2, 1 | 3, 2 | 4, 3 | 5, 4 | 6, 5 | 7, 6 | 8, 7 | 9, 8",,,,,,[adis_ch_dx5_lb_s1_r1_e1]>0,y,,,adis_ch_dx5_ir,,
adis_ch_dx6_lb_s1_r1_e1,adis_s1_r1_e1,,dropdown,"Diagnosis 6","0, None | 1, Separation Anxiety Disorder | 2, Social Phobia | 3, Specific Phobia | 4, Panic Disorder | 5, Agoraphobia (With Panic Disorder) | 6, Agoraphobia (Without Panic Disorder) | 7, Generalized Anxiety Disorder | 8, Obsessive-Compulsive Disorder | 9, Posttraumatic Stress Disorder | 10, Major Depressive Disorder (Current) | 11, Major Depressive Disorder (Lifetime) | 12, Attention Deficit/Hyperactivity Disorder | 13, Oppositional Defiant Disorder",,,,,,,,,,,,
adis_ch_dx6_sp_s1_r1_e1,adis_s1_r1_e1,,text,"<div class=""rich-text-field-label""><p><span style=""color: #ba372a;"">Please specify:</span></p></div>",,,,,,,"[adis_ch_dx6_lb_s1_r1_e1] = '3'",y,,,,,
adis_ch_dx6_ir_s1_r1_e1,adis_s1_r1_e1,,radio,"Interference Rating","1, 0 | 2, 1 | 3, 2 | 4, 3 | 5, 4 | 6, 5 | 7, 6 | 8, 7 | 9, 8",,,,,,[adis_ch_dx6_lb_s1_r1_e1]>0,y,,,adis_ch_dx6_ir,,
adis_ch_dx7_lb_s1_r1_e1,adis_s1_r1_e1,,dropdown,"Diagnosis 7","0, None | 1, Separation Anxiety Disorder | 2, Social Phobia | 3, Specific Phobia | 4, Panic Disorder | 5, Agoraphobia (With Panic Disorder) | 6, Agoraphobia (Without Panic Disorder) | 7, Generalized Anxiety Disorder | 8, Obsessive-Compulsive Disorder | 9, Posttraumatic Stress Disorder | 10, Major Depressive Disorder (Current) | 11, Major Depressive Disorder (Lifetime) | 12, Attention Deficit/Hyperactivity Disorder | 13, Oppositional Defiant Disorder",,,,,,,,,,,,
adis_ch_dx7_sp_s1_r1_e1,adis_s1_r1_e1,,text,"<div class=""rich-text-field-label""><p><span style=""color: #ba372a;"">Please specify:</span></p></div>",,,,,,,"[adis_ch_dx7_lb_s1_r1_e1] = '3'",y,,,,,
adis_ch_dx7_ir_s1_r1_e1,adis_s1_r1_e1,,radio,"Interference Rating","1, 0 | 2, 1 | 3, 2 | 4, 3 | 5, 4 | 6, 5 | 7, 6 | 8, 7 | 9, 8",,,,,,[adis_ch_dx7_lb_s1_r1_e1]>0,y,,,adis_ch_dx7_ir,,
adis_ch_dx8_lb_s1_r1_e1,adis_s1_r1_e1,,dropdown,"Diagnosis 8","0, None | 1, Separation Anxiety Disorder | 2, Social Phobia | 3, Specific Phobia | 4, Panic Disorder | 5, Agoraphobia (With Panic Disorder) | 6, Agoraphobia (Without Panic Disorder) | 7, Generalized Anxiety Disorder | 8, Obsessive-Compulsive Disorder | 9, Posttraumatic Stress Disorder | 10, Major Depressive Disorder (Current) | 11, Major Depressive Disorder (Lifetime) | 12, Attention Deficit/Hyperactivity Disorder | 13, Oppositional Defiant Disorder",,,,,,,,,,,,
adis_ch_dx8_sp_s1_r1_e1,adis_s1_r1_e1,,text,"<div class=""rich-text-field-label""><p><span style=""color: #ba372a;"">Please specify:</span></p></div>",,,,,,,"[adis_ch_dx8_lb_s1_r1_e1] = '3'",y,,,,,
adis_ch_dx8_ir_s1_r1_e1,adis_s1_r1_e1,,radio,"Interference Rating","1, 0 | 2, 1 | 3, 2 | 4, 3 | 5, 4 | 6, 5 | 7, 6 | 8, 7 | 9, 8",,,,,,[adis_ch_dx8_lb_s1_r1_e1]>0,y,,,adis_ch_dx8_ir,,
adis_pa_dx1_lb_s1_r1_e1,adis_s1_r1_e1,"Parent Ratings",dropdown,"Diagnosis 1","0, None | 1, Separation Anxiety Disorder | 2, Social Phobia | 3, Specific Phobia | 4, Panic Disorder | 5, Agoraphobia (With Panic Disorder) | 6, Agoraphobia (Without Panic Disorder) | 7, Generalized Anxiety Disorder | 8, Obsessive-Compulsive Disorder | 9, Posttraumatic Stress Disorder | 10, Major Depressive Disorder (Current) | 11, Major Depressive Disorder (Lifetime) | 12, Attention Deficit/Hyperactivity Disorder | 13, Oppositional Defiant Disorder",,,,,,,y,,,,,
adis_pa_dx1_sp_s1_r1_e1,adis_s1_r1_e1,,text,"<div class=""rich-text-field-label""><p><span style=""color: #ba372a;"">Please specify:</span></p></div>",,,,,,,"[adis_pa_dx1_lb_s1_r1_e1] = '3'",y,,,,,
adis_pa_dx1_ir_s1_r1_e1,adis_s1_r1_e1,,radio,"Interference Rating","1, 0 | 2, 1 | 3, 2 | 4, 3 | 5, 4 | 6, 5 | 7, 6 | 8, 7 | 9, 8",,,,,,[adis_pa_dx1_lb_s1_r1_e1]>0,y,,,adis_pa_dx1_ir,y,
adis_pa_dx2_lb_s1_r1_e1,adis_s1_r1_e1,,dropdown,"Diagnosis 2","0, None | 1, Separation Anxiety Disorder | 2, Social Phobia | 3, Specific Phobia | 4, Panic Disorder | 5, Agoraphobia (With Panic Disorder) | 6, Agoraphobia (Without Panic Disorder) | 7, Generalized Anxiety Disorder | 8, Obsessive-Compulsive Disorder | 9, Posttraumatic Stress Disorder | 10, Major Depressive Disorder (Current) | 11, Major Depressive Disorder (Lifetime) | 12, Attention Deficit/Hyperactivity Disorder | 13, Oppositional Defiant Disorder",,,,,,,,,,,,
adis_pa_dx2_sp_s1_r1_e1,adis_s1_r1_e1,,text,"<div class=""rich-text-field-label""><p><span style=""color: #ba372a;"">Please specify:</span></p></div>",,,,,,,"[adis_pa_dx2_lb_s1_r1_e1] = '3'",y,,,,,
adis_pa_dx2_ir_s1_r1_e1,adis_s1_r1_e1,,radio,"Interference Rating","1, 0 | 2, 1 | 3, 2 | 4, 3 | 5, 4 | 6, 5 | 7, 6 | 8, 7 | 9, 8",,,,,,[adis_pa_dx2_lb_s1_r1_e1]>0,y,,,adis_pa_dx2_ir,,
adis_pa_dx3_lb_s1_r1_e1,adis_s1_r1_e1,,dropdown,"Diagnosis 3","0, None | 1, Separation Anxiety Disorder | 2, Social Phobia | 3, Specific Phobia | 4, Panic Disorder | 5, Agoraphobia (With Panic Disorder) | 6, Agoraphobia (Without Panic Disorder) | 7, Generalized Anxiety Disorder | 8, Obsessive-Compulsive Disorder | 9, Posttraumatic Stress Disorder | 10, Major Depressive Disorder (Current) | 11, Major Depressive Disorder (Lifetime) | 12, Attention Deficit/Hyperactivity Disorder | 13, Oppositional Defiant Disorder",,,,,,,,,,,,
adis_pa_dx3_sp_s1_r1_e1,adis_s1_r1_e1,,text,"<div class=""rich-text-field-label""><p><span style=""color: #ba372a;"">Please specify:</span></p></div>",,,,,,,"[adis_pa_dx3_lb_s1_r1_e1] = '3'",y,,,,,
adis_pa_dx3_ir_s1_r1_e1,adis_s1_r1_e1,,radio,"Interference Rating","1, 0 | 2, 1 | 3, 2 | 4, 3 | 5, 4 | 6, 5 | 7, 6 | 8, 7 | 9, 8",,,,,,[adis_pa_dx3_lb_s1_r1_e1]>0,y,,,adis_pa_dx3_ir,,
adis_pa_dx4_lb_s1_r1_e1,adis_s1_r1_e1,,dropdown,"Diagnosis 4","0, None | 1, Separation Anxiety Disorder | 2, Social Phobia | 3, Specific Phobia | 4, Panic Disorder | 5, Agoraphobia (With Panic Disorder) | 6, Agoraphobia (Without Panic Disorder) | 7, Generalized Anxiety Disorder | 8, Obsessive-Compulsive Disorder | 9, Posttraumatic Stress Disorder | 10, Major Depressive Disorder (Current) | 11, Major Depressive Disorder (Lifetime) | 12, Attention Deficit/Hyperactivity Disorder | 13, Oppositional Defiant Disorder",,,,,,,,,,,,
adis_pa_dx4_sp_s1_r1_e1,adis_s1_r1_e1,,text,"<div class=""rich-text-field-label""><p><span style=""color: #ba372a;"">Please specify:</span></p></div>",,,,,,,"[adis_pa_dx4_lb_s1_r1_e1] = '3'",y,,,,,
adis_pa_dx4_ir_s1_r1_e1,adis_s1_r1_e1,,radio,"Interference Rating","1, 0 | 2, 1 | 3, 2 | 4, 3 | 5, 4 | 6, 5 | 7, 6 | 8, 7 | 9, 8",,,,,,[adis_pa_dx4_lb_s1_r1_e1]>0,y,,,adis_pa_dx4_ir,,
adis_pa_dx5_lb_s1_r1_e1,adis_s1_r1_e1,,dropdown,"Diagnosis 5","0, None | 1, Separation Anxiety Disorder | 2, Social Phobia | 3, Specific Phobia | 4, Panic Disorder | 5, Agoraphobia (With Panic Disorder) | 6, Agoraphobia (Without Panic Disorder) | 7, Generalized Anxiety Disorder | 8, Obsessive-Compulsive Disorder | 9, Posttraumatic Stress Disorder | 10, Major Depressive Disorder (Current) | 11, Major Depressive Disorder (Lifetime) | 12, Attention Deficit/Hyperactivity Disorder | 13, Oppositional Defiant Disorder",,,,,,,,,,,,
adis_pa_dx5_sp_s1_r1_e1,adis_s1_r1_e1,,text,"<div class=""rich-text-field-label""><p><span style=""color: #ba372a;"">Please specify:</span></p></div>",,,,,,,"[adis_pa_dx5_lb_s1_r1_e1] = '3'",y,,,,,
adis_pa_dx5_ir_s1_r1_e1,adis_s1_r1_e1,,radio,"Interference Rating","1, 0 | 2, 1 | 3, 2 | 4, 3 | 5, 4 | 6, 5 | 7, 6 | 8, 7 | 9, 8",,,,,,[adis_pa_dx5_lb_s1_r1_e1]>0,y,,,adis_pa_dx5_ir,,
adis_pa_dx6_lb_s1_r1_e1,adis_s1_r1_e1,,dropdown,"Diagnosis 6","0, None | 1, Separation Anxiety Disorder | 2, Social Phobia | 3, Specific Phobia | 4, Panic Disorder | 5, Agoraphobia (With Panic Disorder) | 6, Agoraphobia (Without Panic Disorder) | 7, Generalized Anxiety Disorder | 8, Obsessive-Compulsive Disorder | 9, Posttraumatic Stress Disorder | 10, Major Depressive Disorder (Current) | 11, Major Depressive Disorder (Lifetime) | 12, Attention Deficit/Hyperactivity Disorder | 13, Oppositional Defiant Disorder",,,,,,,,,,,,
adis_pa_dx6_sp_s1_r1_e1,adis_s1_r1_e1,,text,"<div class=""rich-text-field-label""><p><span style=""color: #ba372a;"">Please specify:</span></p></div>",,,,,,,"[adis_pa_dx6_lb_s1_r1_e1] = '3'",y,,,,,
adis_pa_dx6_ir_s1_r1_e1,adis_s1_r1_e1,,radio,"Interference Rating","1, 0 | 2, 1 | 3, 2 | 4, 3 | 5, 4 | 6, 5 | 7, 6 | 8, 7 | 9, 8",,,,,,[adis_pa_dx6_lb_s1_r1_e1]>0,y,,,adis_pa_dx6_ir,,
adis_pa_dx7_lb_s1_r1_e1,adis_s1_r1_e1,,dropdown,"Diagnosis 7","0, None | 1, Separation Anxiety Disorder | 2, Social Phobia | 3, Specific Phobia | 4, Panic Disorder | 5, Agoraphobia (With Panic Disorder) | 6, Agoraphobia (Without Panic Disorder) | 7, Generalized Anxiety Disorder | 8, Obsessive-Compulsive Disorder | 9, Posttraumatic Stress Disorder | 10, Major Depressive Disorder (Current) | 11, Major Depressive Disorder (Lifetime) | 12, Attention Deficit/Hyperactivity Disorder | 13, Oppositional Defiant Disorder",,,,,,,,,,,,
adis_pa_dx7_sp_s1_r1_e1,adis_s1_r1_e1,,text,"<div class=""rich-text-field-label""><p><span style=""color: #ba372a;"">Please specify:</span></p></div>",,,,,,,"[adis_pa_dx7_lb_s1_r1_e1] = '3'",y,,,,,
adis_pa_dx7_ir_s1_r1_e1,adis_s1_r1_e1,,radio,"Interference Rating","1, 0 | 2, 1 | 3, 2 | 4, 3 | 5, 4 | 6, 5 | 7, 6 | 8, 7 | 9, 8",,,,,,[adis_pa_dx7_lb_s1_r1_e1]>0,y,,,adis_pa_dx7_ir,,
adis_pa_dx8_lb_s1_r1_e1,adis_s1_r1_e1,,dropdown,"Diagnosis 8","0, None | 1, Separation Anxiety Disorder | 2, Social Phobia | 3, Specific Phobia | 4, Panic Disorder | 5, Agoraphobia (With Panic Disorder) | 6, Agoraphobia (Without Panic Disorder) | 7, Generalized Anxiety Disorder | 8, Obsessive-Compulsive Disorder | 9, Posttraumatic Stress Disorder | 10, Major Depressive Disorder (Current) | 11, Major Depressive Disorder (Lifetime) | 12, Attention Deficit/Hyperactivity Disorder | 13, Oppositional Defiant Disorder",,,,,,,,,,,,
adis_pa_dx8_sp_s1_r1_e1,adis_s1_r1_e1,,text,"<div class=""rich-text-field-label""><p><span style=""color: #ba372a;"">Please specify:</span></p></div>",,,,,,,"[adis_pa_dx8_lb_s1_r1_e1] = '3'",y,,,,,
adis_pa_dx8_ir_s1_r1_e1,adis_s1_r1_e1,,radio,"Interference Rating","1, 0 | 2, 1 | 3, 2 | 4, 3 | 5, 4 | 6, 5 | 7, 6 | 8, 7 | 9, 8",,,,,,[adis_pa_dx8_lb_s1_r1_e1]>0,y,,,adis_pa_dx8_ir,,
adis_cm_dx1_lb_s1_r1_e1,adis_s1_r1_e1,"Combined Ratings",dropdown,"Diagnosis 1","0, None | 1, Separation Anxiety Disorder | 2, Social Phobia | 3, Specific Phobia | 4, Panic Disorder | 5, Agoraphobia (With Panic Disorder) | 6, Agoraphobia (Without Panic Disorder) | 7, Generalized Anxiety Disorder | 8, Obsessive-Compulsive Disorder | 9, Posttraumatic Stress Disorder | 10, Major Depressive Disorder (Current) | 11, Major Depressive Disorder (Lifetime) | 12, Attention Deficit/Hyperactivity Disorder | 13, Oppositional Defiant Disorder",,,,,,,y,,,,,
adis_cm_dx1_sp_s1_r1_e1,adis_s1_r1_e1,,text,"<div class=""rich-text-field-label""><p><span style=""color: #ba372a;"">Please specify:</span></p></div>",,,,,,,"[adis_cm_dx1_lb_s1_r1_e1] = '3'",y,,,,,
adis_cm_dx1_ir_s1_r1_e1,adis_s1_r1_e1,,radio,"Interference Rating","1, 0 | 2, 1 | 3, 2 | 4, 3 | 5, 4 | 6, 5 | 7, 6 | 8, 7 | 9, 8",,,,,,[adis_cm_dx1_lb_s1_r1_e1]>0,y,,,adis_cm_dx1_ir,y,
adis_cm_dx2_lb_s1_r1_e1,adis_s1_r1_e1,,dropdown,"Diagnosis 2","0, None | 1, Separation Anxiety Disorder | 2, Social Phobia | 3, Specific Phobia | 4, Panic Disorder | 5, Agoraphobia (With Panic Disorder) | 6, Agoraphobia (Without Panic Disorder) | 7, Generalized Anxiety Disorder | 8, Obsessive-Compulsive Disorder | 9, Posttraumatic Stress Disorder | 10, Major Depressive Disorder (Current) | 11, Major Depressive Disorder (Lifetime) | 12, Attention Deficit/Hyperactivity Disorder | 13, Oppositional Defiant Disorder",,,,,,,,,,,,
adis_cm_dx2_sp_s1_r1_e1,adis_s1_r1_e1,,text,"<div class=""rich-text-field-label""><p><span style=""color: #ba372a;"">Please specify:</span></p></div>",,,,,,,"[adis_cm_dx2_lb_s1_r1_e1] = '3'",y,,,,,
adis_cm_dx2_ir_s1_r1_e1,adis_s1_r1_e1,,radio,"Interference Rating","1, 0 | 2, 1 | 3, 2 | 4, 3 | 5, 4 | 6, 5 | 7, 6 | 8, 7 | 9, 8",,,,,,[adis_cm_dx2_lb_s1_r1_e1]>0,y,,,adis_cm_dx2_ir,,
adis_cm_dx3_lb_s1_r1_e1,adis_s1_r1_e1,,dropdown,"Diagnosis 3","0, None | 1, Separation Anxiety Disorder | 2, Social Phobia | 3, Specific Phobia | 4, Panic Disorder | 5, Agoraphobia (With Panic Disorder) | 6, Agoraphobia (Without Panic Disorder) | 7, Generalized Anxiety Disorder | 8, Obsessive-Compulsive Disorder | 9, Posttraumatic Stress Disorder | 10, Major Depressive Disorder (Current) | 11, Major Depressive Disorder (Lifetime) | 12, Attention Deficit/Hyperactivity Disorder | 13, Oppositional Defiant Disorder",,,,,,,,,,,,
adis_cm_dx3_sp_s1_r1_e1,adis_s1_r1_e1,,text,"<div class=""rich-text-field-label""><p><span style=""color: #ba372a;"">Please specify:</span></p></div>",,,,,,,"[adis_cm_dx3_lb_s1_r1_e1] = '3'",y,,,,,
adis_cm_dx3_ir_s1_r1_e1,adis_s1_r1_e1,,radio,"Interference Rating","1, 0 | 2, 1 | 3, 2 | 4, 3 | 5, 4 | 6, 5 | 7, 6 | 8, 7 | 9, 8",,,,,,[adis_cm_dx3_lb_s1_r1_e1]>0,y,,,adis_cm_dx3_ir,,
adis_cm_dx4_lb_s1_r1_e1,adis_s1_r1_e1,,dropdown,"Diagnosis 4","0, None | 1, Separation Anxiety Disorder | 2, Social Phobia | 3, Specific Phobia | 4, Panic Disorder | 5, Agoraphobia (With Panic Disorder) | 6, Agoraphobia (Without Panic Disorder) | 7, Generalized Anxiety Disorder | 8, Obsessive-Compulsive Disorder | 9, Posttraumatic Stress Disorder | 10, Major Depressive Disorder (Current) | 11, Major Depressive Disorder (Lifetime) | 12, Attention Deficit/Hyperactivity Disorder | 13, Oppositional Defiant Disorder",,,,,,,,,,,,
adis_cm_dx4_sp_s1_r1_e1,adis_s1_r1_e1,,text,"<div class=""rich-text-field-label""><p><span style=""color: #ba372a;"">Please specify:</span></p></div>",,,,,,,"[adis_cm_dx4_lb_s1_r1_e1] = '3'",y,,,,,
adis_cm_dx4_ir_s1_r1_e1,adis_s1_r1_e1,,radio,"Interference Rating","1, 0 | 2, 1 | 3, 2 | 4, 3 | 5, 4 | 6, 5 | 7, 6 | 8, 7 | 9, 8",,,,,,[adis_cm_dx4_lb_s1_r1_e1]>0,y,,,adis_cm_dx4_ir,,
adis_cm_dx5_lb_s1_r1_e1,adis_s1_r1_e1,,dropdown,"Diagnosis 5","0, None | 1, Separation Anxiety Disorder | 2, Social Phobia | 3, Specific Phobia | 4, Panic Disorder | 5, Agoraphobia (With Panic Disorder) | 6, Agoraphobia (Without Panic Disorder) | 7, Generalized Anxiety Disorder | 8, Obsessive-Compulsive Disorder | 9, Posttraumatic Stress Disorder | 10, Major Depressive Disorder (Current) | 11, Major Depressive Disorder (Lifetime) | 12, Attention Deficit/Hyperactivity Disorder | 13, Oppositional Defiant Disorder",,,,,,,,,,,,
adis_cm_dx5_sp_s1_r1_e1,adis_s1_r1_e1,,text,"<div class=""rich-text-field-label""><p><span style=""color: #ba372a;"">Please specify:</span></p></div>",,,,,,,"[adis_cm_dx5_lb_s1_r1_e1] = '3'",y,,,,,
adis_cm_dx5_ir_s1_r1_e1,adis_s1_r1_e1,,radio,"Interference Rating","1, 0 | 2, 1 | 3, 2 | 4, 3 | 5, 4 | 6, 5 | 7, 6 | 8, 7 | 9, 8",,,,,,[adis_cm_dx5_lb_s1_r1_e1]>0,y,,,adis_cm_dx5_ir,,
adis_cm_dx6_lb_s1_r1_e1,adis_s1_r1_e1,,dropdown,"Diagnosis 6","0, None | 1, Separation Anxiety Disorder | 2, Social Phobia | 3, Specific Phobia | 4, Panic Disorder | 5, Agoraphobia (With Panic Disorder) | 6, Agoraphobia (Without Panic Disorder) | 7, Generalized Anxiety Disorder | 8, Obsessive-Compulsive Disorder | 9, Posttraumatic Stress Disorder | 10, Major Depressive Disorder (Current) | 11, Major Depressive Disorder (Lifetime) | 12, Attention Deficit/Hyperactivity Disorder | 13, Oppositional Defiant Disorder",,,,,,,,,,,,
adis_cm_dx6_sp_s1_r1_e1,adis_s1_r1_e1,,text,"<div class=""rich-text-field-label""><p><span style=""color: #ba372a;"">Please specify:</span></p></div>",,,,,,,"[adis_cm_dx6_lb_s1_r1_e1] = '3'",y,,,,,
adis_cm_dx6_ir_s1_r1_e1,adis_s1_r1_e1,,radio,"Interference Rating","1, 0 | 2, 1 | 3, 2 | 4, 3 | 5, 4 | 6, 5 | 7, 6 | 8, 7 | 9, 8",,,,,,[adis_cm_dx6_lb_s1_r1_e1]>0,y,,,adis_cm_dx6_ir,,
adis_cm_dx7_lb_s1_r1_e1,adis_s1_r1_e1,,dropdown,"Diagnosis 7","0, None | 1, Separation Anxiety Disorder | 2, Social Phobia | 3, Specific Phobia | 4, Panic Disorder | 5, Agoraphobia (With Panic Disorder) | 6, Agoraphobia (Without Panic Disorder) | 7, Generalized Anxiety Disorder | 8, Obsessive-Compulsive Disorder | 9, Posttraumatic Stress Disorder | 10, Major Depressive Disorder (Current) | 11, Major Depressive Disorder (Lifetime) | 12, Attention Deficit/Hyperactivity Disorder | 13, Oppositional Defiant Disorder",,,,,,,,,,,,
adis_cm_dx7_sp_s1_r1_e1,adis_s1_r1_e1,,text,"<div class=""rich-text-field-label""><p><span style=""color: #ba372a;"">Please specify:</span></p></div>",,,,,,,"[adis_cm_dx7_lb_s1_r1_e1] = '3'",y,,,,,
adis_cm_dx7_ir_s1_r1_e1,adis_s1_r1_e1,,radio,"Interference Rating","1, 0 | 2, 1 | 3, 2 | 4, 3 | 5, 4 | 6, 5 | 7, 6 | 8, 7 | 9, 8",,,,,,[adis_cm_dx7_lb_s1_r1_e1]>0,y,,,adis_cm_dx7_ir,,
adis_cm_dx8_lb_s1_r1_e1,adis_s1_r1_e1,,dropdown,"Diagnosis 8","0, None | 1, Separation Anxiety Disorder | 2, Social Phobia | 3, Specific Phobia | 4, Panic Disorder | 5, Agoraphobia (With Panic Disorder) | 6, Agoraphobia (Without Panic Disorder) | 7, Generalized Anxiety Disorder | 8, Obsessive-Compulsive Disorder | 9, Posttraumatic Stress Disorder | 10, Major Depressive Disorder (Current) | 11, Major Depressive Disorder (Lifetime) | 12, Attention Deficit/Hyperactivity Disorder | 13, Oppositional Defiant Disorder",,,,,,,,,,,,
adis_cm_dx8_sp_s1_r1_e1,adis_s1_r1_e1,,text,"<div class=""rich-text-field-label""><p><span style=""color: #ba372a;"">Please specify:</span></p></div>",,,,,,,"[adis_cm_dx8_lb_s1_r1_e1] = '3'",y,,,,,
adis_cm_dx8_ir_s1_r1_e1,adis_s1_r1_e1,,radio,"Interference Rating","1, 0 | 2, 1 | 3, 2 | 4, 3 | 5, 4 | 6, 5 | 7, 6 | 8, 7 | 9, 8",,,,,,[adis_cm_dx8_lb_s1_r1_e1]>0,y,,,adis_cm_dx8_ir,,
adis_fn_dx1_lb_s1_r1_e1,adis_s1_r1_e1,"Final Ratings",dropdown,"Diagnosis 1","0, None | 1, Separation Anxiety Disorder | 2, Social Phobia | 3, Specific Phobia | 4, Panic Disorder | 5, Agoraphobia (With Panic Disorder) | 6, Agoraphobia (Without Panic Disorder) | 7, Generalized Anxiety Disorder | 8, Obsessive-Compulsive Disorder | 9, Posttraumatic Stress Disorder | 10, Major Depressive Disorder (Current) | 11, Major Depressive Disorder (Lifetime) | 12, Attention Deficit/Hyperactivity Disorder | 13, Oppositional Defiant Disorder",,,,,,,y,,,,,
adis_fn_dx1_sp_s1_r1_e1,adis_s1_r1_e1,,text,"<div class=""rich-text-field-label""><p><span style=""color: #ba372a;"">Please specify:</span></p></div>",,,,,,,"[adis_fn_dx1_lb_s1_r1_e1] = '3'",y,,,,,
adis_fn_dx1_ir1_s1_r1_e1,adis_s1_r1_e1,,text,"Interference Rating 1",,,integer,0,8,,"[adis_fn_dx1_lb_s1_r1_e1] > 0",,,,,,
adis_fn_dx1_ir2_s1_r1_e1,adis_s1_r1_e1,,text,"Interference Rating 2",,,integer,0,8,,"[adis_fn_dx1_lb_s1_r1_e1] > 0",,,,,,
adis_fn_dx1_avg_s1_r1_e1,adis_s1_r1_e1,,calc,"Mean Score","mean([adis_fn_dx1_ir1_s1_r1_e1],[adis_fn_dx1_ir2_s1_r1_e1])",,,,,,,,,,,,
adis_fn_dx2_lb_s1_r1_e1,adis_s1_r1_e1,,dropdown,"Diagnosis 2","0, None | 1, Separation Anxiety Disorder | 2, Social Phobia | 3, Specific Phobia | 4, Panic Disorder | 5, Agoraphobia (With Panic Disorder) | 6, Agoraphobia (Without Panic Disorder) | 7, Generalized Anxiety Disorder | 8, Obsessive-Compulsive Disorder | 9, Posttraumatic Stress Disorder | 10, Major Depressive Disorder (Current) | 11, Major Depressive Disorder (Lifetime) | 12, Attention Deficit/Hyperactivity Disorder | 13, Oppositional Defiant Disorder",,,,,,,,,,,,
adis_fn_dx2_sp_s1_r1_e1,adis_s1_r1_e1,,text,"<div class=""rich-text-field-label""><p><span style=""color: #ba372a;"">Please specify:</span></p></div>",,,,,,,"[adis_fn_dx2_lb_s1_r1_e1] = '3'",y,,,,,
adis_fn_dx2_ir1_s1_r1_e1,adis_s1_r1_e1,,text,"Interference Rating 1",,,integer,0,8,,"[adis_fn_dx2_lb_s1_r1_e1] > 0",,,,,,
adis_fn_dx2_ir2_s1_r1_e1,adis_s1_r1_e1,,text,"Interference Rating 2",,,integer,0,8,,"[adis_fn_dx2_lb_s1_r1_e1] > 0",,,,,,
adis_fn_dx2_avg_s1_r1_e1,adis_s1_r1_e1,,calc,"Mean Score","mean([adis_fn_dx2_ir1_s1_r1_e1],[adis_fn_dx2_ir2_s1_r1_e1])",,,,,,,,,,,,
adis_fn_dx3_lb_s1_r1_e1,adis_s1_r1_e1,,dropdown,"Diagnosis 3","0, None | 1, Separation Anxiety Disorder | 2, Social Phobia | 3, Specific Phobia | 4, Panic Disorder | 5, Agoraphobia (With Panic Disorder) | 6, Agoraphobia (Without Panic Disorder) | 7, Generalized Anxiety Disorder | 8, Obsessive-Compulsive Disorder | 9, Posttraumatic Stress Disorder | 10, Major Depressive Disorder (Current) | 11, Major Depressive Disorder (Lifetime) | 12, Attention Deficit/Hyperactivity Disorder | 13, Oppositional Defiant Disorder",,,,,,,,,,,,
adis_fn_dx3_sp_s1_r1_e1,adis_s1_r1_e1,,text,"<div class=""rich-text-field-label""><p><span style=""color: #ba372a;"">Please specify:</span></p></div>",,,,,,,"[adis_fn_dx3_lb_s1_r1_e1] = '3'",y,,,,,
adis_fn_dx3_ir1_s1_r1_e1,adis_s1_r1_e1,,text,"Interference Rating 1",,,integer,0,8,,"[adis_fn_dx3_lb_s1_r1_e1] > 0",,,,,,
adis_fn_dx3_ir2_s1_r1_e1,adis_s1_r1_e1,,text,"Interference Rating 2",,,integer,0,8,,"[adis_fn_dx3_lb_s1_r1_e1] > 0",,,,,,
adis_fn_dx3_avg_s1_r1_e1,adis_s1_r1_e1,,calc,"Mean Score","mean([adis_fn_dx3_ir1_s1_r1_e1],[adis_fn_dx3_ir2_s1_r1_e1])",,,,,,,,,,,,
adis_fn_dx4_lb_s1_r1_e1,adis_s1_r1_e1,,dropdown,"Diagnosis 4","0, None | 1, Separation Anxiety Disorder | 2, Social Phobia | 3, Specific Phobia | 4, Panic Disorder | 5, Agoraphobia (With Panic Disorder) | 6, Agoraphobia (Without Panic Disorder) | 7, Generalized Anxiety Disorder | 8, Obsessive-Compulsive Disorder | 9, Posttraumatic Stress Disorder | 10, Major Depressive Disorder (Current) | 11, Major Depressive Disorder (Lifetime) | 12, Attention Deficit/Hyperactivity Disorder | 13, Oppositional Defiant Disorder",,,,,,,,,,,,
adis_fn_dx4_sp_s1_r1_e1,adis_s1_r1_e1,,text,"<div class=""rich-text-field-label""><p><span style=""color: #ba372a;"">Please specify:</span></p></div>",,,,,,,"[adis_fn_dx4_lb_s1_r1_e1] = '3'",y,,,,,
adis_fn_dx4_ir1_s1_r1_e1,adis_s1_r1_e1,,text,"Interference Rating 1",,,integer,0,8,,"[adis_fn_dx4_lb_s1_r1_e1] > 0",,,,,,
adis_fn_dx4_ir2_s1_r1_e1,adis_s1_r1_e1,,text,"Interference Rating 2",,,integer,0,8,,"[adis_fn_dx4_lb_s1_r1_e1] > 0",,,,,,
adis_fn_dx4_avg_s1_r1_e1,adis_s1_r1_e1,,calc,"Mean Score","mean([adis_fn_dx4_ir1_s1_r1_e1],[adis_fn_dx4_ir2_s1_r1_e1])",,,,,,,,,,,,
adis_fn_dx5_lb_s1_r1_e1,adis_s1_r1_e1,,dropdown,"Diagnosis 5","0, None | 1, Separation Anxiety Disorder | 2, Social Phobia | 3, Specific Phobia | 4, Panic Disorder | 5, Agoraphobia (With Panic Disorder) | 6, Agoraphobia (Without Panic Disorder) | 7, Generalized Anxiety Disorder | 8, Obsessive-Compulsive Disorder | 9, Posttraumatic Stress Disorder | 10, Major Depressive Disorder (Current) | 11, Major Depressive Disorder (Lifetime) | 12, Attention Deficit/Hyperactivity Disorder | 13, Oppositional Defiant Disorder",,,,,,,,,,,,
adis_fn_dx5_sp_s1_r1_e1,adis_s1_r1_e1,,text,"<div class=""rich-text-field-label""><p><span style=""color: #ba372a;"">Please specify:</span></p></div>",,,,,,,"[adis_fn_dx5_lb_s1_r1_e1] = '3'",y,,,,,
adis_fn_dx5_ir1_s1_r1_e1,adis_s1_r1_e1,,text,"Interference Rating 1",,,integer,0,8,,"[adis_fn_dx5_lb_s1_r1_e1] > 0",,,,,,
adis_fn_dx5_ir2_s1_r1_e1,adis_s1_r1_e1,,text,"Interference Rating 2",,,integer,0,8,,"[adis_fn_dx5_lb_s1_r1_e1] > 0",,,,,,
adis_fn_dx5_avg_s1_r1_e1,adis_s1_r1_e1,,calc,"Mean Score","mean([adis_fn_dx5_ir1_s1_r1_e1],[adis_fn_dx5_ir2_s1_r1_e1])",,,,,,,,,,,,
adis_fn_dx6_lb_s1_r1_e1,adis_s1_r1_e1,,dropdown,"Diagnosis 6","0, None | 1, Separation Anxiety Disorder | 2, Social Phobia | 3, Specific Phobia | 4, Panic Disorder | 5, Agoraphobia (With Panic Disorder) | 6, Agoraphobia (Without Panic Disorder) | 7, Generalized Anxiety Disorder | 8, Obsessive-Compulsive Disorder | 9, Posttraumatic Stress Disorder | 10, Major Depressive Disorder (Current) | 11, Major Depressive Disorder (Lifetime) | 12, Attention Deficit/Hyperactivity Disorder | 13, Oppositional Defiant Disorder",,,,,,,,,,,,
adis_fn_dx6_sp_s1_r1_e1,adis_s1_r1_e1,,text,"<div class=""rich-text-field-label""><p><span style=""color: #ba372a;"">Please specify:</span></p></div>",,,,,,,"[adis_fn_dx6_lb_s1_r1_e1] = '3'",y,,,,,
adis_fn_dx6_ir1_s1_r1_e1,adis_s1_r1_e1,,text,"Interference Rating 1",,,integer,0,8,,"[adis_fn_dx6_lb_s1_r1_e1] > 0",,,,,,
adis_fn_dx6_ir2_s1_r1_e1,adis_s1_r1_e1,,text,"Interference Rating 2",,,integer,0,8,,"[adis_fn_dx6_lb_s1_r1_e1] > 0",,,,,,
adis_fn_dx6_avg_s1_r1_e1,adis_s1_r1_e1,,calc,"Mean Score","mean([adis_fn_dx6_ir1_s1_r1_e1],[adis_fn_dx6_ir2_s1_r1_e1])",,,,,,,,,,,,
adis_fn_dx7_lb_s1_r1_e1,adis_s1_r1_e1,,dropdown,"Diagnosis 7","0, None | 1, Separation Anxiety Disorder | 2, Social Phobia | 3, Specific Phobia | 4, Panic Disorder | 5, Agoraphobia (With Panic Disorder) | 6, Agoraphobia (Without Panic Disorder) | 7, Generalized Anxiety Disorder | 8, Obsessive-Compulsive Disorder | 9, Posttraumatic Stress Disorder | 10, Major Depressive Disorder (Current) | 11, Major Depressive Disorder (Lifetime) | 12, Attention Deficit/Hyperactivity Disorder | 13, Oppositional Defiant Disorder",,,,,,,,,,,,
adis_fn_dx7_sp_s1_r1_e1,adis_s1_r1_e1,,text,"<div class=""rich-text-field-label""><p><span style=""color: #ba372a;"">Please specify:</span></p></div>",,,,,,,"[adis_fn_dx7_lb_s1_r1_e1] = '3'",y,,,,,
adis_fn_dx7_ir1_s1_r1_e1,adis_s1_r1_e1,,text,"Interference Rating 1",,,integer,0,8,,"[adis_fn_dx7_lb_s1_r1_e1] > 0",,,,,,
adis_fn_dx7_ir2_s1_r1_e1,adis_s1_r1_e1,,text,"Interference Rating 2",,,integer,0,8,,"[adis_fn_dx7_lb_s1_r1_e1] > 0",,,,,,
adis_fn_dx7_avg_s1_r1_e1,adis_s1_r1_e1,,calc,"Mean Score","mean([adis_fn_dx7_ir1_s1_r1_e1],[adis_fn_dx7_ir2_s1_r1_e1])",,,,,,,,,,,,
adis_fn_dx8_lb_s1_r1_e1,adis_s1_r1_e1,,dropdown,"Diagnosis 8","0, None | 1, Separation Anxiety Disorder | 2, Social Phobia | 3, Specific Phobia | 4, Panic Disorder | 5, Agoraphobia (With Panic Disorder) | 6, Agoraphobia (Without Panic Disorder) | 7, Generalized Anxiety Disorder | 8, Obsessive-Compulsive Disorder | 9, Posttraumatic Stress Disorder | 10, Major Depressive Disorder (Current) | 11, Major Depressive Disorder (Lifetime) | 12, Attention Deficit/Hyperactivity Disorder | 13, Oppositional Defiant Disorder",,,,,,,,,,,,
adis_fn_dx8_sp_s1_r1_e1,adis_s1_r1_e1,,text,"<div class=""rich-text-field-label""><p><span style=""color: #ba372a;"">Please specify:</span></p></div>",,,,,,,"[adis_fn_dx8_lb_s1_r1_e1] = '3'",y,,,,,
adis_fn_dx8_ir1_s1_r1_e1,adis_s1_r1_e1,,text,"Interference Rating 1",,,integer,0,8,,"[adis_fn_dx8_lb_s1_r1_e1] > 0",,,,,,
adis_fn_dx8_ir2_s1_r1_e1,adis_s1_r1_e1,,text,"Interference Rating 2",,,integer,0,8,,"[adis_fn_dx8_lb_s1_r1_e1] > 0",,,,,,
adis_fn_dx8_avg_s1_r1_e1,adis_s1_r1_e1,,calc,"Mean Score","mean([adis_fn_dx8_ir1_s1_r1_e1],[adis_fn_dx8_ir2_s1_r1_e1])",,,,,,,,,,,,
adis_cgas_rt1_s1_r1_e1,adis_s1_r1_e1,"CGAS Ratings",text,"CGAS Rating 1",,,integer,0,100,,,y,,,,,
adis_cgas_rt2_s1_r1_e1,adis_s1_r1_e1,,text,"CGAS Rating 2",,,integer,0,100,,,y,,,,,
adis_cgas_avg_s1_r1_e1,adis_s1_r1_e1,,calc,"CGAS Mean Score","mean([adis_cgas_rt1_s1_r1_e1],[adis_cgas_rt2_s1_r1_e1])",,,,,,,y,,,,,
adis_assessor_s1_r1_e1,adis_s1_r1_e1,"Assessor Information",text,"Assessor Name",,,,,,,,y,,,,,
adis_date_s1_r1_e1,adis_s1_r1_e1,,text,"Case Presentation Date:",,,date_mdy,,,,,y,,,,,
adis_rater1_s1_r1_e1,adis_s1_r1_e1,"<div class=""rich-text-field-label""><p>Supervisory Rater Information <span style=""color: #ba372a;"">(Do not edit this section unless instructed to do so)</span></p></div>",text,"Who is Rater 1?",,,,,,,,,,,,," @DEFAULT='Jeremy'"
adis_rater2_s1_r1_e1,adis_s1_r1_e1,,text,"Who is Rater 2?",,,,,,,,,,,,," @DEFAULT='Yasmin'"
