"Variable / Field Name","Form Name","Section Header","Field Type","Field Label","Choices, Calculations, OR Slider Labels","Field Note","Text Validation Type OR Show Slider Number","Text Validation Min","Text Validation Max",Identifier?,"Branching Logic (Show field only if...)","Required Field?","Custom Alignment","Question Number (surveys only)","Matrix Group Name","Matrix Ranking?","Field Annotation"
texi_b_i1_s1_r1_e1,texi_b_s1_r1_e1,,radio,"I have difficulty remembering long instructions","1, Definitely not true | 2, Not true | 3, Partially true | 4, True | 5, Definitely true",,,,,,,y,,,texi_b,,
texi_b_i2_s1_r1_e1,texi_b_s1_r1_e1,,radio,"I have difficulty remembering what I need to do in the middle of an activity","1, Definitely not true | 2, Not true | 3, Partially true | 4, True | 5, Definitely true",,,,,,,y,,,texi_b,,
texi_b_i3_s1_r1_e1,texi_b_s1_r1_e1,,radio,"I do things without first thinking about what could happen","1, Definitely not true | 2, Not true | 3, Partially true | 4, True | 5, Definitely true",,,,,,,y,,,texi_b,,
texi_b_i4_s1_r1_e1,texi_b_s1_r1_e1,,radio,"I have difficulty stopping myself from doing things even though I know it's not allowed","1, Definitely not true | 2, Not true | 3, Partially true | 4, True | 5, Definitely true",,,,,,,y,,,texi_b,,
texi_b_i5_s1_r1_e1,texi_b_s1_r1_e1,,radio,"When someone asks me to do several things, I cannot remember all of them","1, Definitely not true | 2, Not true | 3, Partially true | 4, True | 5, Definitely true",,,,,,,y,,,texi_b,,
texi_b_i6_s1_r1_e1,texi_b_s1_r1_e1,,radio,"I cannot stop myself from laughing or smiling even though I know that it is inappropriate at the time","1, Definitely not true | 2, Not true | 3, Partially true | 4, True | 5, Definitely true",,,,,,,y,,,texi_b,,
texi_b_i7_s1_r1_e1,texi_b_s1_r1_e1,,radio,"I have difficulty coming up with a new way to solve a problem when I get stuck","1, Definitely not true | 2, Not true | 3, Partially true | 4, True | 5, Definitely true",,,,,,,y,,,texi_b,,
texi_b_i8_s1_r1_e1,texi_b_s1_r1_e1,,radio,"When I am asked to get something, I forget what I was supposed to get","1, Definitely not true | 2, Not true | 3, Partially true | 4, True | 5, Definitely true",,,,,,,y,,,texi_b,,
texi_b_i9_s1_r1_e1,texi_b_s1_r1_e1,,radio,"I find it difficult to plan things (e.g., remembering to bring everything necessary for school or when going on a trip)","1, Definitely not true | 2, Not true | 3, Partially true | 4, True | 5, Definitely true",,,,,,,y,,,texi_b,,
texi_b_i10_s1_r1_e1,texi_b_s1_r1_e1,,radio,"I find it difficult to make myself stop an activity that I like (e.g., I sit in front of the computer or mobile device even though it is time to go to bed)","1, Definitely not true | 2, Not true | 3, Partially true | 4, True | 5, Definitely true",,,,,,,y,,,texi_b,,
texi_b_i11_s1_r1_e1,texi_b_s1_r1_e1,,radio,"I have difficulty understanding instructions unless I am shown how to do something","1, Definitely not true | 2, Not true | 3, Partially true | 4, True | 5, Definitely true",,,,,,,y,,,texi_b,,
texi_b_i12_s1_r1_e1,texi_b_s1_r1_e1,,radio,"I have difficulty with tasks involving several steps that need to be completed in a certain order","1, Definitely not true | 2, Not true | 3, Partially true | 4, True | 5, Definitely true",,,,,,,y,,,texi_b,,
texi_b_i13_s1_r1_e1,texi_b_s1_r1_e1,,radio,"I have difficulty learning from my mistakes (I repeat the same mistake over and over again)","1, Definitely not true | 2, Not true | 3, Partially true | 4, True | 5, Definitely true",,,,,,,y,,,texi_b,,
texi_b_i14_s1_r1_e1,texi_b_s1_r1_e1,,radio,"People that I meet seem to think that I am more lively/wild compared to others my age","1, Definitely not true | 2, Not true | 3, Partially true | 4, True | 5, Definitely true",,,,,,,y,,,texi_b,,
texi_b_i15_s1_r1_e1,texi_b_s1_r1_e1,,radio,"I have difficulty motivating myself to do things that I do not like to do","1, Definitely not true | 2, Not true | 3, Partially true | 4, True | 5, Definitely true",,,,,,,y,,,texi_b,,
texi_b_i16_s1_r1_e1,texi_b_s1_r1_e1,,radio,"I find it difficult to start a task if I am distracted by something more fun (e.g., I fail to start doing my homework and instead use my mobile device)","1, Definitely not true | 2, Not true | 3, Partially true | 4, True | 5, Definitely true",,,,,,,y,,,texi_b,,
texi_b_i17_s1_r1_e1,texi_b_s1_r1_e1,,radio,"I have difficulty stopping an activity when asked to do so","1, Definitely not true | 2, Not true | 3, Partially true | 4, True | 5, Definitely true",,,,,,,y,,,texi_b,,
texi_b_i18_s1_r1_e1,texi_b_s1_r1_e1,,radio,"I often get more excited compared to others my age if something special happens (e.g., parties, trips, birthdays, winning a game)","1, Definitely not true | 2, Not true | 3, Partially true | 4, True | 5, Definitely true",,,,,,,y,,,texi_b,,
texi_b_i19_s1_r1_e1,texi_b_s1_r1_e1,,radio,"I fail to finish things that I have started","1, Definitely not true | 2, Not true | 3, Partially true | 4, True | 5, Definitely true",,,,,,,y,,,texi_b,,
texi_b_i20_s1_r1_e1,texi_b_s1_r1_e1,,radio,"I put things off until the last minute","1, Definitely not true | 2, Not true | 3, Partially true | 4, True | 5, Definitely true",,,,,,,y,,,texi_b,,
