"Variable / Field Name","Form Name","Section Header","Field Type","Field Label","Choices, Calculations, OR Slider Labels","Field Note","Text Validation Type OR Show Slider Number","Text Validation Min","Text Validation Max",Identifier?,"Branching Logic (Show field only if...)","Required Field?","Custom Alignment","Question Number (surveys only)","Matrix Group Name","Matrix Ranking?","Field Annotation"
casi_i1_s1_r1_e1,casi_s1_r1_e1,,radio,"I don't want other people to know when I feel afraid","1, none | 2, some | 3, a lot",,,,,,,y,,,casi,,
casi_i2_s1_r1_e1,casi_s1_r1_e1,,radio,"When I cannot keep my mind on my schoolwork I worry that I might be going crazy","1, none | 2, some | 3, a lot",,,,,,,y,,,casi,,
casi_i3_s1_r1_e1,casi_s1_r1_e1,,radio,"It scares me when I feel 'shaky'","1, none | 2, some | 3, a lot",,,,,,,y,,,casi,,
casi_i4_s1_r1_e1,casi_s1_r1_e1,,radio,"It scares me when I feel like I am going to faint","1, none | 2, some | 3, a lot",,,,,,,y,,,casi,,
casi_i5_s1_r1_e1,casi_s1_r1_e1,,radio,"It is important for me to stay in control of my feelings","1, none | 2, some | 3, a lot",,,,,,,y,,,casi,,
casi_i6_s1_r1_e1,casi_s1_r1_e1,,radio,"It scares me when my heart beats fast","1, none | 2, some | 3, a lot",,,,,,,y,,,casi,,
casi_i7_s1_r1_e1,casi_s1_r1_e1,,radio,"It embarrasses me when my stomach growls (makes noise)","1, none | 2, some | 3, a lot",,,,,,,y,,,casi,,
casi_i8_s1_r1_e1,casi_s1_r1_e1,,radio,"It scares me when I feel like I am going to throw up","1, none | 2, some | 3, a lot",,,,,,,y,,,casi,,
casi_i9_s1_r1_e1,casi_s1_r1_e1,,radio,"When I notice that my heart is beating fast, I worry that there might be something wrong with me","1, none | 2, some | 3, a lot",,,,,,,y,,,casi,,
casi_i10_s1_r1_e1,casi_s1_r1_e1,,radio,"It scares me when I have trouble getting my breath","1, none | 2, some | 3, a lot",,,,,,,y,,,casi,,
casi_i11_s1_r1_e1,casi_s1_r1_e1,,radio,"When my stomach hurts, I worry that I might be really sick","1, none | 2, some | 3, a lot",,,,,,,y,,,casi,,
casi_i12_s1_r1_e1,casi_s1_r1_e1,,radio,"It scares me when I can't keep my mind on my schoolwork","1, none | 2, some | 3, a lot",,,,,,,y,,,casi,,
casi_i13_s1_r1_e1,casi_s1_r1_e1,,radio,"Other kids can tell when I feel shaky","1, none | 2, some | 3, a lot",,,,,,,y,,,casi,,
casi_i14_s1_r1_e1,casi_s1_r1_e1,,radio,"Unusual feelings in my body scare me","1, none | 2, some | 3, a lot",,,,,,,y,,,casi,,
casi_i15_s1_r1_e1,casi_s1_r1_e1,,radio,"When I am afraid, I worry that I might be crazy","1, none | 2, some | 3, a lot",,,,,,,y,,,casi,,
casi_i16_s1_r1_e1,casi_s1_r1_e1,,radio,"It scares me when I feel nervous","1, none | 2, some | 3, a lot",,,,,,,y,,,casi,,
casi_i17_s1_r1_e1,casi_s1_r1_e1,,radio,"I don't like to let my feelings show","1, none | 2, some | 3, a lot",,,,,,,y,,,casi,,
casi_i18_s1_r1_e1,casi_s1_r1_e1,,radio,"Funny feelings in my body scare me","1, none | 2, some | 3, a lot",,,,,,,y,,,casi,,
