﻿"Variable / Field Name","Form Name","Section Header","Field Type","Field Label","Choices, Calculations, OR Slider Labels","Field Note","Text Validation Type OR Show Slider Number","Text Validation Min","Text Validation Max",Identifier?,"Branching Logic (Show field only if...)","Required Field?","Custom Alignment","Question Number (surveys only)","Matrix Group Name","Matrix Ranking?","Field Annotation"
pintses_i1_s1_r1_e1,pintses_s1_r1_e1,"Por favor califique la frecuencia con la que cada una de estas cosas le sucede cuando tiene un problema:",radio,"Me quedo despierto en la cama durante la noche pensando en cosas","1, nunca | 2, | 3, | 4, | 5, casi siempre",,,,,,,y,,,pintses,,
pintses_i2_s1_r1_e1,pintses_s1_r1_e1,,radio,"Cuando tengo un problema, no lo puedo sacar de mi cabeza","1, nunca | 2, | 3, | 4, | 5, casi siempre",,,,,,,y,,,pintses,,
pintses_i3_s1_r1_e1,pintses_s1_r1_e1,,radio,"Cuando algo me molesta, pienso en ello una y otra vez","1, nunca | 2, | 3, | 4, | 5, casi siempre",,,,,,,y,,,pintses,,
pintses_i4_s1_r1_e1,pintses_s1_r1_e1,,radio,"Me quedo atrapado pensando en cosas","1, nunca | 2, | 3, | 4, | 5, casi siempre",,,,,,,y,,,pintses,,
pintses_i5_s1_r1_e1,pintses_s1_r1_e1,,radio,"Cuando algo difícil está por venir, pienso en ello todo el tiempo","1, nunca | 2, | 3, | 4, | 5, casi siempre",,,,,,,y,,,pintses,,
