"Variable / Field Name","Form Name","Section Header","Field Type","Field Label","Choices, Calculations, OR Slider Labels","Field Note","Text Validation Type OR Show Slider Number","Text Validation Min","Text Validation Max",Identifier?,"Branching Logic (Show field only if...)","Required Field?","Custom Alignment","Question Number (surveys only)","Matrix Group Name","Matrix Ranking?","Field Annotation"
posttaskd_i1_s1_r1_e1,posttaskd_s1_r1_e1,"Reflecting on how you feel RIGHT NOW, after completing the task:",radio,"How much are you worrying about the number of errors you made?","1, not at all | 2,  | 3,  | 4,  | 5, some | 6,  | 7,  | 8,  | 9,  | 10, a lot",,,,,,,y,,,posttaskd_groupa,,
posttaskd_i2_s1_r1_e1,posttaskd_s1_r1_e1,,radio,"How much are you worrying about the number of times you responded slowly?","1, not at all | 2,  | 3,  | 4,  | 5, some | 6,  | 7,  | 8,  | 9,  | 10, a lot",,,,,,,y,,,posttaskd_groupa,,
posttaskd_i3_s1_r1_e1,posttaskd_s1_r1_e1,"Reflecting on how you feel DURING the task (not right now):",radio,"How much attention did you pay to responding accurately?","1, not at all | 2,  | 3,  | 4,  | 5, some | 6,  | 7,  | 8,  | 9,  | 10, very/a lot",,,,,,,y,,,posttaskd_groupb,,
posttaskd_i4_s1_r1_e1,posttaskd_s1_r1_e1,,radio,"How frustrated did you feel after making an error?","1, not at all | 2,  | 3,  | 4,  | 5, some | 6,  | 7,  | 8,  | 9,  | 10, very/a lot",,,,,,,y,,,posttaskd_groupb,,
posttaskd_i5_s1_r1_e1,posttaskd_s1_r1_e1,,radio,"How anxious did you feel after making an error?","1, not at all | 2,  | 3,  | 4,  | 5, some | 6,  | 7,  | 8,  | 9,  | 10, very/a lot",,,,,,,y,,,posttaskd_groupb,,
posttaskd_i6_s1_r1_e1,posttaskd_s1_r1_e1,,radio,"How much attention did you pay to responding quickly?","1, not at all | 2,  | 3,  | 4,  | 5, some | 6,  | 7,  | 8,  | 9,  | 10, very/a lot",,,,,,,y,,,posttaskd_groupb,,
posttaskd_i7_s1_r1_e1,posttaskd_s1_r1_e1,,radio,"How frustrated did you feel after making a slow response?","1, not at all | 2,  | 3,  | 4,  | 5, some | 6,  | 7,  | 8,  | 9,  | 10, very/a lot",,,,,,,y,,,posttaskd_groupb,,
posttaskd_i8_s1_r1_e1,posttaskd_s1_r1_e1,,radio,"How anxious did you feel after making a slow response?","1, not at all | 2,  | 3,  | 4,  | 5, some | 6,  | 7,  | 8,  | 9,  | 10, very/a lot",,,,,,,y,,,posttaskd_groupb,,
posttaskd_i9_s1_r1_e1,posttaskd_s1_r1_e1,"Out of all trials on the task:",slider,"How many do you think were errors? 
","none | 50% | 100%",,number,,,,,y,RH,,,,
posttaskd_i10_s1_r1_e1,posttaskd_s1_r1_e1,,slider,"How many do you think were slow responses? 
","none | 50% | 100%",,number,,,,,y,RH,,,,
posttaskd_i11_s1_r1_e1,posttaskd_s1_r1_e1,,slider,"Compared to others, how many more/fewer errors do you think you made?","many fewer | about the same | many more",,number,1,10,,,y,RH,,,,
posttaskd_i12_s1_r1_e1,posttaskd_s1_r1_e1,,slider,"Compared to others, how much more/less frequently do you think you responded slowly?","much less frequently | about the same | much more frequently",,number,1,10,,,y,RH,,,,
