﻿"Variable / Field Name","Form Name","Section Header","Field Type","Field Label","Choices, Calculations, OR Slider Labels","Field Note","Text Validation Type OR Show Slider Number","Text Validation Min","Text Validation Max",Identifier?,"Branching Logic (Show field only if...)","Required Field?","Custom Alignment","Question Number (surveys only)","Matrix Group Name","Matrix Ranking?","Field Annotation"
rsripes_i1_s1_r1_e1,rsripes_s1_r1_e1,,radio,"En promedio, cuántas veces al año faltó el niño/a a la escuela por estar enfermo/a?","1, 0-4 días | 2, 5-9 días | 3, 10-14 días | 4, 15-19 días | 5, 20 o más días",,,,,,,y,,,,,
rsripes_i2_s1_r1_e1,rsripes_s1_r1_e1,,radio,"En promedio, cuántas veces al año fue enviado el niño/a a la enfermería por estar enfermo/a?","1, 0-4 días | 2, 5-9 días | 3, 10-14 días | 4, 15-19 días | 5, 20 o más días",,,,,,,y,,,,,
rsripes_i3_s1_r1_e1,rsripes_s1_r1_e1,,radio,"El niño/a sufría de enfermedades/síntomas como dolores de cabeza o estómago sin que los doctores pudieran hallar una causa?","1, nunca | 2, raramente | 3, a veces | 4, frecuentemente | 5, muy frecuentemente",,,,,,,y,,,,,
rsripes_i4_s1_r1_e1,rsripes_s1_r1_e1,,radio,"Qué tan seguido tenía pesadillas el niño/a?","1, nunca | 2, una vez al año | 3, una vez al mes | 4, una vez a la semana | 5, una vez por noche",,,,,,,y,,,,,
rsripes_i5_s1_r1_e1,rsripes_s1_r1_e1,,radio,"El niño/a tenía miedo de la oscuridad?","1, nunca | 2, raramente | 3, a veces | 4, frecuentemente | 5, muy frecuentemente",,,,,,,y,,,,,
rsripes_i6_s1_r1_e1,rsripes_s1_r1_e1,,radio,"Era necesario que usted o el niño/a revisara bajo la cama o en el clóset antes de que el niño se durmiera?","1, nunca | 2, una vez al año | 3, una vez al mes | 4, una vez a la semana | 5, una vez por noche",,,,,,,y,,,,,
rsripes_i7_s1_r1_e1,rsripes_s1_r1_e1,,radio,"El niño/a necesitaba tener un peluche, cobija, o juguete especial con él/ella para poder quedarse dormido/a?","1, nunca | 2, raramente | 3, a veces | 4, frecuentemente | 5, muy frecuentemente",,,,,,,y,,,,,
rsripes_i8_s1_r1_e1,rsripes_s1_r1_e1,,radio,"El niño/a tenía le tenía miedo a los perros, gatos, u otro animal doméstico?","1, nunca | 2, raramente | 3, a veces | 4, frecuentemente | 5, muy frecuentemente",,,,,,,y,,,,,
rsripes_i9_s1_r1_e1,rsripes_s1_r1_e1,,radio,"El niño/a le tenía miedo a animales desonoocidos, incluyendo animales de la calle o en casa de otras personas?","1, nunca | 2, raramente | 3, a veces | 4, frecuentemente | 5, muy frecuentemente",,,,,,,y,,,,,
rsripes_i10_s1_r1_e1,rsripes_s1_r1_e1,,radio,"El niño/a tenía miedo de ser secuestrado o separado de otra manera de sus padres/guardianes?","1, nunca | 2, raramente | 3, a veces | 4, frecuentemente | 5, muy frecuentemente",,,,,,,y,,,,,
rsripes_i11_s1_r1_e1,rsripes_s1_r1_e1,,radio,"El niño/a se molestaba cuando se le dejaba con un nuevo/a niñero/a desconocido?","1, nunca | 2, raramente | 3, a veces | 4, frecuentemente | 5, muy frecuentemente",,,,,,,y,,,,,
rsripes_i12_s1_r1_e1,rsripes_s1_r1_e1,,radio,"Cuando usted salía sin el niño/a, él/ella temía que usted quizás no regresara?","1, nunca | 2, raramente | 3, a veces | 4, frecuentemente | 5, muy frecuentemente",,,,,,,y,,,,,
rsripes_i13_s1_r1_e1,rsripes_s1_r1_e1,,radio,"El niño/a se quedaba a dormir en casa de sus amigos?","1, muy frecuentemente | 2, frecuentemente | 3, a veces | 4, raramente | 5, nunca",,,,,,,y,,,,,
rsripes_i14_s1_r1_e1,rsripes_s1_r1_e1,,radio,"El niño/a probaba comidas nuevas?","1, con emoción | 2, agradablemente | 3, con persuasión | 4, sólo con presión | 5, nunca",,,,,,,y,,,,,
rsripes_i15_s1_r1_e1,rsripes_s1_r1_e1,,radio,"Usualmente el niño/a estaba asustado/a el primer día de un nuevo año escolar?","1, para nada | 2, ligeramente | 3, moderadamente | 4, bastante | 5, aterrorizado",,,,,,,y,,,,,
rsripes_i16_s1_r1_e1,rsripes_s1_r1_e1,,radio,"Alguna vez el niño/a fingió estar enfermo/a para evitar ir a la escuela u otros eventos sociales?","1, nunca | 2, raramente | 3, a veces | 4, frecuentemente | 5, muy frecuentemente",,,,,,,y,,,,,
rsripes_i17_s1_r1_e1,rsripes_s1_r1_e1,,radio,"Al niño/a le incomodaba que le llamaran a la pizarra?","1, para nada | 2, ligeramente | 3, moderadamente | 4, bastante | 5, aterrorizado",,,,,,,y,,,,,
rsripes_i18_s1_r1_e1,rsripes_s1_r1_e1,,radio,"Al niño/a le incomodaba que le llamaran, incluso si se sabía la respuesta?","1, para nada | 2, ligeramente | 3, moderadamente | 4, bastante | 5, aterrorizado",,,,,,,y,,,,,
rsripes_i19_s1_r1_e1,rsripes_s1_r1_e1,,radio,"Los maestros del niño/a tenían problemas para escuchar al niño/a cuando hablaba o respondía una pregunta en clases?","1, nunca | 2, raramente | 3, a veces | 4, frecuentemente | 5, muy frecuentemente",,,,,,,y,,,,,
rsripes_i20_s1_r1_e1,rsripes_s1_r1_e1,,radio,"Si había algo que el niño/a no entendía en clase, le pedía ayuda al maestro/a?","1, siempre | 2, frecuentemente | 3, a veces | 4, raramente } 5, nunca",,,,,,,y,,,,,
rsripes_i21_s1_r1_e1,rsripes_s1_r1_e1,,radio,"Durante el receso, el niño/a jugaba con el grupo principal de niños?","1, siempre | 2, frecuentemente | 3, a veces | 4, raramente } 5, nunca",,,,,,,y,,,,,
rsripes_i22_s1_r1_e1,rsripes_s1_r1_e1,,radio,"El niño/a disfrutaba participar en juegos de fiesta?","1, siempre | 2, frecuentemente | 3, a veces | 4, raramente } 5, nunca",,,,,,,y,,,,,
rsripes_i23_s1_r1_e1,rsripes_s1_r1_e1,,radio,"El niño/a disfrutaba conocer otros niños de su edad?","1, siempre | 2, frecuentemente | 3, a veces | 4, raramente } 5, nunca",,,,,,,y,,,,,
rsripes_i24_s1_r1_e1,rsripes_s1_r1_e1,,radio,"La voz del niño chirrió, se quebró o sonó temblorosa cuando hablaba frente a un grupo de personas?","1, nunca | 2, raramente | 3, a veces | 4, frecuentemente | 5, muy frecuentemente",,,,,,,y,,,,,
rsripes_i25_s1_r1_e1,rsripes_s1_r1_e1,,radio,"Qué tan popular se sentía el niño/a?","1, bastante | 2, moderadamente | 3, promedio | 4, por debajo del promedio } 5, para nada",,,,,,,y,,,,,
rsripes_i26_s1_r1_e1,rsripes_s1_r1_e1,,radio,"El niño/a tuvo problemas o tuvo que ver a un doctor por alergias, falta de sueño, o estreñimiento?","1, nunca | 2, raramente | 3, a veces | 4, frecuentemente | 5, muy frecuentemente",,,,,,,y,,,,,
rsripes_i27_s1_r1_e1,rsripes_s1_r1_e1,,radio,"El niño/a necesitaba tener encendida una luz de noche o en el pasillo para poder quedarse dormido/a?","1, nunca | 2, raramente | 3, a veces | 4, frecuentemente | 5, muy frecuentemente",,,,,,,y,,,,,
rsripes_i28_s1_r1_e1,rsripes_s1_r1_e1,,radio,"El niño/a participaba voluntariamente en obras o coros grupales?","1, siempre | 2, frecuentemente | 3, a veces | 4, raramente } 5, nunca",,,,,,,y,,,,,
rsripes_i29_s1_r1_e1,rsripes_s1_r1_e1,,radio,"Los sentimientos del niño/a se herían facilmente?","1, nunca | 2, raramente | 3, a veces | 4, frecuentemente | 5, muy frecuentemente",,,,,,,y,,,,,
rsripes_i30_s1_r1_e1,rsripes_s1_r1_e1,,radio,"El niño/a le decía a sus amigos o familiares cuando estaba molesto/a con ellos?","1, siempre | 2, frecuentemente | 3, a veces | 4, raramente } 5, nunca",,,,,,,y,,,,,
