"Variable / Field Name","Form Name","Section Header","Field Type","Field Label","Choices, Calculations, OR Slider Labels","Field Note","Text Validation Type OR Show Slider Number","Text Validation Min","Text Validation Max",Identifier?,"Branching Logic (Show field only if...)","Required Field?","Custom Alignment","Question Number (surveys only)","Matrix Group Name","Matrix Ranking?","Field Annotation"
abq_i1_s1_r1_e1,abq_s1_r1_e1,,radio,"It is difficult for me not to look at threatening things","0, Not at all | 1, Slightly | 2, Somewhat | 3, To a large extent | 4, To a great extent",,,,,,,y,,,abq,,
abq_i2_s1_r1_e1,abq_s1_r1_e1,,radio,"Sometimes, I notice threats even before I have looked at them directly (e.g., from the corner of my eye)","0, Not at all | 1, Slightly | 2, Somewhat | 3, To a large extent | 4, To a great extent",,,,,,,y,,,abq,,
abq_i3_s1_r1_e1,abq_s1_r1_e1,,radio,"My attention tends to ""get stuck"" on threatening things","0, Not at all | 1, Slightly | 2, Somewhat | 3, To a large extent | 4, To a great extent",,,,,,,y,,,abq,,
abq_i4_s1_r1_e1,abq_s1_r1_e1,,radio,"I notice threats quickly","0, Not at all | 1, Slightly | 2, Somewhat | 3, To a large extent | 4, To a great extent",,,,,,,y,,,abq,,
abq_i5_s1_r1_e1,abq_s1_r1_e1,,radio,"I am vigilant and alert towards threats in the surroundings","0, Not at all | 1, Slightly | 2, Somewhat | 3, To a large extent | 4, To a great extent",,,,,,,y,,,abq,,
abq_i6_s1_r1_e1,abq_s1_r1_e1,,radio,"When I arrive somewhere new, I scan my surroundings and check for threats","0, Not at all | 1, Slightly | 2, Somewhat | 3, To a large extent | 4, To a great extent",,,,,,,y,,,abq,,
abq_i7_s1_r1_e1,abq_s1_r1_e1,,radio,"If I notice a threat, I will focus on it for a long time","0, Not at all | 1, Slightly | 2, Somewhat | 3, To a large extent | 4, To a great extent",,,,,,,y,,,abq,,
abq_i8_s1_r1_e1,abq_s1_r1_e1,,radio,"It is difficult for me to concentrate on other things when I know there is a threat in my surroundings","0, Not at all | 1, Slightly | 2, Somewhat | 3, To a large extent | 4, To a great extent",,,,,,,y,,,abq,,
abq_i9_s1_r1_e1,abq_s1_r1_e1,,radio,"When I notice threats, it is difficult for me to stop focusing on them","0, Not at all | 1, Slightly | 2, Somewhat | 3, To a large extent | 4, To a great extent",,,,,,,y,,,abq,,
