﻿"Variable / Field Name","Form Name","Section Header","Field Type","Field Label","Choices, Calculations, OR Slider Labels","Field Note","Text Validation Type OR Show Slider Number","Text Validation Min","Text Validation Max",Identifier?,"Branching Logic (Show field only if...)","Required Field?","Custom Alignment","Question Number (surveys only)","Matrix Group Name","Matrix Ranking?","Field Annotation"
spaipes_i3_s1_r1_e1,spaipes_s1_r1_e1,,radio,"Mi hijo/a se siente asustado/a cuando está con otros niños y niñas o adultos y tiene que hacer algo mientras ellos lo miran (leer en voz alta, jugar un juego, jugar un deporte).","0, Nunca o casi nunca | 1, A veces | 2, La mayor parte del tiempo o siempre",,,,,,,y,,,,,
spaipes_i4_s1_r1_e1,spaipes_s1_r1_e1,,radio,"Mi hijo/a se siente asustado/a cuando tiene que hablar o leer en frente de un grupo de gente.","0, Nunca o casi nunca | 1, A veces | 2, La mayor parte del tiempo o siempre",,,,,,,y,,,,,
spaipes_i12_s1_r1_e1,spaipes_s1_r1_e1,"Si alguien empieza a discutir con mi hijo/a, el/ella se siente asustado/a y no sabe que hacer si la otra persona es:",radio,"...niños o niñas de su edad que conoce.","0, Nunca o casi nunca | 1, A veces | 2, La mayor parte del tiempo o siempre",,,,,,,y,,,spaipes10,,
spaipes_i13_s1_r1_e1,spaipes_s1_r1_e1,,radio,"...niños o niñas de su edad que no conoce.","0, Nunca o casi nunca | 1, A veces | 2, La mayor parte del tiempo o siempre",,,,,,,y,,,spaipes10,,
spaipes_i14_s1_r1_e1,spaipes_s1_r1_e1,,radio,...adultos.,"0, Nunca o casi nunca | 1, A veces | 2, La mayor parte del tiempo o siempre",,,,,,,y,,,spaipes10,,
spaipes_i15_s1_r1_e1,spaipes_s1_r1_e1,"Si alguien le pide a mi hijo/a que haga algo que el/ella no quiere hacer, mi hijo/a se siente asustado/a y no sabe qué hacer si la otras persona es:",radio,"...niños o niñas de su edad que conoce.","0, Nunca o casi nunca | 1, A veces | 2, La mayor parte del tiempo o siempre",,,,,,,y,,,spaipes11,,
spaipes_i16_s1_r1_e1,spaipes_s1_r1_e1,,radio,"...niños o niñas de su edad que no conoce.","0, Nunca o casi nunca | 1, A veces | 2, La mayor parte del tiempo o siempre",,,,,,,y,,,spaipes11,,
spaipes_i17_s1_r1_e1,spaipes_s1_r1_e1,,radio,...adultos.,"0, Nunca o casi nunca | 1, A veces | 2, La mayor parte del tiempo o siempre",,,,,,,y,,,spaipes11,,
spaipes_i18_s1_r1_e1,spaipes_s1_r1_e1,"Mi hijo/a se siente asustado/a y no sabe qué hacer cuando está en una situación penosa con:",radio,"...niños o niñas de su edad que conoce.","0, Nunca o casi nunca | 1, A veces | 2, La mayor parte del tiempo o siempre",,,,,,,y,,,spaipes12,,
spaipes_i19_s1_r1_e1,spaipes_s1_r1_e1,,radio,"...niños o niñas de su edad que no conoce.","0, Nunca o casi nunca | 1, A veces | 2, La mayor parte del tiempo o siempre",,,,,,,y,,,spaipes12,,
spaipes_i20_s1_r1_e1,spaipes_s1_r1_e1,,radio,...adultos.,"0, Nunca o casi nunca | 1, A veces | 2, La mayor parte del tiempo o siempre",,,,,,,y,,,spaipes12,,
spaipes_i21_s1_r1_e1,spaipes_s1_r1_e1,"Si alguien dice algo que mi hijo/a piensa que es equivocado o malo, mi hijo/a se siente asustado/a de decir lo que piensa si esa persona es:",radio,"...niños o niñas de su edad que conoce.","0, Nunca o casi nunca | 1, A veces | 2, La mayor parte del tiempo o siempre",,,,,,,y,,,spaipes13,,
spaipes_i22_s1_r1_e1,spaipes_s1_r1_e1,,radio,"...niños o niñas de su edad que no conoce.","0, Nunca o casi nunca | 1, A veces | 2, La mayor parte del tiempo o siempre",,,,,,,y,,,spaipes13,,
spaipes_i23_s1_r1_e1,spaipes_s1_r1_e1,,radio,...adultos.,"0, Nunca o casi nunca | 1, A veces | 2, La mayor parte del tiempo o siempre",,,,,,,y,,,spaipes13,,
spaipes_i24_s1_r1_e1,spaipes_s1_r1_e1,"Mi hijo/a se siente asustado/a cuando el/ella empieza a hablar con:",radio,"...niños o niñas de su edad que conoce.","0, Nunca o casi nunca | 1, A veces | 2, La mayor parte del tiempo o siempre",,,,,,,y,,,spaipes14,,
spaipes_i25_s1_r1_e1,spaipes_s1_r1_e1,,radio,"...niños o niñas de su edad que no conoce.","0, Nunca o casi nunca | 1, A veces | 2, La mayor parte del tiempo o siempre",,,,,,,y,,,spaipes14,,
spaipes_i26_s1_r1_e1,spaipes_s1_r1_e1,,radio,...adultos.,"0, Nunca o casi nunca | 1, A veces | 2, La mayor parte del tiempo o siempre",,,,,,,y,,,spaipes14,,
spaipes_i27_s1_r1_e1,spaipes_s1_r1_e1,"Mi hijo/a se siente asustado/a cuando tiene que hablar más que unos minutos con:",radio,"...niños o niñas de su edad que conoce.","0, Nunca o casi nunca | 1, A veces | 2, La mayor parte del tiempo o siempre",,,,,,,y,,,spaipes15,,
spaipes_i28_s1_r1_e1,spaipes_s1_r1_e1,,radio,"...niños o niñas de su edad que no conoce.","0, Nunca o casi nunca | 1, A veces | 2, La mayor parte del tiempo o siempre",,,,,,,y,,,spaipes15,,
spaipes_i29_s1_r1_e1,spaipes_s1_r1_e1,,radio,...adultos.,"0, Nunca o casi nunca | 1, A veces | 2, La mayor parte del tiempo o siempre",,,,,,,y,,,spaipes15,,
spaipes_i30_s1_r1_e1,spaipes_s1_r1_e1,"Mi hijo/a se siente asustado/a hablando (dando un reporte de un libro, leyendo en frente de la clase) delante de:",radio,"...niños o niñas de su edad que conoce.","0, Nunca o casi nunca | 1, A veces | 2, La mayor parte del tiempo o siempre",,,,,,,y,,,spaipes16,,
spaipes_i31_s1_r1_e1,spaipes_s1_r1_e1,,radio,"...niños o niñas de su edad que no conoce.","0, Nunca o casi nunca | 1, A veces | 2, La mayor parte del tiempo o siempre",,,,,,,y,,,spaipes16,,
spaipes_i32_s1_r1_e1,spaipes_s1_r1_e1,,radio,...adultos.,"0, Nunca o casi nunca | 1, A veces | 2, La mayor parte del tiempo o siempre",,,,,,,y,,,spaipes16,,
spaipes_i33_s1_r1_e1,spaipes_s1_r1_e1,"Mi hijo/a se siente asustado/a cuando está en una obra de teatro de la escuela, un coro, un recital de música o danza en frente de:",radio,"...niños o niñas de su edad que conoce.","0, Nunca o casi nunca | 1, A veces | 2, La mayor parte del tiempo o siempre",,,,,,,y,,,spaipes17,,
spaipes_i34_s1_r1_e1,spaipes_s1_r1_e1,,radio,"...niños o niñas de su edad que no conoce.","0, Nunca o casi nunca | 1, A veces | 2, La mayor parte del tiempo o siempre",,,,,,,y,,,spaipes17,,
spaipes_i35_s1_r1_e1,spaipes_s1_r1_e1,,radio,...adultos.,"0, Nunca o casi nunca | 1, A veces | 2, La mayor parte del tiempo o siempre",,,,,,,y,,,spaipes17,,
spaipes_i50_s1_r1_e1,spaipes_s1_r1_e1,,radio,"Mi hijo/a normalmente no le habla a nadie hasta que ellos le hablen a el/ella.","0, Nunca o casi nunca | 1, A veces | 2, La mayor parte del tiempo o siempre",,,,,,,y,,,,,
