"Variable / Field Name","Form Name","Section Header","Field Type","Field Label","Choices, Calculations, OR Slider Labels","Field Note","Text Validation Type OR Show Slider Number","Text Validation Min","Text Validation Max",Identifier?,"Branching Logic (Show field only if...)","Required Field?","Custom Alignment","Question Number (surveys only)","Matrix Group Name","Matrix Ranking?","Field Annotation"
spaic_i1_s1_r1_e1,spaic_s1_r1_e1,,radio,"I feel scared when I have to join in a social situation with a large group of boys and girls (more than 6).","0, Never, or Hardly Ever | 1, Sometimes | 2, Most of the Time, or Always",,,,,,,y,,,,,
spaic_i2_s1_r1_e1,spaic_s1_r1_e1,,radio,"I feel scared when I am with other boys and girls or adults and I become the center of attention (they all look at me).","0, Never, or Hardly Ever | 1, Sometimes | 2, Most of the Time, or Always",,,,,,,y,,,,,
spaic_i3_s1_r1_e1,spaic_s1_r1_e1,,radio,"I feel scared when I am with other boys and girls or adults and I have to do something while they watch me (read aloud, play a game, play a sport).","0, Never, or Hardly Ever | 1, Sometimes | 2, Most of the Time, or Always",,,,,,,y,,,,,
spaic_i4_s1_r1_e1,spaic_s1_r1_e1,,radio,"I feel scared when I have to speak or read in front of a group of people.","0, Never, or Hardly Ever | 1, Sometimes | 2, Most of the Time, or Always",,,,,,,y,,,,,
spaic_i5_s1_r1_e1,spaic_s1_r1_e1,,radio,"I feel scared when answering questions in class or at meetings (scouts, soccer team) even when I know the answer.","0, Never, or Hardly Ever | 1, Sometimes | 2, Most of the Time, or Always",,,,,,,y,,,,,
spaic_i6_s1_r1_e1,spaic_s1_r1_e1,,radio,"I feel so scared at parties, dances, school, or anyplace where there will be more than two other people that I go home early.","0, Never, or Hardly Ever | 1, Sometimes | 2, Most of the Time, or Always",,,,,,,y,,,,,
spaic_i7_s1_r1_e1,spaic_s1_r1_e1,,radio,"I feel scared when I meet new kids.","0, Never, or Hardly Ever | 1, Sometimes | 2, Most of the Time, or Always",,,,,,,y,,,,,
spaic_i8_s1_r1_e1,spaic_s1_r1_e1,,radio,"I am too scared to ask questions in class.","0, Never, or Hardly Ever | 1, Sometimes | 2, Most of the Time, or Always",,,,,,,y,,,,,
spaic_i9_s1_r1_e1,spaic_s1_r1_e1,"I feel scared when I am in the school cafeteria with...",radio,"...boys or girls my age that I know.","0, Never, or Hardly Ever | 1, Sometimes | 2, Most of the Time, or Always",,,,,,,y,,,spaic9,,
spaic_i10_s1_r1_e1,spaic_s1_r1_e1,,radio,"...boys or girls my age that I don't know.","0, Never, or Hardly Ever | 1, Sometimes | 2, Most of the Time, or Always",,,,,,,y,,,spaic9,,
spaic_i11_s1_r1_e1,spaic_s1_r1_e1,,radio,...adults.,"0, Never, or Hardly Ever | 1, Sometimes | 2, Most of the Time, or Always",,,,,,,y,,,spaic9,,
spaic_i12_s1_r1_e1,spaic_s1_r1_e1,"If somebody starts arguing with me, I feel scared and do not know what to do if that person is...",radio,"...a boy or girl my age who I know.","0, Never, or Hardly Ever | 1, Sometimes | 2, Most of the Time, or Always",,,,,,,y,,,spaic10,,
spaic_i13_s1_r1_e1,spaic_s1_r1_e1,,radio,"...a boy or girl my age who I don't know.","0, Never, or Hardly Ever | 1, Sometimes | 2, Most of the Time, or Always",,,,,,,y,,,spaic10,,
spaic_i14_s1_r1_e1,spaic_s1_r1_e1,,radio,"...an adult.","0, Never, or Hardly Ever | 1, Sometimes | 2, Most of the Time, or Always",,,,,,,y,,,spaic10,,
spaic_i15_s1_r1_e1,spaic_s1_r1_e1,"If somebody asks me to do something that I don't want to do, I feel scared and don't know what to say if that person is...",radio,"...a boy or girl my age who I know.","0, Never, or Hardly Ever | 1, Sometimes | 2, Most of the Time, or Always",,,,,,,y,,,spaic11,,
spaic_i16_s1_r1_e1,spaic_s1_r1_e1,,radio,"...a boy or girl my age who I don't know.","0, Never, or Hardly Ever | 1, Sometimes | 2, Most of the Time, or Always",,,,,,,y,,,spaic11,,
spaic_i17_s1_r1_e1,spaic_s1_r1_e1,,radio,"...an adult.","0, Never, or Hardly Ever | 1, Sometimes | 2, Most of the Time, or Always",,,,,,,y,,,spaic11,,
spaic_i18_s1_r1_e1,spaic_s1_r1_e1,"I feel scared and don't know what to do when in an embarrassing situation with...
(embarrassed means that your face gets hot and red)",radio,"...a boy or girl my age who I know.","0, Never, or Hardly Ever | 1, Sometimes | 2, Most of the Time, or Always",,,,,,,y,,,spaic12,,
spaic_i19_s1_r1_e1,spaic_s1_r1_e1,,radio,"...a boy or girl my age who I don't know.","0, Never, or Hardly Ever | 1, Sometimes | 2, Most of the Time, or Always",,,,,,,y,,,spaic12,,
spaic_i20_s1_r1_e1,spaic_s1_r1_e1,,radio,"...an adult.","0, Never, or Hardly Ever | 1, Sometimes | 2, Most of the Time, or Always",,,,,,,y,,,spaic12,,
spaic_i21_s1_r1_e1,spaic_s1_r1_e1,"If somebody says something that I think is wrong or bad, I feel scared saying what I think if that person is...",radio,"...a boy or girl my age who I know.","0, Never, or Hardly Ever | 1, Sometimes | 2, Most of the Time, or Always",,,,,,,y,,,spaic13,,
spaic_i22_s1_r1_e1,spaic_s1_r1_e1,,radio,"...a boy or girl my age who I don't know.","0, Never, or Hardly Ever | 1, Sometimes | 2, Most of the Time, or Always",,,,,,,y,,,spaic13,,
spaic_i23_s1_r1_e1,spaic_s1_r1_e1,,radio,"...an adult.","0, Never, or Hardly Ever | 1, Sometimes | 2, Most of the Time, or Always",,,,,,,y,,,spaic13,,
spaic_i24_s1_r1_e1,spaic_s1_r1_e1,"I feel scared when I start to talk to...",radio,"...boys or girls my age that I know.","0, Never, or Hardly Ever | 1, Sometimes | 2, Most of the Time, or Always",,,,,,,y,,,spaic14,,
spaic_i25_s1_r1_e1,spaic_s1_r1_e1,,radio,"...boys or girls my age that I don't know.","0, Never, or Hardly Ever | 1, Sometimes | 2, Most of the Time, or Always",,,,,,,y,,,spaic14,,
spaic_i26_s1_r1_e1,spaic_s1_r1_e1,,radio,...adults.,"0, Never, or Hardly Ever | 1, Sometimes | 2, Most of the Time, or Always",,,,,,,y,,,spaic14,,
spaic_i27_s1_r1_e1,spaic_s1_r1_e1,"I feel scared if I have to talk for longer than a few minutes with...",radio,"...boys or girls my age that I know.","0, Never, or Hardly Ever | 1, Sometimes | 2, Most of the Time, or Always",,,,,,,y,,,spaci15_4d305e,,
spaic_i28_s1_r1_e1,spaic_s1_r1_e1,,radio,"...boys or girls my age that I don't know.","0, Never, or Hardly Ever | 1, Sometimes | 2, Most of the Time, or Always",,,,,,,y,,,spaci15_4d305e,,
spaic_i29_s1_r1_e1,spaic_s1_r1_e1,,radio,...adults.,"0, Never, or Hardly Ever | 1, Sometimes | 2, Most of the Time, or Always",,,,,,,y,,,spaci15_4d305e,,
spaic_i30_s1_r1_e1,spaic_s1_r1_e1,"I feel scared when speaking (giving a book report, reading in front of the class) in front of...",radio,"...boys or girls my age that I know.","0, Never, or Hardly Ever | 1, Sometimes | 2, Most of the Time, or Always",,,,,,,y,,,spaci16_7c3233,,
spaic_i31_s1_r1_e1,spaic_s1_r1_e1,,radio,"...boys or girls my age that I don't know.","0, Never, or Hardly Ever | 1, Sometimes | 2, Most of the Time, or Always",,,,,,,y,,,spaci16_7c3233,,
spaic_i32_s1_r1_e1,spaic_s1_r1_e1,,radio,...adults.,"0, Never, or Hardly Ever | 1, Sometimes | 2, Most of the Time, or Always",,,,,,,y,,,spaci16_7c3233,,
spaic_i33_s1_r1_e1,spaic_s1_r1_e1,"I feel scared when I am in a school play, choir, music or dance recital in front of...",radio,"...boys or girls my age that I know.","0, Never, or Hardly Ever | 1, Sometimes | 2, Most of the Time, or Always",,,,,,,y,,,spaic17,,
spaic_i34_s1_r1_e1,spaic_s1_r1_e1,,radio,"...boys or girls my age that I don't know.","0, Never, or Hardly Ever | 1, Sometimes | 2, Most of the Time, or Always",,,,,,,y,,,spaic17,,
spaic_i35_s1_r1_e1,spaic_s1_r1_e1,,radio,...adults.,"0, Never, or Hardly Ever | 1, Sometimes | 2, Most of the Time, or Always",,,,,,,y,,,spaic17,,
spaic_i36_s1_r1_e1,spaic_s1_r1_e1,"I feel scared when I am ignored or made fun of by...",radio,"...boys or girls my age that I know.","0, Never, or Hardly Ever | 1, Sometimes | 2, Most of the Time, or Always",,,,,,,y,,,spaci18_13f3a3,,
spaic_i37_s1_r1_e1,spaic_s1_r1_e1,,radio,"...boys or girls my age that I don't know.","0, Never, or Hardly Ever | 1, Sometimes | 2, Most of the Time, or Always",,,,,,,y,,,spaci18_13f3a3,,
spaic_i38_s1_r1_e1,spaic_s1_r1_e1,,radio,...adults.,"0, Never, or Hardly Ever | 1, Sometimes | 2, Most of the Time, or Always",,,,,,,y,,,spaci18_13f3a3,,
spaic_i39_s1_r1_e1,spaic_s1_r1_e1,"I try to avoid social situations (parties, school, playing with others) where there are...",radio,"...boys or girls my age that I know.","0, Never, or Hardly Ever | 1, Sometimes | 2, Most of the Time, or Always",,,,,,,y,,,spaci19_3f88b5,,
spaic_i40_s1_r1_e1,spaic_s1_r1_e1,,radio,"...boys or girls my age that I don't know.","0, Never, or Hardly Ever | 1, Sometimes | 2, Most of the Time, or Always",,,,,,,y,,,spaci19_3f88b5,,
spaic_i41_s1_r1_e1,spaic_s1_r1_e1,,radio,...adults.,"0, Never, or Hardly Ever | 1, Sometimes | 2, Most of the Time, or Always",,,,,,,y,,,spaci19_3f88b5,,
spaic_i42_s1_r1_e1,spaic_s1_r1_e1,"I leave social situations (parties, school, playing with others) when there are...",radio,"...boys or girls my age that I know.","0, Never, or Hardly Ever | 1, Sometimes | 2, Most of the Time, or Always",,,,,,,y,,,spaic20,,
spaic_i43_s1_r1_e1,spaic_s1_r1_e1,,radio,"...boys or girls my age that I don't know.","0, Never, or Hardly Ever | 1, Sometimes | 2, Most of the Time, or Always",,,,,,,y,,,spaic20,,
spaic_i44_s1_r1_e1,spaic_s1_r1_e1,,radio,...adults.,"0, Never, or Hardly Ever | 1, Sometimes | 2, Most of the Time, or Always",,,,,,,y,,,spaic20,,
spaic_i45_s1_r1_e1,spaic_s1_r1_e1,"Before going to a party or going someplace with others, I think about what might go wrong. I think...",radio,"...will I make a mistake and look stupid?","0, Never, or Hardly Ever | 1, Sometimes | 2, Most of the Time, or Always",,,,,,,y,,,spaic21,,
spaic_i46_s1_r1_e1,spaic_s1_r1_e1,,radio,"...what if nobody talks to me?","0, Never, or Hardly Ever | 1, Sometimes | 2, Most of the Time, or Always",,,,,,,y,,,spaic21,,
spaic_i47_s1_r1_e1,spaic_s1_r1_e1,,radio,"...what if somebody talks to me and I can't think of what to say?","0, Never, or Hardly Ever | 1, Sometimes | 2, Most of the Time, or Always",,,,,,,y,,,spaic21,,
spaic_i48_s1_r1_e1,spaic_s1_r1_e1,,radio,"...what if they see how scared I am?","0, Never, or Hardly Ever | 1, Sometimes | 2, Most of the Time, or Always",,,,,,,y,,,spaic21,,
spaic_i49_s1_r1_e1,spaic_s1_r1_e1,,radio,"My voice leaves me or sounds funny when I am talking to others.","0, Never, or Hardly Ever | 1, Sometimes | 2, Most of the Time, or Always",,,,,,,y,,,,,
spaic_i50_s1_r1_e1,spaic_s1_r1_e1,,radio,"I usually do not speak to anyone until they speak to me.","0, Never, or Hardly Ever | 1, Sometimes | 2, Most of the Time, or Always",,,,,,,y,,,,,
spaic_i51_s1_r1_e1,spaic_s1_r1_e1,"When I am with other people, I think scary thoughts. Sometimes I think...",radio,"...if I goof up, I will really feel bad.","0, Never, or Hardly Ever | 1, Sometimes | 2, Most of the Time, or Always",,,,,,,y,,,spaic24,,
spaic_i52_s1_r1_e1,spaic_s1_r1_e1,,radio,"...what are they thinking of me?","0, Never, or Hardly Ever | 1, Sometimes | 2, Most of the Time, or Always",,,,,,,y,,,spaic24,,
spaic_i53_s1_r1_e1,spaic_s1_r1_e1,,radio,"...whatever I say will sound stupid.","0, Never, or Hardly Ever | 1, Sometimes | 2, Most of the Time, or Always",,,,,,,y,,,spaic24,,
spaic_i54_s1_r1_e1,spaic_s1_r1_e1,"Before I go someplace (a party, school, soccer game, or any place where I will be with others)...",radio,"...I feel sweaty.","0, Never, or Hardly Ever | 1, Sometimes | 2, Most of the Time, or Always",,,,,,,y,,,spaic25,,
spaic_i55_s1_r1_e1,spaic_s1_r1_e1,,radio,"...I feel like I have to go to the bathroom.","0, Never, or Hardly Ever | 1, Sometimes | 2, Most of the Time, or Always",,,,,,,y,,,spaic25,,
spaic_i56_s1_r1_e1,spaic_s1_r1_e1,,radio,"...my heart beats fast.","0, Never, or Hardly Ever | 1, Sometimes | 2, Most of the Time, or Always",,,,,,,y,,,spaic25,,
spaic_i57_s1_r1_e1,spaic_s1_r1_e1,,radio,"...I get a headache or stomachache.","0, Never, or Hardly Ever | 1, Sometimes | 2, Most of the Time, or Always",,,,,,,y,,,spaic25,,
spaic_i58_s1_r1_e1,spaic_s1_r1_e1,,radio,"...my stomach feels funny.","0, Never, or Hardly Ever | 1, Sometimes | 2, Most of the Time, or Always",,,,,,,y,,,spaic25,,
spaic_i59_s1_r1_e1,spaic_s1_r1_e1,"When I am someplace (a party, school, soccer game, or anyplace where I will be with others)...",radio,"...I feel sweaty.","0, Never, or Hardly Ever | 1, Sometimes | 2, Most of the Time, or Always",,,,,,,y,,,spaic26,,
spaic_i60_s1_r1_e1,spaic_s1_r1_e1,,radio,"...I shake.","0, Never, or Hardly Ever | 1, Sometimes | 2, Most of the Time, or Always",,,,,,,y,,,spaic26,,
spaic_i61_s1_r1_e1,spaic_s1_r1_e1,,radio,"...I feel like I have to go to the bathroom.","0, Never, or Hardly Ever | 1, Sometimes | 2, Most of the Time, or Always",,,,,,,y,,,spaic26,,
spaic_i62_s1_r1_e1,spaic_s1_r1_e1,,radio,"...my heart beats fast.","0, Never, or Hardly Ever | 1, Sometimes | 2, Most of the Time, or Always",,,,,,,y,,,spaic26,,
spaic_i63_s1_r1_e1,spaic_s1_r1_e1,,radio,"...I have a headache or stomachache.","0, Never, or Hardly Ever | 1, Sometimes | 2, Most of the Time, or Always",,,,,,,y,,,spaic26,,
