"Variable / Field Name","Form Name","Section Header","Field Type","Field Label","Choices, Calculations, OR Slider Labels","Field Note","Text Validation Type OR Show Slider Number","Text Validation Min","Text Validation Max",Identifier?,"Branching Logic (Show field only if...)","Required Field?","Custom Alignment","Question Number (surveys only)","Matrix Group Name","Matrix Ranking?","Field Annotation"
yssm_mftv_s1_r1_e1,yssm_s1_r1_e1,"On a typical WEEKDAY, how much time do you spend:",text,"Watching or streaming TV shows or movies?
(Such as Hulu, Netflix or Amazon, not including videos on YouTube.)",,"(Use the sliders to select the number of hours and minutes.)",time,,,,,y,,,,," @HIDEBUTTON"
yssm_mfvideos_s1_r1_e1,yssm_s1_r1_e1,,text,"Watching or streaming videos or live stream (such as YouTube, Twitch)?",,"(Use the sliders to select the number of hours and minutes.)",time,,,,,y,,,,," @HIDEBUTTON"
yssm_mfspgame_s1_r1_e1,yssm_s1_r1_e1,,text,"Playing single-player video games on a computer, console, phone or other device (Xbox, Play Station, iPad, AppleTV)?",,"(Use the sliders to select the number of hours and minutes.)",time,,,,,y,,,,," @HIDEBUTTON"
yssm_mfmpgame_s1_r1_e1,yssm_s1_r1_e1,,text,"Playing multiplayer video games on a computer, console, phone, or other device (Xbox, Play Station, iPad, AppleTV) where you can interact with others in the game?",,"(Use the sliders to select the number of hours and minutes.)",time,,,,,y,,,,," @HIDEBUTTON"
yssm_mftext_s1_r1_e1,yssm_s1_r1_e1,,text,"Texting on a cell phone, tablet, computer, iPod, or other electronic device (e.g., GChat, Whatsapp, Kik etc.)?",,"(Use the sliders to select the number of hours and minutes.)",time,,,,,y,,,,," @HIDEBUTTON"
yssm_mfsocmed_s1_r1_e1,yssm_s1_r1_e1,,text,"Visiting social media apps or websites (e.g., Snapchat, Facebook, Twitter, Instagram, TikTok, etc.? (Do not include time spent editing photos, videos, or creating content to post on social media.)",,"(Use the sliders to select the number of hours and minutes.)",time,,,,,y,,,,," @HIDEBUTTON"
yssm_mfcontent_s1_r1_e1,yssm_s1_r1_e1,,text,"Editing photos, videos, or creating content to post on social media.",,"(Use the sliders to select the number of hours and minutes.)",time,,,,,y,,,,," @HIDEBUTTON"
yssm_mfvidchat_s1_r1_e1,yssm_s1_r1_e1,,text,"Video chatting (Zoom, FaceTime, VRchat, Skype, etc.)",,"(Use the sliders to select the number of hours and minutes.)",time,,,,,y,,,,," @HIDEBUTTON"
yssm_mfgoogle_s1_r1_e1,yssm_s1_r1_e1,,text,"Searching or browsing the internet (e.g., using Google) that is NOT for school.",,"(Use the sliders to select the number of hours and minutes.)",time,,,,,y,,,,," @HIDEBUTTON"
yssm_sstv_s1_r1_e1,yssm_s1_r1_e1,"On a typical WEEKEND DAY, how much time do you spend:",text,"Watching or streaming TV shows or movies?
(Such as Hulu, Netflix or Amazon, not including videos on YouTube.)",,"(Use the sliders to select the number of hours and minutes.)",time,,,,,y,,,,," @HIDEBUTTON"
yssm_ssvideos_s1_r1_e1,yssm_s1_r1_e1,,text,"Watching or streaming videos or live stream (such as YouTube, Twitch)?",,"(Use the sliders to select the number of hours and minutes.)",time,,,,,y,,,,," @HIDEBUTTON"
yssm_ssspgame_s1_r1_e1,yssm_s1_r1_e1,,text,"Playing single-player video games on a computer, console, phone or other device (Xbox, Play Station, iPad, AppleTV)?",,"(Use the sliders to select the number of hours and minutes.)",time,,,,,y,,,,," @HIDEBUTTON"
yssm_ssmpgame_s1_r1_e1,yssm_s1_r1_e1,,text,"Playing multiplayer video games on a computer, console, phone, or other device (Xbox, Play Station, iPad, AppleTV) where you can interact with others in the game?",,"(Use the sliders to select the number of hours and minutes.)",time,,,,,y,,,,," @HIDEBUTTON"
yssm_sstext_s1_r1_e1,yssm_s1_r1_e1,,text,"Texting on a cell phone, tablet, computer, iPod, or other electronic device (e.g., GChat, Whatsapp, Kik etc.)?",,"(Use the sliders to select the number of hours and minutes.)",time,,,,,y,,,,," @HIDEBUTTON"
yssm_sssocmed_s1_r1_e1,yssm_s1_r1_e1,,text,"Visiting social media apps or websites (e.g., Snapchat, Facebook, Twitter, Instagram, TikTok, etc.? (Do not include time spent editing photos, videos, or creating content to post on social media.)",,"(Use the sliders to select the number of hours and minutes.)",time,,,,,y,,,,," @HIDEBUTTON"
yssm_sscontent_s1_r1_e1,yssm_s1_r1_e1,,text,"Editing photos, videos, or creating content to post on social media.",,"(Use the sliders to select the number of hours and minutes.)",time,,,,,y,,,,," @HIDEBUTTON"
yssm_ssvidchat_s1_r1_e1,yssm_s1_r1_e1,,text,"Video chatting (Zoom, FaceTime, VRchat, Skype, etc.)",,"(Use the sliders to select the number of hours and minutes.)",time,,,,,y,,,,," @HIDEBUTTON"
yssm_ssgoogle_s1_r1_e1,yssm_s1_r1_e1,,text,"Searching or browsing the internet (e.g., using Google) that is NOT for school.",,"(Use the sliders to select the number of hours and minutes.)",time,,,,,y,,,,," @HIDEBUTTON"
yssm_socmedia_s1_r1_e1,yssm_s1_r1_e1,"Social Media",yesno,"Do you have at least one social media account?",,,,,,,,y,,,,,
yssm_accounts_s1_r1_e1,yssm_s1_r1_e1,,checkbox,"Which social media apps or websites do you have an account on?
Select all that are applicable:","1, Multiplayer Videogame Online Chatting | 2, YouTube | 3, Reddit | 4, Facebook | 5, Instagram | 6, Snapchat | 7, Twitter | 8, Pinterest | 9, Tumblr | 10, TikTok | 11, Other",,,,,,"[yssm_socmedia_s1_r1_e1] = '1'",y,,,,,
yssm_otheracct_s1_r1_e1,yssm_s1_r1_e1,,text,"If Other, please specify:",,,,,,,"[yssm_accounts_s1_r1_e1(11)] = '1'",,,,,,
yssm_mostused_s1_r1_e1,yssm_s1_r1_e1,,dropdown,"Which social media app or website do you use the most?","1, Multiplayer Videogame Online Chatting | 2, YouTube | 3, Reddit | 4, Facebook | 5, Instagram | 6, Snapchat | 7, Twitter | 8, Pinterest | 9, Tumblr | 10, TikTok | 11, [yssm_otheracct_s1_r1_e1]",,,,,,"[yssm_socmedia_s1_r1_e1] = '1'",,,,,,
yssm_publicacct_s1_r1_e1,yssm_s1_r1_e1,,radio,"On [yssm_mostused_s1_r1_e1], is your account public or private?","1, Public | 2, Private | 999, Don't Know",,,,,,"[yssm_mostused_s1_r1_e1] <> """"",,,,,,
yssm_secretacct_s1_r1_e1,yssm_s1_r1_e1,,yesno,"Do you have a social media account that you keep secret from your parents?",,,,,,,"[yssm_socmedia_s1_r1_e1] = '1'",,,,,,
