"Variable / Field Name","Form Name","Section Header","Field Type","Field Label","Choices, Calculations, OR Slider Labels","Field Note","Text Validation Type OR Show Slider Number","Text Validation Min","Text Validation Max",Identifier?,"Branching Logic (Show field only if...)","Required Field?","Custom Alignment","Question Number (surveys only)","Matrix Group Name","Matrix Ranking?","Field Annotation"
yssm_mftv_embed,yssm_s1_r1_e1,"On a typical WEEKDAY, how much time do you spend:",descriptive,"<div class=""rich-text-field-label""><table style=""border-collapse: collapse; width: 100%; border-style: hidden;"" border=""1""> <tbody> <tr> <td style=""width: 50%;"">Watching or streaming TV shows or movies?<br />(Such as Hulu, Netflix or Amazon, not including videos on YouTube.)</td> <td style=""width: 25%; border-style: hidden;""> <p>Hours:</p> <p>{yssm_mftvh_s1_r1_e1}</p> <h6 style=""font-size: 7.5pt;""><span style=""color: #0e0e79;"">(Enter a number between 0 and 24.)</span></h6> </td> <td style=""width: 25%;""> <p>Minutes:</p> <p>{yssm_mftvm_s1_r1_e1}</p> <h6 style=""font-size: 7.5pt;""><span style=""color: #0e0e79;"">(Enter a number between 0 and 60.)</span></h6> </td> </tr> </tbody> </table></div>",,"(Use the sliders to select the number of hours and minutes.)",,,,,,,,,,,
yssm_mftvh_s1_r1_e1,yssm_s1_r1_e1,,text,Hours:,,,integer,0,24,,,y,,,,,
yssm_mftvm_s1_r1_e1,yssm_s1_r1_e1,,text,Minutes:,,,integer,0,60,,,y,,,,,
yssm_mfvideos_embed,yssm_s1_r1_e1,,descriptive,"<div class=""rich-text-field-label""><table style=""border-collapse: collapse; width: 100%; border-style: hidden;"" border=""1""> <tbody> <tr> <td style=""width: 50%;"">Watching or streaming videos or live stream (such as YouTube, Twitch)?</td> <td style=""width: 25%; border-style: hidden;""> <p>Hours:</p> <p>{yssm_mfvideosh_s1_r1_e1}</p> <h6 style=""font-size: 7.5pt;""><span style=""color: #0e0e79;"">(Enter a number between 0 and 24.)</span></h6> </td> <td style=""width: 25%;""> <p>Minutes:</p> <p>{yssm_mfvideosm_s1_r1_e1}</p> <h6 style=""font-size: 7.5pt;""><span style=""color: #0e0e79;"">(Enter a number between 0 and 60.)</span></h6> </td> </tr> </tbody> </table></div>",,,,,,,,,,,,,
yssm_mfvideosh_s1_r1_e1,yssm_s1_r1_e1,,text,Hours:,,,integer,0,24,,,y,,,,,
yssm_mfvideosm_s1_r1_e1,yssm_s1_r1_e1,,text,Minutes:,,,integer,0,60,,,y,,,,,
yssm_mfspgame_embed,yssm_s1_r1_e1,,descriptive,"<table style=""border-collapse: collapse; width: 100%; border-style: hidden;"" border=""1""> <tbody> <tr> <td style=""width: 50%;"">Playing single-player video games on a computer, console, phone or other device (Xbox, Play Station, iPad, AppleTV)?</td> <td style=""width: 25%; border-style: hidden;""> <p>Hours:</p> <p>{yssm_mfspgameh_s1_r1_e1}</p> <h6 style=""font-size: 7.5pt;""><span style=""color: #0e0e79;"">(Enter a number between 0 and 24.)</span></h6> </td> <td style=""width: 25%;""> <p>Minutes:</p> <p>{yssm_mfspgamem_s1_r1_e1}</p> <h6 style=""font-size: 7.5pt;""><span style=""color: #0e0e79;"">(Enter a number between 0 and 60.)</span></h6> </td> </tr> </tbody> </table>",,,,,,,,,,,,,
yssm_mfspgameh_s1_r1_e1,yssm_s1_r1_e1,,text,Hours:,,,integer,0,24,,,y,,,,,
yssm_mfspgamem_s1_r1_e1,yssm_s1_r1_e1,,text,Minutes:,,,integer,0,60,,,y,,,,,
yssm_mfmpgame_embed,yssm_s1_r1_e1,,descriptive,"<table style=""border-collapse: collapse; width: 100%; border-style: hidden;"" border=""1""> <tbody> <tr> <td style=""width: 50%;"">Playing multiplayer video games on a computer, console, phone, or other device (Xbox, Play Station, iPad, AppleTV) where you can interact with others in the game?</td> <td style=""width: 25%; border-style: hidden;""> <p>Hours:</p> <p>{yssm_mfmpgameh_s1_r1_e1}</p> <h6 style=""font-size: 7.5pt;""><span style=""color: #0e0e79;"">(Enter a number between 0 and 24.)</span></h6> </td> <td style=""width: 25%;""> <p>Minutes:</p> <p>{yssm_mfmpgamem_s1_r1_e1}</p> <h6 style=""font-size: 7.5pt;""><span style=""color: #0e0e79;"">(Enter a number between 0 and 60.)</span></h6> </td> </tr> </tbody> </table>",,,,,,,,,,,,,
yssm_mfmpgameh_s1_r1_e1,yssm_s1_r1_e1,,text,Hours:,,,integer,0,24,,,y,,,,,
yssm_mfmpgamem_s1_r1_e1,yssm_s1_r1_e1,,text,Minutes:,,,integer,0,60,,,y,,,,,
yssm_mftext_embed,yssm_s1_r1_e1,,descriptive,"<div class=""rich-text-field-label""><table style=""border-collapse: collapse; width: 100%; border-style: hidden;"" border=""1""> <tbody> <tr> <td style=""width: 50%;"">Texting on a cell phone, tablet, computer, iPod, or other electronic device (e.g., GChat, Whatsapp, Kik, etc.)?</td> <td style=""width: 25%; border-style: hidden;""> <p>Hours:</p> <p>{yssm_mftexth_s1_r1_e1}</p> <h6 style=""font-size: 7.5pt;""><span style=""color: #0e0e79;"">(Enter a number between 0 and 24.)</span></h6> </td> <td style=""width: 25%;""> <p>Minutes:</p> <p>{yssm_mftextm_s1_r1_e1}</p> <h6 style=""font-size: 7.5pt;""><span style=""color: #0e0e79;"">(Enter a number between 0 and 60.)</span></h6> </td> </tr> </tbody> </table></div>",,,,,,,,,,,,,
yssm_mftexth_s1_r1_e1,yssm_s1_r1_e1,,text,Hours:,,,integer,0,24,,,y,,,,,
yssm_mftextm_s1_r1_e1,yssm_s1_r1_e1,,text,Minutes:,,,integer,0,60,,,y,,,,,
yssm_mfsocmed_embed,yssm_s1_r1_e1,,descriptive,"<div class=""rich-text-field-label""><table style=""border-collapse: collapse; width: 100%; border-style: hidden;"" border=""1""> <tbody> <tr> <td style=""width: 50%;"">Visiting social media apps or websites (e.g., Snapchat, Facebook, Twitter, Instagram, TikTok, etc.)? (Do not include time spent editing photos, videos, or creating content to post on social media.)</td> <td style=""width: 25%; border-style: hidden;""> <p>Hours:</p> <p>{yssm_mfsocmedh_s1_r1_e1}</p> <h6 style=""font-size: 7.5pt;""><span style=""color: #0e0e79;"">(Enter a number between 0 and 24.)</span></h6> </td> <td style=""width: 25%;""> <p>Minutes:</p> <p>{yssm_mfsocmedm_s1_r1_e1}</p> <h6 style=""font-size: 7.5pt;""><span style=""color: #0e0e79;"">(Enter a number between 0 and 60.)</span></h6> </td> </tr> </tbody> </table></div>",,,,,,,,,,,,,
yssm_mfsocmedh_s1_r1_e1,yssm_s1_r1_e1,,text,Hours:,,,integer,0,24,,,y,,,,,
yssm_mfsocmedm_s1_r1_e1,yssm_s1_r1_e1,,text,Minutes:,,,integer,0,60,,,y,,,,,
yssm_mfcontent_embed,yssm_s1_r1_e1,,descriptive,"<div class=""rich-text-field-label""><table style=""border-collapse: collapse; width: 100%; border-style: hidden;"" border=""1""> <tbody> <tr> <td style=""width: 50%;"">Editing photos, videos, or creating content to post on social media?</td> <td style=""width: 25%; border-style: hidden;""> <p>Hours:</p> <p>{yssm_mfcontenth_s1_r1_e1}</p> <h6 style=""font-size: 7.5pt;""><span style=""color: #0e0e79;"">(Enter a number between 0 and 24.)</span></h6> </td> <td style=""width: 25%;""> <p>Minutes:</p> <p>{yssm_mfcontentm_s1_r1_e1}</p> <h6 style=""font-size: 7.5pt;""><span style=""color: #0e0e79;"">(Enter a number between 0 and 60.)</span></h6> </td> </tr> </tbody> </table></div>",,,,,,,,,,,,,
yssm_mfcontenth_s1_r1_e1,yssm_s1_r1_e1,,text,Hours:,,,integer,0,24,,,y,,,,,
yssm_mfcontentm_s1_r1_e1,yssm_s1_r1_e1,,text,Minutes:,,,integer,0,60,,,y,,,,,
yssm_mfvidchat_embed,yssm_s1_r1_e1,,descriptive,"<div class=""rich-text-field-label""><table style=""border-collapse: collapse; width: 100%; border-style: hidden;"" border=""1""> <tbody> <tr> <td style=""width: 50%;"">Video chatting (Zoom, FaceTime, VRchat, Skype, etc.)?</td> <td style=""width: 25%; border-style: hidden;""> <p>Hours:</p> <p>{yssm_mfvidchath_s1_r1_e1}</p> <h6 style=""font-size: 7.5pt;""><span style=""color: #0e0e79;"">(Enter a number between 0 and 24.)</span></h6> </td> <td style=""width: 25%;""> <p>Minutes:</p> <p>{yssm_mfvidchatm_s1_r1_e1}</p> <h6 style=""font-size: 7.5pt;""><span style=""color: #0e0e79;"">(Enter a number between 0 and 60.)</span></h6> </td> </tr> </tbody> </table></div>",,,,,,,,,,,,,
yssm_mfvidchath_s1_r1_e1,yssm_s1_r1_e1,,text,Hours:,,,integer,0,24,,,y,,,,,
yssm_mfvidchatm_s1_r1_e1,yssm_s1_r1_e1,,text,Minutes:,,,integer,0,60,,,y,,,,,
yssm_mfgoogle_embed,yssm_s1_r1_e1,,descriptive,"<div class=""rich-text-field-label""><table style=""border-collapse: collapse; width: 100%; border-style: hidden;"" border=""1""> <tbody> <tr> <td style=""width: 50%;"">Searching or browsing the internet (e.g., using Google) that is NOT for school?</td> <td style=""width: 25%; border-style: hidden;""> <p>Hours:</p> <p>{yssm_mfgoogleh_s1_r1_e1}</p> <h6 style=""font-size: 7.5pt;""><span style=""color: #0e0e79;"">(Enter a number between 0 and 24.)</span></h6> </td> <td style=""width: 25%;""> <p>Minutes:</p> <p>{yssm_mfgooglem_s1_r1_e1}</p> <h6 style=""font-size: 7.5pt;""><span style=""color: #0e0e79;"">(Enter a number between 0 and 60.)</span></h6> </td> </tr> </tbody> </table></div>",,,,,,,,,,,,,
yssm_mfgoogleh_s1_r1_e1,yssm_s1_r1_e1,,text,Hours:,,,integer,0,24,,,y,,,,,
yssm_mfgooglem_s1_r1_e1,yssm_s1_r1_e1,,text,Minutes:,,,integer,0,60,,,y,,,,,
yssm_sstv_embed,yssm_s1_r1_e1,"On a typical WEEKEND DAY, how much time do you spend:",descriptive,"<div class=""rich-text-field-label""><table style=""border-collapse: collapse; width: 100%; border-style: hidden;"" border=""1""> <tbody> <tr> <td style=""width: 50%;"">Watching or streaming TV shows or movies?<br />(Such as Hulu, Netflix or Amazon, not including videos on YouTube.)</td> <td style=""width: 25%; border-style: hidden;""> <p>Hours:</p> <p>{yssm_sstvh_s1_r1_e1}</p> <h6 style=""font-size: 7.5pt;""><span style=""color: #0e0e79;"">(Enter a number between 0 and 24.)</span></h6> </td> <td style=""width: 25%;""> <p>Minutes:</p> <p>{yssm_sstvm_s1_r1_e1}</p> <h6 style=""font-size: 7.5pt;""><span style=""color: #0e0e79;"">(Enter a number between 0 and 60.)</span></h6> </td> </tr> </tbody> </table></div>",,,,,,,,,,,,,
yssm_sstvh_s1_r1_e1,yssm_s1_r1_e1,,text,Hours:,,,integer,0,24,,,y,,,,,
yssm_sstvm_s1_r1_e1,yssm_s1_r1_e1,,text,Minutes:,,,integer,0,60,,,y,,,,,
yssm_ssvideos_embed,yssm_s1_r1_e1,,descriptive,"<div class=""rich-text-field-label""><table style=""border-collapse: collapse; width: 100%; border-style: hidden;"" border=""1""> <tbody> <tr> <td style=""width: 50%;"">Watching or streaming videos or live stream (such as YouTube, Twitch)?</td> <td style=""width: 25%; border-style: hidden;""> <p>Hours:</p> <p>{yssm_ssvideosh_s1_r1_e1}</p> <h6 style=""font-size: 7.5pt;""><span style=""color: #0e0e79;"">(Enter a number between 0 and 24.)</span></h6> </td> <td style=""width: 25%;""> <p>Minutes:</p> <p>{yssm_ssvideosm_s1_r1_e1}</p> <h6 style=""font-size: 7.5pt;""><span style=""color: #0e0e79;"">(Enter a number between 0 and 60.)</span></h6> </td> </tr> </tbody> </table></div>",,,,,,,,,,,,,
yssm_ssvideosh_s1_r1_e1,yssm_s1_r1_e1,,text,Hours:,,,integer,0,24,,,y,,,,,
yssm_ssvideosm_s1_r1_e1,yssm_s1_r1_e1,,text,Minutes:,,,integer,0,60,,,y,,,,,
yssm_ssspgame_embed,yssm_s1_r1_e1,,descriptive,"<div class=""rich-text-field-label""><table style=""border-collapse: collapse; width: 100%; border-style: hidden;"" border=""1""> <tbody> <tr> <td style=""width: 50%;"">Playing single-player video games on a computer, console, phone or other device (Xbox, Play Station, iPad, AppleTV)?</td> <td style=""width: 25%; border-style: hidden;""> <p>Hours:</p> <p>{yssm_ssspgameh_s1_r1_e1}</p> <h6 style=""font-size: 7.5pt;""><span style=""color: #0e0e79;"">(Enter a number between 0 and 24.)</span></h6> </td> <td style=""width: 25%;""> <p>Minutes:</p> <p>{yssm_ssspgamem_s1_r1_e1}</p> <h6 style=""font-size: 7.5pt;""><span style=""color: #0e0e79;"">(Enter a number between 0 and 60.)</span></h6> </td> </tr> </tbody> </table></div>",,,,,,,,,,,,,
yssm_ssspgameh_s1_r1_e1,yssm_s1_r1_e1,,text,Hours:,,,integer,0,24,,,y,,,,,
yssm_ssspgamem_s1_r1_e1,yssm_s1_r1_e1,,text,Minutes:,,,integer,0,60,,,y,,,,,
yssm_ssmpgame_embed,yssm_s1_r1_e1,,descriptive,"<div class=""rich-text-field-label""><table style=""border-collapse: collapse; width: 100%; border-style: hidden;"" border=""1""> <tbody> <tr> <td style=""width: 50%;"">Playing multiplayer video games on a computer, console, phone, or other device (Xbox, Play Station, iPad, AppleTV) where you can interact with others in the game?</td> <td style=""width: 25%; border-style: hidden;""> <p>Hours:</p> <p>{yssm_ssmpgameh_s1_r1_e1}</p> <h6 style=""font-size: 7.5pt;""><span style=""color: #0e0e79;"">(Enter a number between 0 and 24.)</span></h6> </td> <td style=""width: 25%;""> <p>Minutes:</p> <p>{yssm_ssmpgamem_s1_r1_e1}</p> <h6 style=""font-size: 7.5pt;""><span style=""color: #0e0e79;"">(Enter a number between 0 and 60.)</span></h6> </td> </tr> </tbody> </table></div>",,,,,,,,,,,,,
yssm_ssmpgameh_s1_r1_e1,yssm_s1_r1_e1,,text,Hours:,,,integer,0,24,,,y,,,,,
yssm_ssmpgamem_s1_r1_e1,yssm_s1_r1_e1,,text,Minutes:,,,integer,0,60,,,y,,,,,
yssm_sstext_embed,yssm_s1_r1_e1,,descriptive,"<div class=""rich-text-field-label""><table style=""border-collapse: collapse; width: 100%; border-style: hidden;"" border=""1""> <tbody> <tr> <td style=""width: 50%;"">Texting on a cell phone, tablet, computer, iPod, or other electronic device (e.g., GChat, Whatsapp, Kik, etc.)?</td> <td style=""width: 25%; border-style: hidden;""> <p>Hours:</p> <p>{yssm_sstexth_s1_r1_e1}</p> <h6 style=""font-size: 7.5pt;""><span style=""color: #0e0e79;"">(Enter a number between 0 and 24.)</span></h6> </td> <td style=""width: 25%;""> <p>Minutes:</p> <p>{yssm_sstextm_s1_r1_e1}</p> <h6 style=""font-size: 7.5pt;""><span style=""color: #0e0e79;"">(Enter a number between 0 and 60.)</span></h6> </td> </tr> </tbody> </table></div>",,,,,,,,,,,,,
yssm_sstexth_s1_r1_e1,yssm_s1_r1_e1,,text,Hours:,,,integer,0,24,,,y,,,,,
yssm_sstextm_s1_r1_e1,yssm_s1_r1_e1,,text,Minutes:,,,integer,0,60,,,y,,,,,
yssm_sssocmed_embed,yssm_s1_r1_e1,,descriptive,"<div class=""rich-text-field-label""><table style=""border-collapse: collapse; width: 100%; border-style: hidden;"" border=""1""> <tbody> <tr> <td style=""width: 50%;"">Visiting social media apps or websites (e.g., Snapchat, Facebook, Twitter, Instagram, TikTok, etc.)? (Do not include time spent editing photos, videos, or creating content to post on social media.)</td> <td style=""width: 25%; border-style: hidden;""> <p>Hours:</p> <p>{yssm_sssocmedh_s1_r1_e1}</p> <h6 style=""font-size: 7.5pt;""><span style=""color: #0e0e79;"">(Enter a number between 0 and 24.)</span></h6> </td> <td style=""width: 25%;""> <p>Minutes:</p> <p>{yssm_sssocmedm_s1_r1_e1}</p> <h6 style=""font-size: 7.5pt;""><span style=""color: #0e0e79;"">(Enter a number between 0 and 60.)</span></h6> </td> </tr> </tbody> </table></div>",,,,,,,,,,,,,
yssm_sssocmedh_s1_r1_e1,yssm_s1_r1_e1,,text,Hours:,,,integer,0,24,,,y,,,,,
yssm_sssocmedm_s1_r1_e1,yssm_s1_r1_e1,,text,Minutes:,,,integer,0,60,,,y,,,,,
yssm_sscontent_embed,yssm_s1_r1_e1,,descriptive,"<div class=""rich-text-field-label""><table style=""border-collapse: collapse; width: 100%; border-style: hidden;"" border=""1""> <tbody> <tr> <td style=""width: 50%;"">Editing photos, videos, or creating content to post on social media?</td> <td style=""width: 25%; border-style: hidden;""> <p>Hours:</p> <p>{yssm_sscontenth_s1_r1_e1}</p> <h6 style=""font-size: 7.5pt;""><span style=""color: #0e0e79;"">(Enter a number between 0 and 24.)</span></h6> </td> <td style=""width: 25%;""> <p>Minutes:</p> <p>{yssm_sscontentm_s1_r1_e1}</p> <h6 style=""font-size: 7.5pt;""><span style=""color: #0e0e79;"">(Enter a number between 0 and 60.)</span></h6> </td> </tr> </tbody> </table></div>",,,,,,,,,,,,,
yssm_sscontenth_s1_r1_e1,yssm_s1_r1_e1,,text,Hours:,,,integer,0,24,,,y,,,,,
yssm_sscontentm_s1_r1_e1,yssm_s1_r1_e1,,text,Minutes:,,,integer,0,60,,,y,,,,,
yssm_ssvidchat_embed,yssm_s1_r1_e1,,descriptive,"<div class=""rich-text-field-label""><table style=""border-collapse: collapse; width: 100%; border-style: hidden;"" border=""1""> <tbody> <tr> <td style=""width: 50%;"">Video chatting (Zoom, FaceTime, VRchat, Skype, etc.)</td> <td style=""width: 25%; border-style: hidden;""> <p>Hours:</p> <p>{yssm_ssvidchath_s1_r1_e1}</p> <h6 style=""font-size: 7.5pt;""><span style=""color: #0e0e79;"">(Enter a number between 0 and 24.)</span></h6> </td> <td style=""width: 25%;""> <p>Minutes:</p> <p>{yssm_ssvidchatm_s1_r1_e1}</p> <h6 style=""font-size: 7.5pt;""><span style=""color: #0e0e79;"">(Enter a number between 0 and 60.)</span></h6> </td> </tr> </tbody> </table></div>",,,,,,,,,,,,,
yssm_ssvidchath_s1_r1_e1,yssm_s1_r1_e1,,text,Hours:,,,integer,0,24,,,y,,,,,
yssm_ssvidchatm_s1_r1_e1,yssm_s1_r1_e1,,text,Minutes:,,,integer,0,60,,,y,,,,,
yssm_ssgoogle_embed,yssm_s1_r1_e1,,descriptive,"<div class=""rich-text-field-label""><table style=""border-collapse: collapse; width: 100%; border-style: hidden;"" border=""1""> <tbody> <tr> <td style=""width: 50%;"">Searching or browsing the internet (e.g., using Google) that is NOT for school.</td> <td style=""width: 25%; border-style: hidden;""> <p>Hours:</p> <p>{yssm_ssgoogleh_s1_r1_e1}</p> <h6 style=""font-size: 7.5pt;""><span style=""color: #0e0e79;"">(Enter a number between 0 and 24.)</span></h6> </td> <td style=""width: 25%;""> <p>Minutes:</p> <p>{yssm_ssgooglem_s1_r1_e1}</p> <h6 style=""font-size: 7.5pt;""><span style=""color: #0e0e79;"">(Enter a number between 0 and 60.)</span></h6> </td> </tr> </tbody> </table></div>",,,,,,,,,,,,,
yssm_ssgoogleh_s1_r1_e1,yssm_s1_r1_e1,,text,Hours:,,,integer,0,24,,,y,,,,,
yssm_ssgooglem_s1_r1_e1,yssm_s1_r1_e1,,text,Minutes:,,,integer,0,60,,,y,,,,,
yssm_socmedia_s1_r1_e1,yssm_s1_r1_e1,"Social Media",yesno,"Do you have at least one social media account?",,,,,,,,y,,,,,
yssm_accounts_s1_r1_e1,yssm_s1_r1_e1,,checkbox,"Which social media apps or websites do you have an account on? Select all that are applicable:","1, Multiplayer Videogame Online Chatting | 2, YouTube | 3, Reddit | 4, Facebook | 5, Instagram | 6, Snapchat | 7, Twitter | 8, Pinterest | 9, Tumblr | 10, TikTok | 11, Other","If Other, please specify: {yssm_otheracct_s1_r1_e1}",,,,,"[yssm_socmedia_s1_r1_e1] = '1'",y,,,,,
yssm_otheracct_s1_r1_e1,yssm_s1_r1_e1,,text,"If Other, please specify:",,,,,,,"[yssm_accounts_s1_r1_e1(11)] = '1'",,,,,,
yssm_mostused_s1_r1_e1,yssm_s1_r1_e1,,dropdown,"Which social media app or website do you use the most?","1, Multiplayer Videogame Online Chatting | 2, YouTube | 3, Reddit | 4, Facebook | 5, Instagram | 6, Snapchat | 7, Twitter | 8, Pinterest | 9, Tumblr | 10, TikTok | 11, [yssm_otheracct_s1_r1_e1]",,,,,,"[yssm_socmedia_s1_r1_e1] = '1'",,,,,,
yssm_publicacct_s1_r1_e1,yssm_s1_r1_e1,,radio,"On [yssm_mostused_s1_r1_e1], is your account public or private?","1, Public | 2, Private | 999, Don't Know",,,,,,"[yssm_mostused_s1_r1_e1] <> """"",,,,,,
yssm_secretacct_s1_r1_e1,yssm_s1_r1_e1,,yesno,"Do you have a social media account that you keep secret from your parents?",,,,,,,"[yssm_socmedia_s1_r1_e1] = '1'",,,,,,
