"Variable / Field Name","Form Name","Section Header","Field Type","Field Label","Choices, Calculations, OR Slider Labels","Field Note","Text Validation Type OR Show Slider Number","Text Validation Min","Text Validation Max",Identifier?,"Branching Logic (Show field only if...)","Required Field?","Custom Alignment","Question Number (surveys only)","Matrix Group Name","Matrix Ranking?","Field Annotation"
rpeqp_i1_s1_r1_e1,rpeqp_s1_r1_e1,"Please read the questions and answer how often this happens to your child. The questions say ""a teen,"" but imagine that ""teen"" just means someone in your child's age group.",radio,"A teen chased my child like he or she was really trying to hurt them.","1, never | 2, once or twice | 3, a few times | 4, about once a week | 5, a few times a week",,,,,,,y,,,rpeqp,,
rpeqp_i2_s1_r1_e1,rpeqp_s1_r1_e1,,radio,"A teen threatened to hurt or beat up my child.","1, never | 2, once or twice | 3, a few times | 4, about once a week | 5, a few times a week",,,,,,,y,,,rpeqp,,
rpeqp_i3_s1_r1_e1,rpeqp_s1_r1_e1,,radio,"A teen hit, kicked, or pushed my child in a mean way.","1, never | 2, once or twice | 3, a few times | 4, about once a week | 5, a few times a week",,,,,,,y,,,rpeqp,,
rpeqp_i4_s1_r1_e1,rpeqp_s1_r1_e1,,radio,"Some teens left my child out of an activity or conversation that they really wanted to be included in.","1, never | 2, once or twice | 3, a few times | 4, about once a week | 5, a few times a week",,,,,,,y,,,rpeqp,,
rpeqp_i5_s1_r1_e1,rpeqp_s1_r1_e1,,radio,"A teen did not invite my child to a party or other social event even though they knew that my child wanted to go.","1, never | 2, once or twice | 3, a few times | 4, about once a week | 5, a few times a week",,,,,,,y,,,rpeqp,,
rpeqp_i6_s1_r1_e1,rpeqp_s1_r1_e1,,radio,"A teen left my child out of what they were doing.","1, never | 2, once or twice | 3, a few times | 4, about once a week | 5, a few times a week",,,,,,,y,,,rpeqp,,
rpeqp_i7_s1_r1_e1,rpeqp_s1_r1_e1,,radio,"A teen tried to damage my child's social reputation by spreading rumors about them.","1, never | 2, once or twice | 3, a few times | 4, about once a week | 5, a few times a week",,,,,,,y,,,rpeqp,,
rpeqp_i8_s1_r1_e1,rpeqp_s1_r1_e1,,radio,"Another teen gossiped about my child so that others would not like them.","1, never | 2, once or twice | 3, a few times | 4, about once a week | 5, a few times a week",,,,,,,y,,,rpeqp,,
rpeqp_i9_s1_r1_e1,rpeqp_s1_r1_e1,,radio,"Another teen said mean things about my child so that people would think that my child was a 'loser.'","1, never | 2, once or twice | 3, a few times | 4, about once a week | 5, a few times a week",,,,,,,y,,,rpeqp,,
rpeqp_i10_s1_r1_e1,rpeqp_s1_r1_e1,,radio,"Another teen helped my child when they were having a problem.","1, never | 2, once or twice | 3, a few times | 4, about once a week | 5, a few times a week",,,,,,,y,,,rpeqp,,
rpeqp_i11_s1_r1_e1,rpeqp_s1_r1_e1,,radio,"Another teen was nice and friendly to my child when they needed help.","1, never | 2, once or twice | 3, a few times | 4, about once a week | 5, a few times a week",,,,,,,y,,,rpeqp,,
rpeqp_i12_s1_r1_e1,rpeqp_s1_r1_e1,,radio,"Another teen stuck up for my child when they were being picked on or excluded.","1, never | 2, once or twice | 3, a few times | 4, about once a week | 5, a few times a week",,,,,,,y,,,rpeqp,,
rpeqp_i13_s1_r1_e1,rpeqp_s1_r1_e1,,radio,"A teen helped my child join into a group or conversation.","1, never | 2, once or twice | 3, a few times | 4, about once a week | 5, a few times a week",,,,,,,y,,,rpeqp,,
rpeqp_i14_s1_r1_e1,rpeqp_s1_r1_e1,,radio,"A teen spent time with my child when they had no one else to hang out with.","1, never | 2, once or twice | 3, a few times | 4, about once a week | 5, a few times a week",,,,,,,y,,,rpeqp,,
