"Variable / Field Name","Form Name","Section Header","Field Type","Field Label","Choices, Calculations, OR Slider Labels","Field Note","Text Validation Type OR Show Slider Number","Text Validation Min","Text Validation Max",Identifier?,"Branching Logic (Show field only if...)","Required Field?","Custom Alignment","Question Number (surveys only)","Matrix Group Name","Matrix Ranking?","Field Annotation"
bpsqi_i1_s1_r1_e1,bpsqi_s1_r1_e1,,text,"During the past month, when have you usually gone to bed at night?",,,time,00:00,23:59,,,y,,,,,
bpsqi_i2_s1_r1_e1,bpsqi_s1_r1_e1,,text,"During the past month, when have you usually gotten up in the morning?",,,time,00:00,23:59,,,y,,,,,
bpsqi_i3_s1_r1_e1,bpsqi_s1_r1_e1,,text,"During the past month, how long (in minutes) has it usually taken you to fall asleep each night? ",,,number,0,1000,,,y,,,,,
bpsqi_i4_s1_r1_e1,bpsqi_s1_r1_e1,,text,"During the past month, how many hours of actual sleep did you get at night? (This may be different than the number of hours you spend in bed.) ",,,number,0,24,,,y,,,,,
bpsqi_i5_s1_r1_e1,bpsqi_s1_r1_e1,,radio,"During the past month, how often have you had trouble sleeping because you wake up in the middle of the night or early morning? ","0, Not during the past month | 1, Less than once a week | 2, Once or twice a week | 3, Three or more times a week",,,,,,,y,,,,,
bpsqi_i6_s1_r1_e1,bpsqi_s1_r1_e1,,radio,"During the past month, how would you rate your sleep quality overall? ","0, Very good | 1, Fairly good | 2, Fairly bad | 3, Very bad",,,,,,,y,,,,,
