﻿"Variable / Field Name","Form Name","Section Header","Field Type","Field Label","Choices, Calculations, OR Slider Labels","Field Note","Text Validation Type OR Show Slider Number","Text Validation Min","Text Validation Max",Identifier?,"Branching Logic (Show field only if...)","Required Field?","Custom Alignment","Question Number (surveys only)","Matrix Group Name","Matrix Ranking?","Field Annotation"
eisbpes_i1_s1_r1_e1,eisbpes_s1_r1_e1,,radio,"Tiene claro lo que significa su identidad étnica para él/ella.","1, No se describe en absoluto mi hijo/a | 2, Se describe un poco mi hijo/a | 3, Se describe bien mi hijo/a | 4, Se describe muy bien mi hijo/a",,,,,,,y,,,eisbpes_s1_r1_e1,,
eisbpes_i2_s1_r1_e1,eisbpes_s1_r1_e1,,radio,"Ha asistido a eventos que le han ayudado a aprender más acerca de su identidad étnica.","1, No se describe en absoluto mi hijo/a | 2, Se describe un poco mi hijo/a | 3, Se describe bien mi hijo/a | 4, Se describe muy bien mi hijo/a",,,,,,,y,,,eisbpes_s1_r1_e1,,
eisbpes_i3_s1_r1_e1,eisbpes_s1_r1_e1,,radio,"Ha leído libros/revistas/periódicos u otros materiales que le han enseñado acerca de su identidad étnica.","1, No se describe en absoluto mi hijo/a | 2, Se describe un poco mi hijo/a | 3, Se describe bien mi hijo/a | 4, Se describe muy bien mi hijo/a",,,,,,,y,,,eisbpes_s1_r1_e1,,
eisbpes_i4_s1_r1_e1,eisbpes_s1_r1_e1,,radio,"Se siente negativo/a acerca de su identidad étnica.","1, No se describe en absoluto mi hijo/a | 2, Se describe un poco mi hijo/a | 3, Se describe bien mi hijo/a | 4, Se describe muy bien mi hijo/a",,,,,,,y,,,eisbpes_s1_r1_e1,,
eisbpes_i5_s1_r1_e1,eisbpes_s1_r1_e1,,radio,"Quisiera ser de otra identidad étnica.","1, No se describe en absoluto mi hijo/a | 2, Se describe un poco mi hijo/a | 3, Se describe bien mi hijo/a | 4, Se describe muy bien mi hijo/a",,,,,,,y,,,eisbpes_s1_r1_e1,,
eisbpes_i6_s1_r1_e1,eisbpes_s1_r1_e1,,radio,"Sabe lo que su identidad étnica significa para él/ella.","1, No se describe en absoluto mi hijo/a | 2, Se describe un poco mi hijo/a | 3, Se describe bien mi hijo/a | 4, Se describe muy bien mi hijo/a",,,,,,,y,,,eisbpes_s1_r1_e1,,
eisbpes_i7_s1_r1_e1,eisbpes_s1_r1_e1,,radio,"Ha participado en actividades que le han enseñado acerca de su identidad étnica.","1, No se describe en absoluto mi hijo/a | 2, Se describe un poco mi hijo/a | 3, Se describe bien mi hijo/a | 4, Se describe muy bien mi hijo/a",,,,,,,y,,,eisbpes_s1_r1_e1,,
eisbpes_i8_s1_r1_e1,eisbpes_s1_r1_e1,,radio,"No le gusta su identidad étnica.","1, No se describe en absoluto mi hijo/a | 2, Se describe un poco mi hijo/a | 3, Se describe bien mi hijo/a | 4, Se describe muy bien mi hijo/a",,,,,,,y,,,eisbpes_s1_r1_e1,,
eisbpes_i9_s1_r1_e1,eisbpes_s1_r1_e1,,radio,"Tiene un sentido claro de lo que su identidad étnica significa para él/ella.","1, No se describe en absoluto mi hijo/a | 2, Se describe un poco mi hijo/a | 3, Se describe bien mi hijo/a | 4, Se describe muy bien mi hijo/a",,,,,,,y,,,eisbpes_s1_r1_e1,,
