"Variable / Field Name","Form Name","Section Header","Field Type","Field Label","Choices, Calculations, OR Slider Labels","Field Note","Text Validation Type OR Show Slider Number","Text Validation Min","Text Validation Max",Identifier?,"Branching Logic (Show field only if...)","Required Field?","Custom Alignment","Question Number (surveys only)","Matrix Group Name","Matrix Ranking?","Field Annotation"
hsps_i1_s1_r1_e1,hsps_s1_r1_e1,,radio,"Are you easily overwhelmed by strong sensory input?","1, Not at all | 2,  | 3,  | 4, Moderately | 5,  | 6,  | 7, Extremely",,,,,,,y,,,hsp,,
hsps_i2_s1_r1_e1,hsps_s1_r1_e1,,radio,"Do you seem to be aware of subtleties in your environment?","1, Not at all | 2,  | 3,  | 4, Moderately | 5,  | 6,  | 7, Extremely",,,,,,,y,,,hsp,,
hsps_i3_s1_r1_e1,hsps_s1_r1_e1,,radio,"Do other people's moods affect you?","1, Not at all | 2,  | 3,  | 4, Moderately | 5,  | 6,  | 7, Extremely",,,,,,,y,,,hsp,,
hsps_i4_s1_r1_e1,hsps_s1_r1_e1,,radio,"Do you tend to be more sensitive to pain?","1, Not at all | 2,  | 3,  | 4, Moderately | 5,  | 6,  | 7, Extremely",,,,,,,y,,,hsp,,
hsps_i5_s1_r1_e1,hsps_s1_r1_e1,,radio,"Do you find yourself needing to withdraw during busy days, into bed or into a darkened room or any place where you can have some privacy and relief from stimulation?","1, Not at all | 2,  | 3,  | 4, Moderately | 5,  | 6,  | 7, Extremely",,,,,,,y,,,hsp,,
hsps_i6_s1_r1_e1,hsps_s1_r1_e1,,radio,"Are you particularly sensitive to the effects of caffeine?","1, Not at all | 2,  | 3,  | 4, Moderately | 5,  | 6,  | 7, Extremely",,,,,,,y,,,hsp,,
hsps_i7_s1_r1_e1,hsps_s1_r1_e1,,radio,"Are you easily overwhelmed by things like bright lights, strong smells, coarse fabrics, or sirens close by?","1, Not at all | 2,  | 3,  | 4, Moderately | 5,  | 6,  | 7, Extremely",,,,,,,y,,,hsp,,
hsps_i8_s1_r1_e1,hsps_s1_r1_e1,,radio,"Do you have a rich, complex inner life?","1, Not at all | 2,  | 3,  | 4, Moderately | 5,  | 6,  | 7, Extremely",,,,,,,y,,,hsp,,
hsps_i9_s1_r1_e1,hsps_s1_r1_e1,,radio,"Are you made uncomfortable by loud noises?","1, Not at all | 2,  | 3,  | 4, Moderately | 5,  | 6,  | 7, Extremely",,,,,,,y,,,hsp,,
hsps_i10_s1_r1_e1,hsps_s1_r1_e1,,radio,"Are you deeply moved by the arts or music?","1, Not at all | 2,  | 3,  | 4, Moderately | 5,  | 6,  | 7, Extremely",,,,,,,y,,,hsp,,
hsps_i11_s1_r1_e1,hsps_s1_r1_e1,,radio,"Does your nervous system sometimes feel so frazzled that you just have to go off by yourself?","1, Not at all | 2,  | 3,  | 4, Moderately | 5,  | 6,  | 7, Extremely",,,,,,,y,,,hsp,,
hsps_i12_s1_r1_e1,hsps_s1_r1_e1,,radio,"Are you conscientious?","1, Not at all | 2,  | 3,  | 4, Moderately | 5,  | 6,  | 7, Extremely",,,,,,,y,,,hsp,,
hsps_i13_s1_r1_e1,hsps_s1_r1_e1,,radio,"Do you startle easily?","1, Not at all | 2,  | 3,  | 4, Moderately | 5,  | 6,  | 7, Extremely",,,,,,,y,,,hsp,,
hsps_i14_s1_r1_e1,hsps_s1_r1_e1,,radio,"Do you get rattled when you have a lot to do in a short amount of time?","1, Not at all | 2,  | 3,  | 4, Moderately | 5,  | 6,  | 7, Extremely",,,,,,,y,,,hsp,,
hsps_i15_s1_r1_e1,hsps_s1_r1_e1,,radio,"When people are uncomfortable in a physical environment do you tend to know what needs to be done to make it more comfortable (like changing the lighting or the seating)?","1, Not at all | 2,  | 3,  | 4, Moderately | 5,  | 6,  | 7, Extremely",,,,,,,y,,,hsp,,
hsps_i16_s1_r1_e1,hsps_s1_r1_e1,,radio,"Are you annoyed when people try to get you to do too many things at once?","1, Not at all | 2,  | 3,  | 4, Moderately | 5,  | 6,  | 7, Extremely",,,,,,,y,,,hsp,,
hsps_i17_s1_r1_e1,hsps_s1_r1_e1,,radio,"Do you try hard to avoid making mistakes or forgetting things?","1, Not at all | 2,  | 3,  | 4, Moderately | 5,  | 6,  | 7, Extremely",,,,,,,y,,,hsp,,
hsps_i18_s1_r1_e1,hsps_s1_r1_e1,,radio,"Do you make a point to avoid violent movies and TV shows?","1, Not at all | 2,  | 3,  | 4, Moderately | 5,  | 6,  | 7, Extremely",,,,,,,y,,,hsp,,
hsps_i19_s1_r1_e1,hsps_s1_r1_e1,,radio,"Do you become unpleasantly aroused when a lot is going on around you?","1, Not at all | 2,  | 3,  | 4, Moderately | 5,  | 6,  | 7, Extremely",,,,,,,y,,,hsp,,
hsps_i20_s1_r1_e1,hsps_s1_r1_e1,,radio,"Does being very hungry create a strong reaction in you, disrupting your concentration or mood?","1, Not at all | 2,  | 3,  | 4, Moderately | 5,  | 6,  | 7, Extremely",,,,,,,y,,,hsp,,
hsps_i21_s1_r1_e1,hsps_s1_r1_e1,,radio,"Do changes in your life shake you up?","1, Not at all | 2,  | 3,  | 4, Moderately | 5,  | 6,  | 7, Extremely",,,,,,,y,,,hsp,,
hsps_i22_s1_r1_e1,hsps_s1_r1_e1,,radio,"Do you notice and enjoy delicate or fine scents, tastes, sounds, works of art?","1, Not at all | 2,  | 3,  | 4, Moderately | 5,  | 6,  | 7, Extremely",,,,,,,y,,,hsp,,
hsps_i23_s1_r1_e1,hsps_s1_r1_e1,,radio,"Do you find it unpleasant to have a lot going on at once?","1, Not at all | 2,  | 3,  | 4, Moderately | 5,  | 6,  | 7, Extremely",,,,,,,y,,,hsp,,
hsps_i24_s1_r1_e1,hsps_s1_r1_e1,,radio,"Do you make it a high priority to arrange your life to avoid upsetting or overwhelming situations?","1, Not at all | 2,  | 3,  | 4, Moderately | 5,  | 6,  | 7, Extremely",,,,,,,y,,,hsp,,
hsps_i25_s1_r1_e1,hsps_s1_r1_e1,,radio,"Are you bothered by intense stimuli, like loud noises or chaotic scenes?","1, Not at all | 2,  | 3,  | 4, Moderately | 5,  | 6,  | 7, Extremely",,,,,,,y,,,hsp,,
hsps_i26_s1_r1_e1,hsps_s1_r1_e1,,radio,"When you must compete or be observed while performing a task, do you become so nervous or shaky that you do much worse than you would otherwise?","1, Not at all | 2,  | 3,  | 4, Moderately | 5,  | 6,  | 7, Extremely",,,,,,,y,,,hsp,,
hsps_i27_s1_r1_e1,hsps_s1_r1_e1,,radio,"When you were a child, did parents or teachers seem to see you as sensitive or shy?","1, Not at all | 2,  | 3,  | 4, Moderately | 5,  | 6,  | 7, Extremely",,,,,,,y,,,hsp,,
