"Variable / Field Name","Form Name","Section Header","Field Type","Field Label","Choices, Calculations, OR Slider Labels","Field Note","Text Validation Type OR Show Slider Number","Text Validation Min","Text Validation Max",Identifier?,"Branching Logic (Show field only if...)","Required Field?","Custom Alignment","Question Number (surveys only)","Matrix Group Name","Matrix Ranking?","Field Annotation"
bstad_nicotine_s1_r1_e1,bstad_s1_r1_e1,,text,"In the PAST YEAR, on how many days did use nicotine or tobacco products (vape, smoke, chew, etc.)?",,,integer,0,365,,,y,,,,,
bstad_alcohol_s1_r1_e1,bstad_s1_r1_e1,,text,"In the PAST YEAR, on how many days did you have more than a few sips of beer, wine, or any drink containing alcohol?",,,integer,0,365,,,y,,,,,
bstad_marijuana_s1_r1_e1,bstad_s1_r1_e1,,text,"In the PAST YEAR, on how many days did you use marijuana (weed, blunts, hash, etc.)?",,,integer,0,365,,,y,,,,,
bstad_meds_s1_r1_e1,bstad_s1_r1_e1,,checkbox,"In the PAST YEAR, which of the following medications have you used that were not prescribed for you OR which you took more of than you were supposed to take?","1, Over-the-Counter Medications (e.g., Nyquil, Benadryl, cough medicine, sleeping pills, etc.) | 2, Prescription Stimulants (e.g., Adderall, Ritalin, etc.) | 3, Prescription Sedatives (e.g., Valium, Xanax, Klonopin, Ativan, etc.) | 4, Prescription Pain Relievers (e.g., morphine, Percocet, Vicodin, OxyContin, Dilaudid, Methadone, buprenorphine, etc.) | 0, None of the above","(Check all that apply.)",,,,,,y,,,,," @NONEOFTHEABOVE='0'"
bstad_otcdetail_s1_r1_e1,bstad_s1_r1_e1,,text,"In the PAST YEAR, on how many days did you use Over-the-Counter Medications (that were not prescribed for you OR which you took more than you were supposed to take)?",,,integer,0,365,,"[bstad_meds_s1_r1_e1(1)] = '1'",,,,,,
bstad_stimudetail_s1_r1_e1,bstad_s1_r1_e1,,text,"In the PAST YEAR, on how many days did you use Prescription Stimulants (that were not prescribed for you OR which you took more than you were supposed to take)?",,,integer,0,365,,"[bstad_meds_s1_r1_e1(2)] = '1'",,,,,,
bstad_sedatdetail_s1_r1_e1,bstad_s1_r1_e1,,text,"In the PAST YEAR, on how many days did you use Prescription Sedatives (that were not prescribed for you OR which you took more than you were supposed to take)?",,,integer,0,365,,"[bstad_meds_s1_r1_e1(3)] = '1'",,,,,,
bstad_paindetail_s1_r1_e1,bstad_s1_r1_e1,,text,"In the PAST YEAR, on how many days did you use Prescription Pain Relievers (that were not prescribed for you OR which you took more than you were supposed to take)?",,,integer,0,365,,"[bstad_meds_s1_r1_e1(4)] = '1'",,,,,,
bstad_drugs_s1_r1_e1,bstad_s1_r1_e1,,checkbox,"In the PAST YEAR, which of the following substances have you used?","1, Hallucinogens (e.g., magic mushrooms, LSD, etc.) | 2, Inhalants (e.g., huffing gasoline, glue, nitrous oxide, etc.) | 3, Amphetamines (non-medication) | 4, Cocaine | 5, Other | 0, None of the above","(Check all that apply.)",,,,,,y,,,,," @NONEOFTHEABOVE='0'"
bstad_halludetail_s1_r1_e1,bstad_s1_r1_e1,,text,"In the PAST YEAR, on how many days did you use Hallucinogens?",,,integer,0,365,,"[bstad_drugs_s1_r1_e1(1)] = '1'",,,,,,
bstad_inhaldetail_s1_r1_e1,bstad_s1_r1_e1,,text,"In the PAST YEAR, on how many days did you use Inhalants?",,,integer,0,365,,"[bstad_drugs_s1_r1_e1(2)] = '1'",,,,,,
bstad_amphdetail_s1_r1_e1,bstad_s1_r1_e1,,text,"In the PAST YEAR, on how many days did you use Amphetamines?",,,integer,0,365,,"[bstad_drugs_s1_r1_e1(3)] = '1'",,,,,,
bstad_cokedetail_s1_r1_e1,bstad_s1_r1_e1,,text,"In the PAST YEAR, on how many days did you use Cocaine?",,,integer,0,365,,"[bstad_drugs_s1_r1_e1(4)] = '1'",,,,,,
bstad_drugsoth_s1_r1_e1,bstad_s1_r1_e1,,text,"If other, please specify:",,,,,,,"[bstad_drugs_s1_r1_e1(5)] = '1'",,,,,,
bstad_othdrgdet_s1_r1_e1,bstad_s1_r1_e1,,text,"In the PAST YEAR, on how many days did you use ""[bstad_drugsoth_s1_r1_e1]""?",,,,,,,"[bstad_drugs_s1_r1_e1(5)] = '1'",,,,,,
