﻿"Variable / Field Name","Form Name","Section Header","Field Type","Field Label","Choices, Calculations, OR Slider Labels","Field Note","Text Validation Type OR Show Slider Number","Text Validation Min","Text Validation Max",Identifier?,"Branching Logic (Show field only if...)","Required Field?","Custom Alignment","Question Number (surveys only)","Matrix Group Name","Matrix Ranking?","Field Annotation"
infoshtes_name_s1_r1_e1,infoshtes_s1_r1_e1,"Información del niño/a",descriptive,"<div class=""rich-text-field-label""><table style=""border-collapse: collapse; width: 100%; border-style: hidden;"" border=""1""> <tbody> <tr> <td style=""width: 23.4088%;"">Nombre del niño/a</td> <td style=""width: 23.4088%; border-style: hidden;""> <p>Primer nombre:</p> <p>{infoshtes_fname_s1_r1_e1}</p> </td> <td style=""width: 23.4088%; border-style: hidden;""> <p>Segundo nombre:</p> <p>{infoshtes_mname_s1_r1_e1}</p> </td> <td style=""width: 23.4088%;""> <p>Apellido:</p> <p>{infoshtes_lname_s1_r1_e1}</p> </td> </tr> </tbody> </table></div>",,,,,,,,,,,,,
infoshtes_fname_s1_r1_e1,infoshtes_s1_r1_e1,,text,"Primer nombre del niño/a",,,,,,y,,y,,,,,
infoshtes_mname_s1_r1_e1,infoshtes_s1_r1_e1,,text,"Segundo nombre del niño/a",,,,,,y,,y,,,,,
infoshtes_lname_s1_r1_e1,infoshtes_s1_r1_e1,,text,"Apellido del niño/a",,,,,,y,,y,,,,,
infoshtes_contact_s1_r1_e1,infoshtes_s1_r1_e1,,descriptive,"<div class=""rich-text-field-label""><table style=""border-collapse: collapse; width: 100%;"" border=""1""> <tbody> <tr> <td style=""width: 48.3734%; border-style: hidden;"">Podemos contactar al niño/a por teléfono celular?</td> <td style=""width: 48.3734%; border-style: hidden;"">{infoshtes_cellok_s1_r1_e1}</td> </tr> <tr> <td style=""width: 48.3734%; border-style: hidden;"">Podemos contactar al niño/a por correo electrónico?</td> <td style=""width: 48.3734%; border-style: hidden;"">{infoshtes_emailok_s1_r1_e1}</td> </tr> </tbody> </table></div>",,,,,,,,,,,,,
infoshtes_cellok_s1_r1_e1,infoshtes_s1_r1_e1,,radio,"Podemos contactar al niño/a por teléfono celular?","1, Sí {infoshtes_cellph_s1_r1_e1} | 0, No",,,,,,,y,,,,,
infoshtes_cellph_s1_r1_e1,infoshtes_s1_r1_e1,,text,"Teléfono celular del niño/a",,,phone,,,,"[infoshtes_cellok_s1_r1_e1] = '1'",,,,,," @PLACEHOLDER=""Teléfono celular del niño/a"""
infoshtes_emailok_s1_r1_e1,infoshtes_s1_r1_e1,,radio,"Podemos contactar al niño/a por correo electrónico?","1, Sí {infoshtes_email_s1_r1_e1} | 0, No",,,,,,,y,,,,,
infoshtes_email_s1_r1_e1,infoshtes_s1_r1_e1,,text,"Dirección de correo electrónico del niño/a",,,email,,,,"[infoshtes_emailok_s1_r1_e1] = '1'",,,,,," @PLACEHOLDER=""Dirección de correo electrónico del niño/a"""
infoshtes_birthinfo_s1_r1_e1,infoshtes_s1_r1_e1,,descriptive,"<div class=""rich-text-field-label""><table style=""border-collapse: collapse; width: 100%;"" border=""1""> <tbody> <tr> <td style=""width: 48.3734%; border-style: hidden;"">Fecha de nacimiento del niño/a:</td> <td style=""width: 48.3734%; border-style: hidden;"">{infoshtes_dob_s1_r1_e1}</td> </tr> <tr> <td style=""width: 48.3734%; border-style: hidden;"">Ciudad de nacimiento del niño/a:</td> <td style=""width: 48.3734%; border-style: hidden;"">{infoshtes_pob_s1_r1_e1}</td> </tr> </tbody> </table></div>",,,,,,,,,,,,,
infoshtes_dob_s1_r1_e1,infoshtes_s1_r1_e1,,text,"Fecha de nacimiento del niño/a",,,date_mdy,,,y,,y,,,,,
infoshtes_pob_s1_r1_e1,infoshtes_s1_r1_e1,,text,"Ciudad de nacimiento del niño/a",,,,,,,,y,,,,,
infoshtes_twoadd_s1_r1_e1,infoshtes_s1_r1_e1,,radio,"El niño/a tiene más de una dirección de hogar?","1, Sí | 0, No",,,,,,,y,,,,,
infoshtes_add1_s1_r1_e1,infoshtes_s1_r1_e1,,descriptive,"<table style=""border-collapse: collapse; width: 100%; border-style: hidden;"" border=""1""> <tbody> <tr> <td style=""width: 20%; border-style: hidden;"">Dirección de hogar primario del niño/a</td> <td style=""width: 20%; border-style: hidden;""> <p>Calle:</p> <p>{infoshtes_street1_s1_r1_e1}</p> </td> <td style=""width: 20%; border-style: hidden;""> <p>Ciudad:</p> <p>{infoshtes_city1_s1_r1_e1}</p> </td> <td style=""width: 20%; border-style: hidden;""> <p>Estado:</p> <p>{infoshtes_state1_s1_r1_e1}</p> </td> <td style=""width: 20%; border-style: hidden;""> <p>Código postal:</p> <p>{infoshtes_zip1_s1_r1_e1}</p> </td> </tr> </tbody> </table> <table style=""border-collapse: collapse; width: 100%; border-style: hidden;"" border=""1""> <tbody> <tr> <td style=""width: 48.3734%; border-style: hidden;"">Cuántos años ha vivido el niño/a en su dirección de hogar primario?</td> <td style=""width: 48.3734%; border-style: hidden;""> <p>{infoshtes_add1time_s1_r1_e1}</p> <h6 style=""font-size: 7.5pt;""><span style=""color: #0e0e79;"">(Número de años.)</span></h6> </td> </tr> </tbody> </table>",,,,,,,,,,,,,
infoshtes_street1_s1_r1_e1,infoshtes_s1_r1_e1,,text,"Dirección de hogar primario del niño/a (Calle)",,,,,,y,,y,,,,,
infoshtes_city1_s1_r1_e1,infoshtes_s1_r1_e1,,text,"Dirección de hogar primario del niño/a (Ciudad)",,,,,,,,y,,,,,
infoshtes_state1_s1_r1_e1,infoshtes_s1_r1_e1,,text,"Dirección de hogar primario del niño/a (Estado)",,,,,,,,y,,,,,
infoshtes_zip1_s1_r1_e1,infoshtes_s1_r1_e1,,text,"Dirección de hogar primario del niño/a (Código postal)",,,zipcode,,,,,y,,,,,
infoshtes_add1time_s1_r1_e1,infoshtes_s1_r1_e1,,text,"Cuántos años ha vivido el niño/a en su dirección de hogar primario?",,"(Número de años.)",number,0,18,,,y,,,,,
infoshtes_add2_s1_r1_e1,infoshtes_s1_r1_e1,,descriptive,"<div class=""rich-text-field-label""><table style=""border-collapse: collapse; width: 100%; border-style: hidden;"" border=""1""> <tbody> <tr> <td style=""width: 20%; border-style: hidden;"">Dirección de hogar secundario del niño/a</td> <td style=""width: 20%; border-style: hidden;""> <p>Calle:</p> <p>{infoshtes_street2_s1_r1_e1}</p> </td> <td style=""width: 20%; border-style: hidden;""> <p>Ciudad:</p> <p>{infoshtes_city2_s1_r1_e1}</p> </td> <td style=""width: 20%; border-style: hidden;""> <p>Estado:</p> <p>{infoshtes_state2_s1_r1_e1}</p> </td> <td style=""width: 20%; border-style: hidden;""> <p>Código postal:</p> <p>{infoshtes_zip2_s1_r1_e1}</p> </td> </tr> </tbody> </table> <table style=""border-collapse: collapse; width: 100%; border-style: hidden;"" border=""1""> <tbody> <tr> <td style=""width: 48.3734%; border-style: hidden;"">Cuántos años ha vivido el niño/a en su dirección de hogar secundario?</td> <td style=""width: 48.3734%; border-style: hidden;""> <p>{infoshtes_add2time_s1_r1_e1}</p> <h6 style=""font-size: 7.5pt;""><span style=""color: #0e0e79;"">(Número de años.)</span></h6> </td> </tr> </tbody> </table></div>",,,,,,,,,,,,,
infoshtes_street2_s1_r1_e1,infoshtes_s1_r1_e1,,text,"Dirección de hogar secundario del niño/a (Calle)",,,,,,y,"[infoshtes_twoadd_s1_r1_e1] = '1'",,,,,,
infoshtes_city2_s1_r1_e1,infoshtes_s1_r1_e1,,text,"Dirección de hogar secundario del niño/a (Ciudad)",,,,,,,"[infoshtes_twoadd_s1_r1_e1] = '1'",,,,,,
infoshtes_state2_s1_r1_e1,infoshtes_s1_r1_e1,,text,"Dirección de hogar secundario del niño/a (Estado)",,,,,,,"[infoshtes_twoadd_s1_r1_e1] = '1'",,,,,,
infoshtes_zip2_s1_r1_e1,infoshtes_s1_r1_e1,,text,"Dirección de hogar secundario del niño/a (Código postal)",,,zipcode,,,,"[infoshtes_twoadd_s1_r1_e1] = '1'",,,,,,
infoshtes_add2time_s1_r1_e1,infoshtes_s1_r1_e1,,text,"Cuántos años ha vivido el niño/a en su dirección de hogar secundario?",,"(Número de años.)",number,0,18,,"[infoshtes_twoadd_s1_r1_e1] = '1'",,,,,,
infoshtes_schlinfo_s1_r1_e1,infoshtes_s1_r1_e1,,descriptive,"<div class=""rich-text-field-label""><table style=""border-collapse: collapse; width: 100%;"" border=""1""> <tbody> <tr> <td style=""width: 48.3734%; border-style: hidden;"">Nombre y dirección de la escuela del niño/a:</td> <td style=""width: 48.3734%; border-style: hidden;"">{infoshtes_school_s1_r1_e1}</td> </tr> <tr> <td style=""width: 48.3734%; border-style: hidden;"">Cuántos años ha asistido el niño/a a esta escuela?</td> <td style=""width: 48.3734%; border-style: hidden;""> <p>{infoshtes_schltime_s1_r1_e1}</p> <h6 style=""font-size: 7.5pt;""><span style=""color: #0e0e79;"">(Número de años.)</span></h6> </td> </tr> </tbody> </table></div>",,,,,,,,,,,,,
infoshtes_school_s1_r1_e1,infoshtes_s1_r1_e1,,notes,"Nombre y dirección de la escuela del niño/a",,"(Si es verano, indique la escuela del grado completado más reciente.)",,,,,,y,,,,,
infoshtes_schltime_s1_r1_e1,infoshtes_s1_r1_e1,,text,"Cuántos años ha asistido el niño/a a esta escuela?",,"(Número de años.)",number,0,18,,,y,,,,,
infoshtes_p1info_s1_r1_e1,infoshtes_s1_r1_e1,"Su información (Padre/guardián completando este formulario)",descriptive,"<div class=""rich-text-field-label""><table style=""border-collapse: collapse; width: 100%; border-style: hidden;"" border=""1""> <tbody> <tr> <td style=""width: 23.4088%; border-style: hidden;"">Su información:</td> <td style=""width: 23.4088%; border-style: hidden;""> <p>Primer nombre:</p> <p>{infoshtes_p1fname_s1_r1_e1}</p> </td> <td style=""width: 23.4088%; border-style: hidden;""> <p>Apellido:</p> <p>{infoshtes_p1lname_s1_r1_e1}</p> </td> <td style=""width: 23.4088%; border-style: hidden;""> <p>Dirección de correo electrónico:</p> <p>{infoshtes_p1email_s1_r1_e1}</p> </td> </tr> <tr> <td style=""width: 23.4088%; border-style: hidden;""> </td> <td style=""width: 23.4088%; border-style: hidden;""> <p>Teléfono de casa:</p> <p>{infoshtes_p1phone_s1_r1_e1}</p> </td> <td style=""width: 23.4088%; border-style: hidden;""> <p>Teléfono celular:</p> <p>{infoshtes_p1cell_s1_r1_e1}</p> </td> <td style=""width: 23.4088%; border-style: hidden;""> <p>Teléfono de trabajo:</p> <p>{infoshtes_p1work_s1_r1_e1}</p> </td> </tr> </tbody> </table></div>",,,,,,,,,,,,,
infoshtes_p1fname_s1_r1_e1,infoshtes_s1_r1_e1,,text,"Primer nombre",,,,,,y,,y,,,,,
infoshtes_p1lname_s1_r1_e1,infoshtes_s1_r1_e1,,text,Apellido,,,,,,y,,y,,,,,
infoshtes_p1phone_s1_r1_e1,infoshtes_s1_r1_e1,,text,"Teléfono de casa",,,phone,,,y,,y,,,,,
infoshtes_p1cell_s1_r1_e1,infoshtes_s1_r1_e1,,text,"Teléfono celular",,,phone,,,y,,,,,,,
infoshtes_p1work_s1_r1_e1,infoshtes_s1_r1_e1,,text,"Teléfono de trabajo",,,phone,,,y,,,,,,,
infoshtes_p1email_s1_r1_e1,infoshtes_s1_r1_e1,,text,"Dirección de correo electrónico",,,email,,,y,,y,,,,,
infoshtes_p1rel_s1_r1_e1,infoshtes_s1_r1_e1,,radio,"Cuál es su relación con el niño/a","0, madre biológica | 1, padre biológico | 2, madre adoptiva | 3, padre adoptivo | 4, madrastra | 5, padrastro | 6, padre o madre de crianza temporal | 7, otra","Si otra, por favor especifique: {infoshtes_p1reloth_s1_r1_e1}",,,,,,y,,,,,
infoshtes_p1reloth_s1_r1_e1,infoshtes_s1_r1_e1,,text,"Por favor especifique:",,,,,,,"[infoshtes_p1rel_s1_r1_e1] = '7'",,,,,,
infoshtes_p1ftlive_s1_r1_e1,infoshtes_s1_r1_e1,,radio,"El niño/a vive con usted todo el tiempo?","1, Sí | 0, No",,,,,,,y,,,,,
infoshtes_p1contact_s1_r1_e1,infoshtes_s1_r1_e1,,radio,"Cuál es la frecuencia de contacto entre usted y el niño/a?","0, no hay contacto | 1, 1-2 días al mes | 2, 3-4 días al mes | 3, 5-9 días al mes | 4, 10 o más días al mes | 5, no es regular (por ejemplo, sólo en vacaciones o una vez al año)","Si no es regular, cuántos días al año? {infoshtes_p1nonreg_s1_r1_e1}",,,,,"[infoshtes_p1ftlive_s1_r1_e1] = '0'",,,,,,
infoshtes_p1nonreg_s1_r1_e1,infoshtes_s1_r1_e1,,text,"Cuántos días al año?",,,integer,1,365,,[infoshtes_p1contact_s1_r1_e1]=5,,,,,,
infoshtes_p2exist_s1_r1_e1,infoshtes_s1_r1_e1,,radio,"El niño/a tiene un segundo padre/guardián?","1, Sí | 0, No",,,,,,,y,,,,,
infoshtes_p2cntctok_s1_r1_e1,infoshtes_s1_r1_e1,,radio,"Podemos contactar a esta persona sobre el niño/a?","1, Sí | 0, No",,,,,,"[infoshtes_p2exist_s1_r1_e1] = '1'",,,,,,
infoshtes_p2info_s1_r1_e1,infoshtes_s1_r1_e1,"Información del padre/guardián 2",descriptive,"<div class=""rich-text-field-label""><table style=""border-collapse: collapse; width: 100%; border-style: hidden;"" border=""1""> <tbody> <tr> <td style=""width: 23.4088%; border-style: hidden;"">Información del padre/guardián 2:</td> <td style=""border-style: hidden; width: 46.8176%;"" colspan=""2""> <p>Nombre completo:</p> <p>{infoshtes_p2name_s1_r1_e1}</p> </td> <td style=""width: 23.4088%; border-style: hidden;""> <p>Dirección de correo electrónico:</p> <p>{infoshtes_p2email_s1_r1_e1}</p> </td> </tr> <tr> <td style=""width: 23.4088%; border-style: hidden;""> </td> <td style=""width: 23.4088%; border-style: hidden;""> <p>Teléfono de casa:</p> <p>{infoshtes_p2phone_s1_r1_e1}</p> </td> <td style=""width: 23.4088%; border-style: hidden;""> <p>Teléfono celular:</p> <p>{infoshtes_p2cell_s1_r1_e1}</p> </td> <td style=""width: 23.4088%; border-style: hidden;""> <p>Teléfono de trabajo:</p> <p>{infoshtes_p2work_s1_r1_e1}</p> </td> </tr> </tbody> </table></div>",,,,,,,"[infoshtes_p2exist_s1_r1_e1] = '1'",,,,,,
infoshtes_p2name_s1_r1_e1,infoshtes_s1_r1_e1,,text,"Padre/guardián 2, nombre completo:",,,,,,y,"[infoshtes_p2exist_s1_r1_e1] = '1'",,,,,,
infoshtes_p2phone_s1_r1_e1,infoshtes_s1_r1_e1,,text,"Padre/guardián 2, teléfono de casa:",,,phone,,,y,"[infoshtes_p2cntctok_s1_r1_e1] = '1'",,,,,,
infoshtes_p2cell_s1_r1_e1,infoshtes_s1_r1_e1,,text,"Padre/guardián 2, teléfono celular:",,,phone,,,y,"[infoshtes_p2cntctok_s1_r1_e1] = '1'",,,,,,
infoshtes_p2work_s1_r1_e1,infoshtes_s1_r1_e1,,text,"Padre/guardián 2, teléfono de trabajo",,,phone,,,y,"[infoshtes_p2cntctok_s1_r1_e1] = '1'",,,,,,
infoshtes_p2email_s1_r1_e1,infoshtes_s1_r1_e1,,text,"Padre/guardián 2, dirección de correo electrónico:",,,email,,,y,"[infoshtes_p2cntctok_s1_r1_e1] = '1'",,,,,,
infoshtes_p2rel_s1_r1_e1,infoshtes_s1_r1_e1,,radio,"Cuál es la relación del padre/guardián 2 con el niño/a","0, madre biológica | 1, padre biológico | 2, madre adoptiva | 3, padre adoptivo | 4, madrastra | 5, padrastro | 6, padre o madre de crianza temporal | 7, otra","Si otra, por favor especifique: {infoshtes_p2reloth_s1_r1_e1}",,,,,"[infoshtes_p2exist_s1_r1_e1] = '1'",,,,,,
infoshtes_p2reloth_s1_r1_e1,infoshtes_s1_r1_e1,,text,"Por favor especifique:",,,,,,,"[infoshtes_p2rel_s1_r1_e1] = '7'",,,,,,
infoshtes_p2ftlive_s1_r1_e1,infoshtes_s1_r1_e1,,yesno,"El niño/a vive con el padre/guardián 2 todo el tiempo?",,,,,,,"[infoshtes_p2exist_s1_r1_e1] = '1'",,,,,,
infoshtes_p2contact_s1_r1_e1,infoshtes_s1_r1_e1,,radio,"Cuál es la frecuencia de contacto entre el niño/a y el padre/guardián 2?","0, no hay contacto | 1, 1-2 días al mes | 2, 3-4 días al mes | 3, 5-9 días al mes | 4, 10 o más días al mes | 5, no es regular (por ejemplo, sólo en vacaciones o una vez al año)","Si no es regular, cuántos días al año? {infoshtes_p2nonreg_s1_r1_e1}",,,,,"[infoshtes_p2ftlive_s1_r1_e1] = '0'",,,,,,
infoshtes_p2nonreg_s1_r1_e1,infoshtes_s1_r1_e1,,text,"Cuántos días al año?",,,integer,1,365,,[infoshtes_p2contact_s1_r1_e1]=5,,,,,,
infoshtes_loc1info_s1_r1_e1,infoshtes_s1_r1_e1,"Formulario de localizador de cliente

Por favor indique el nombre, dirección y número de teléfono de tres personas que sean capaces de contactarle, en caso de que usted se mude, si nosotros no podemos localizarle para su participación en cualquier cita de seguimiento. Esta persona no tiene que vivir en esta area. Nosotros no compartiremos ninguna información confidencial, sólo que usted estuvo en FIU por motivos de investigación.",descriptive,"<div class=""rich-text-field-label""><table style=""border-collapse: collapse; width: 100%; height: 132px;"" border=""1""> <tbody> <tr style=""height: 66px;""> <td style=""width: 36.4922%; height: 132px; border-style: hidden;"" rowspan=""2"">Persona 1</td> <td style=""width: 31.7296%; height: 66px; border-style: hidden;""> <p>Nombre:</p> <p>{infoshtes_loc1name_s1_r1_e1}</p> </td> <td style=""height: 66px; border-style: hidden; width: 31.8246%;"" rowspan=""3""> <p>Dirección:</p> <p>{infoshtes_loc1add_s1_r1_e1}</p> </td> </tr> <tr style=""height: 66px;""> <td style=""width: 31.7296%; height: 66px; border-style: hidden;""> <p>Número de teléfono:</p> <p>{infoshtes_loc1phone_s1_r1_e1}</p> </td> </tr> <tr> <td style=""width: 36.4922%; border-style: hidden;""> </td> <td style=""width: 31.7296%; border-style: hidden;""> <p>Relación:</p> <p>{infoshtes_loc1rel_s1_r1_e1}</p> </td> </tr> </tbody> </table></div>",,,,,,,,,,,,,
infoshtes_loc1name_s1_r1_e1,infoshtes_s1_r1_e1,,text,"1. Nombre de la persona:",,,,,,y,,y,,,,,
infoshtes_loc1add_s1_r1_e1,infoshtes_s1_r1_e1,,notes,Dirección:,,,,,,y,,y,,,,,
infoshtes_loc1phone_s1_r1_e1,infoshtes_s1_r1_e1,,text,"Número de teléfono:",,,phone,,,y,,y,,,,,
infoshtes_loc1rel_s1_r1_e1,infoshtes_s1_r1_e1,,text,Relación:,,,,,,,,y,,,,,
infoshtes_loc2info_s1_r1_e1,infoshtes_s1_r1_e1,,descriptive,"<div class=""rich-text-field-label""><table style=""border-collapse: collapse; width: 100%; height: 132px;"" border=""1""> <tbody> <tr style=""height: 66px;""> <td style=""width: 36.4922%; height: 132px; border-style: hidden;"" rowspan=""2"">Persona 2</td> <td style=""width: 31.7296%; height: 66px; border-style: hidden;""> <p>Nombre:</p> <p>{infoshtes_loc2name_s1_r1_e1}</p> </td> <td style=""height: 66px; border-style: hidden; width: 31.8246%;"" rowspan=""3""> <p>Dirección:</p> <p>{infoshtes_loc2add_s1_r1_e1}</p> </td> </tr> <tr style=""height: 66px;""> <td style=""width: 31.7296%; height: 66px; border-style: hidden;""> <p>Número de teléfono:</p> <p>{infoshtes_loc2phone_s1_r1_e1}</p> </td> </tr> <tr> <td style=""width: 36.4922%; border-style: hidden;""> </td> <td style=""width: 31.7296%; border-style: hidden;""> <p>Relación:</p> <p>{infoshtes_loc2rel_s1_r1_e1}</p> </td> </tr> </tbody> </table></div>",,,,,,,,,,,,,
infoshtes_loc2name_s1_r1_e1,infoshtes_s1_r1_e1,,text,"2. Nombre de la persona:",,,,,,y,,y,,,,,
infoshtes_loc2add_s1_r1_e1,infoshtes_s1_r1_e1,,notes,Dirección:,,,,,,y,,y,,,,,
infoshtes_loc2phone_s1_r1_e1,infoshtes_s1_r1_e1,,text,"Número de teléfono:",,,phone,,,y,,y,,,,,
infoshtes_loc2rel_s1_r1_e1,infoshtes_s1_r1_e1,,text,Relación:,,,,,,,,y,,,,,
infoshtes_loc3info_s1_r1_e1,infoshtes_s1_r1_e1,,descriptive,"<div class=""rich-text-field-label""><table style=""border-collapse: collapse; width: 100%; height: 132px;"" border=""1""> <tbody> <tr style=""height: 66px;""> <td style=""width: 36.4922%; height: 132px; border-style: hidden;"" rowspan=""2"">Persona 3</td> <td style=""width: 31.7296%; height: 66px; border-style: hidden;""> <p>Nombre:</p> <p>{infoshtes_loc3name_s1_r1_e1}</p> </td> <td style=""height: 66px; border-style: hidden; width: 31.8246%;"" rowspan=""3""> <p>Dirección:</p> <p>{infoshtes_loc3add_s1_r1_e1}</p> </td> </tr> <tr style=""height: 66px;""> <td style=""width: 31.7296%; height: 66px; border-style: hidden;""> <p>Número de teléfono:</p> <p>{infoshtes_loc3phone_s1_r1_e1}</p> </td> </tr> <tr> <td style=""width: 36.4922%; border-style: hidden;""> </td> <td style=""width: 31.7296%; border-style: hidden;""> <p>Relación:</p> <p>{infoshtes_loc3rel_s1_r1_e1}</p> </td> </tr> </tbody> </table></div>",,,,,,,,,,,,,
infoshtes_loc3name_s1_r1_e1,infoshtes_s1_r1_e1,,text,"3. Nombre de la persona:",,,,,,y,,y,,,,,
infoshtes_loc3add_s1_r1_e1,infoshtes_s1_r1_e1,,notes,Dirección:,,,,,,y,,y,,,,,
infoshtes_loc3phone_s1_r1_e1,infoshtes_s1_r1_e1,,text,"Número de teléfono:",,,phone,,,y,,y,,,,,
infoshtes_loc3rel_s1_r1_e1,infoshtes_s1_r1_e1,,text,Relación:,,,,,,,,y,,,,,
