"Variable / Field Name","Form Name","Section Header","Field Type","Field Label","Choices, Calculations, OR Slider Labels","Field Note","Text Validation Type OR Show Slider Number","Text Validation Min","Text Validation Max",Identifier?,"Branching Logic (Show field only if...)","Required Field?","Custom Alignment","Question Number (surveys only)","Matrix Group Name","Matrix Ranking?","Field Annotation"
initstatef_i1_s1_r1_e1,initstatef_s1_r1_e1,,radio,"How well do you think you will do on the activity?","1, Not well at all | 2,  | 3,  | 4, Very well",,,,,,,y,,,initstateffirst,,
initstatef_i2_s1_r1_e1,initstatef_s1_r1_e1,,radio,"How anxious or nervous are you right now?","1, Not at all | 2,  | 3,  | 4, Very much",,,,,,,y,,,initstatefmain,,
initstatef_i3_s1_r1_e1,initstatef_s1_r1_e1,,radio,"How calm and confident are you right now?","1, Not at all | 2,  | 3,  | 4, Very much",,,,,,,y,,,initstatefmain,,
initstatef_i4_s1_r1_e1,initstatef_s1_r1_e1,,radio,"How much are you worrying about being judged negatively?","1, Not at all | 2,  | 3,  | 4, Very much",,,,,,,y,,,initstatefmain,,
initstatef_i5_s1_r1_e1,initstatef_s1_r1_e1,,radio,"How much are you thinking about performing well?","1, Not at all | 2,  | 3,  | 4, Very much",,,,,,,y,,,initstatefmain,,
