"Variable / Field Name","Form Name","Section Header","Field Type","Field Label","Choices, Calculations, OR Slider Labels","Field Note","Text Validation Type OR Show Slider Number","Text Validation Min","Text Validation Max",Identifier?,"Branching Logic (Show field only if...)","Required Field?","Custom Alignment","Question Number (surveys only)","Matrix Group Name","Matrix Ranking?","Field Annotation"
sas2_i1_s1_r1_e1,sas2_s1_r1_e1,"Before or while I compete in sports:",radio,"It is hard to concentrate on the game","1, Not At All | 2, A Little Bit | 3, Pretty Much | 4, Very Much",,,,,,,y,,,sas2_groupa,,
sas2_i2_s1_r1_e1,sas2_s1_r1_e1,,radio,"My body feels tense","1, Not At All | 2, A Little Bit | 3, Pretty Much | 4, Very Much",,,,,,,y,,,sas2_groupa,,
sas2_i3_s1_r1_e1,sas2_s1_r1_e1,,radio,"I worry that I will not play well","1, Not At All | 2, A Little Bit | 3, Pretty Much | 4, Very Much",,,,,,,y,,,sas2_groupa,,
sas2_i4_s1_r1_e1,sas2_s1_r1_e1,,radio,"It is hard for me to focus on what I am supposed to do","1, Not At All | 2, A Little Bit | 3, Pretty Much | 4, Very Much",,,,,,,y,,,sas2_groupa,,
sas2_i5_s1_r1_e1,sas2_s1_r1_e1,,radio,"I worry that I will let others down","1, Not At All | 2, A Little Bit | 3, Pretty Much | 4, Very Much",,,,,,,y,,,sas2_groupa,,
sas2_i6_s1_r1_e1,sas2_s1_r1_e1,"Before or while I compete in sports:",radio,"I feel tense in my stomach","1, Not At All | 2, A Little Bit | 3, Pretty Much | 4, Very Much",,,,,,,y,,,sas2_groupb,,
sas2_i7_s1_r1_e1,sas2_s1_r1_e1,,radio,"I lose focus on the game","1, Not At All | 2, A Little Bit | 3, Pretty Much | 4, Very Much",,,,,,,y,,,sas2_groupb,,
sas2_i8_s1_r1_e1,sas2_s1_r1_e1,,radio,"I worry that I will not play my best","1, Not At All | 2, A Little Bit | 3, Pretty Much | 4, Very Much",,,,,,,y,,,sas2_groupb,,
sas2_i9_s1_r1_e1,sas2_s1_r1_e1,,radio,"I worry that I will play badly","1, Not At All | 2, A Little Bit | 3, Pretty Much | 4, Very Much",,,,,,,y,,,sas2_groupb,,
sas2_i10_s1_r1_e1,sas2_s1_r1_e1,,radio,"My muscles feel shaky","1, Not At All | 2, A Little Bit | 3, Pretty Much | 4, Very Much",,,,,,,y,,,sas2_groupb,,
sas2_i11_s1_r1_e1,sas2_s1_r1_e1,"Before or while I compete in sports:",radio,"I worry that I will mess up during the game","1, Not At All | 2, A Little Bit | 3, Pretty Much | 4, Very Much",,,,,,,y,,,sas2_groupc,,
sas2_i12_s1_r1_e1,sas2_s1_r1_e1,,radio,"My stomach feels upset","1, Not At All | 2, A Little Bit | 3, Pretty Much | 4, Very Much",,,,,,,y,,,sas2_groupc,,
sas2_i13_s1_r1_e1,sas2_s1_r1_e1,,radio,"I cannot think clearly during the game","1, Not At All | 2, A Little Bit | 3, Pretty Much | 4, Very Much",,,,,,,y,,,sas2_groupc,,
sas2_i14_s1_r1_e1,sas2_s1_r1_e1,,radio,"My muscles feel tight because I am nervous","1, Not At All | 2, A Little Bit | 3, Pretty Much | 4, Very Much",,,,,,,y,,,sas2_groupc,,
sas2_i15_s1_r1_e1,sas2_s1_r1_e1,,radio,"I have a hard time focusing on what my coach tells me to do","1, Not At All | 2, A Little Bit | 3, Pretty Much | 4, Very Much",,,,,,,y,,,sas2_groupc,,
