"Variable / Field Name","Form Name","Section Header","Field Type","Field Label","Choices, Calculations, OR Slider Labels","Field Note","Text Validation Type OR Show Slider Number","Text Validation Min","Text Validation Max",Identifier?,"Branching Logic (Show field only if...)","Required Field?","Custom Alignment","Question Number (surveys only)","Matrix Group Name","Matrix Ranking?","Field Annotation"
posttaskg_i1_s1_r1_e1,posttaskg_s1_r1_e1,,text,"How many mistakes do you think you made while reading out loud?",,,integer,,,,,y,,,,,
posttaskg_i2_s1_r1_e1,posttaskg_s1_r1_e1,,radio,"How well do you think you did reading out loud?","1, Not well at all | 2,  | 3,  | 4, Very well",,,,,,,y,,,posttaskffirst,,
posttaskg_i3_s1_r1_e1,posttaskg_s1_r1_e1,,radio,"How hard did you try?","1, Not at all | 2,  | 3,  | 4, Very much",,,,,,,y,,,posttaskfmain,,
posttaskg_i4_s1_r1_e1,posttaskg_s1_r1_e1,,radio,"How much did it bother you when you made a mistake?","1, Not at all | 2,  | 3,  | 4, Very much",,,,,,,y,,,posttaskfmain,,
posttaskg_i5_s1_r1_e1,posttaskg_s1_r1_e1,,radio,"How anxious or nervous were you while reading?","1, Not at all | 2,  | 3,  | 4, Very much",,,,,,,y,,,posttaskfmain,,
posttaskg_i6_s1_r1_e1,posttaskg_s1_r1_e1,,radio,"How calm and confident were you while reading?","1, Not at all | 2,  | 3,  | 4, Very much",,,,,,,y,,,posttaskfmain,,
posttaskg_i7_s1_r1_e1,posttaskg_s1_r1_e1,,radio,"How much did you worry about being judged negatively?","1, Not at all | 2,  | 3,  | 4, Very much",,,,,,,y,,,posttaskfmain,,
posttaskg_i8_s1_r1_e1,posttaskg_s1_r1_e1,,radio,"How much did you think about performing well?","1, Not at all | 2,  | 3,  | 4, Very much",,,,,,,y,,,posttaskfmain,,
posttaskg_i9_s1_r1_e1,posttaskg_s1_r1_e1,"How much did each of the following influence how well you did reading out loud?",radio,"Your own ability","1, Not at all | 2,  | 3,  | 4, Very much",,,,,,,y,,,posttaskfinfluence,,
posttaskg_i10_s1_r1_e1,posttaskg_s1_r1_e1,,radio,"Difficulty of the text","1, Not at all | 2,  | 3,  | 4, Very much",,,,,,,y,,,posttaskfinfluence,,
