"Variable / Field Name","Form Name","Section Header","Field Type","Field Label","Choices, Calculations, OR Slider Labels","Field Note","Text Validation Type OR Show Slider Number","Text Validation Min","Text Validation Max",Identifier?,"Branching Logic (Show field only if...)","Required Field?","Custom Alignment","Question Number (surveys only)","Matrix Group Name","Matrix Ranking?","Field Annotation"
thq_b_i1_s1_r1_e1,thq_b_s1_r1_e1,"Crime-Related Events",yesno,"<div class=""rich-text-field-label""><p>Has anyone ever tried to take something directly from you by using force or the threat of force, such as a stick-up or mugging?</p></div>",,,,,,,,,,,,,
thq_b_i1_age_s1_r1_e1,thq_b_s1_r1_e1,,text,"<div class=""rich-text-field-label""><p>Approximate age(s)</p></div>",,,,,,,"[thq_b_i1_s1_r1_e1] = '1'",,,,,,
thq_b_i2_s1_r1_e1,thq_b_s1_r1_e1,,yesno,"Has anyone ever attempted to rob you or actually robbed you (i.e., stolen your personal belongings)?",,,,,,,,,,,,,
thq_b_i2_age_s1_r1_e1,thq_b_s1_r1_e1,,text,"<div class=""rich-text-field-label""><p>Approximate age(s)</p></div>",,,,,,,"[thq_b_i2_s1_r1_e1] = '1'",,,,,,
thq_b_i3_s1_r1_e1,thq_b_s1_r1_e1,,yesno,"<div class=""rich-text-field-label""><p>Has anyone ever attempted to or succeeded in breaking into your home when you were <span style=""text-decoration: underline;"">not</span> there?</p></div>",,,,,,,,,,,,,
thq_b_i3_age_s1_r1_e1,thq_b_s1_r1_e1,,text,"<div class=""rich-text-field-label""><p>Approximate age(s)</p></div>",,,,,,,"[thq_b_i3_s1_r1_e1] = '1'",,,,,,
thq_b_i4_s1_r1_e1,thq_b_s1_r1_e1,,yesno,"<div class=""rich-text-field-label""><p>Has anyone ever attempted to or succeeded in breaking into your home while you <span style=""text-decoration: underline;"">were</span> there?</p></div>",,,,,,,,,,,,,
thq_b_i4_age_s1_r1_e1,thq_b_s1_r1_e1,,text,"<div class=""rich-text-field-label""><p>Approximate age(s)</p></div>",,,,,,,"[thq_b_i4_s1_r1_e1] = '1'",,,,,,
thq_b_i5_s1_r1_e1,thq_b_s1_r1_e1,"General Disaster and Trauma",yesno,"Have you ever had a serious accident at work, in a car, or somewhere else?",,,,,,,,,,,,,
thq_b_i5_age_s1_r1_e1,thq_b_s1_r1_e1,,text,"Approximate age(s)",,,,,,,"[thq_b_i5_s1_r1_e1] = '1'",,,,,,
thq_b_i6_s1_r1_e1,thq_b_s1_r1_e1,,yesno,"Have you ever experienced a natural disaster such as a tornado, hurricane, flood or major earthquake, etc., where you felt you or your loved ones were in danger of death or injury? ",,,,,,,,,,,,,
thq_b_i6_age_s1_r1_e1,thq_b_s1_r1_e1,,text,"Approximate age(s)",,,,,,,"[thq_b_i6_s1_r1_e1] = '1'",,,,,,
thq_b_i7_s1_r1_e1,thq_b_s1_r1_e1,,yesno,"Have you ever experienced a ""man-made"" disaster such as a train crash, building collapse, bank robbery, fire, etc., where you felt you or your loved ones were in danger of death or injury?",,,,,,,,,,,,,
thq_b_i7_age_s1_r1_e1,thq_b_s1_r1_e1,,text,"Approximate age(s)",,,,,,,"[thq_b_i7_s1_r1_e1] = '1'",,,,,,
thq_b_i8_s1_r1_e1,thq_b_s1_r1_e1,,yesno,"Have you ever been exposed to dangerous chemicals or radioactivity that might threaten your health?",,,,,,,,,,,,,
thq_b_i8_age_s1_r1_e1,thq_b_s1_r1_e1,,text,"Approximate age(s)",,,,,,,"[thq_b_i8_s1_r1_e1] = '1'",,,,,,
thq_b_i9_s1_r1_e1,thq_b_s1_r1_e1,,yesno,"Have you ever been in any other situation in which you were seriously injured?",,,,,,,,,,,,,
thq_b_i9_age_s1_r1_e1,thq_b_s1_r1_e1,,text,"Approximate age(s)",,,,,,,"[thq_b_i9_s1_r1_e1] = '1'",,,,,,
thq_b_i10_s1_r1_e1,thq_b_s1_r1_e1,,yesno,"<div class=""rich-text-field-label""><p>Have you ever been in any other situation in which you feared you <span style=""text-decoration: underline;"">might</span> be killed or seriously injured?</p></div>",,,,,,,,,,,,,
thq_b_i10_age_s1_r1_e1,thq_b_s1_r1_e1,,text,"Approximate age(s)",,,,,,,"[thq_b_i10_s1_r1_e1] = '1'",,,,,,
thq_b_i11_s1_r1_e1,thq_b_s1_r1_e1,,yesno,"Have you ever seen someone seriously injured or killed?",,,,,,,,,,,,,
thq_b_i11_age_s1_r1_e1,thq_b_s1_r1_e1,,text,"Approximate age(s)",,,,,,,"[thq_b_i11_s1_r1_e1] = '1'",,,,,,
thq_b_i12_s1_r1_e1,thq_b_s1_r1_e1,,yesno,"Have you ever seen dead bodies (other than at a funeral) or had to handle dead bodies for any reason?",,,,,,,,,,,,,
thq_b_i12_age_s1_r1_e1,thq_b_s1_r1_e1,,text,"Approximate age(s)",,,,,,,"[thq_b_i12_s1_r1_e1] = '1'",,,,,,
thq_b_i13_s1_r1_e1,thq_b_s1_r1_e1,,yesno,"Have you ever had a close friend or family member murdered, or killed by a drunk driver?",,,,,,,,,,,,,
thq_b_i13_age_s1_r1_e1,thq_b_s1_r1_e1,,text,"Approximate age(s)",,,,,,,"[thq_b_i13_s1_r1_e1] = '1'",,,,,,
thq_b_i14_s1_r1_e1,thq_b_s1_r1_e1,,yesno,"Have you ever had a spouse, romantic partner, or child die?",,,,,,,,,,,,,
thq_b_i14_age_s1_r1_e1,thq_b_s1_r1_e1,,text,"Approximate age(s)",,,,,,,"[thq_b_i14_s1_r1_e1] = '1'",,,,,,
thq_b_i15_s1_r1_e1,thq_b_s1_r1_e1,,yesno,"Have you ever had a serious or life-threatening illness?",,,,,,,,,,,,,
thq_b_i15_age_s1_r1_e1,thq_b_s1_r1_e1,,text,"Approximate age(s)",,,,,,,"[thq_b_i15_s1_r1_e1] = '1'",,,,,,
thq_b_i16_s1_r1_e1,thq_b_s1_r1_e1,,yesno,"Have you ever received news of a serious injury, life-threatening illness, or unexpected death of someone close to you?",,,,,,,,,,,,,
thq_b_i16_age_s1_r1_e1,thq_b_s1_r1_e1,,text,"Approximate age(s)",,,,,,,"[thq_b_i16_s1_r1_e1] = '1'",,,,,,
thq_b_i17_s1_r1_e1,thq_b_s1_r1_e1,,yesno,"Have you ever had to engage in combat while in military service in an official or unofficial war zone?",,,,,,,,,,,,,
thq_b_i17_age_s1_r1_e1,thq_b_s1_r1_e1,,text,"Approximate age(s)",,,,,,,"[thq_b_i17_s1_r1_e1] = '1'",,RH,,,,
thq_b_i18_s1_r1_e1,thq_b_s1_r1_e1,"Physical and Sexual Experiences",yesno,"Has anyone ever made you have intercourse or oral or anal sex against your will?",,,,,,,,,,,,,
thq_b_i18_age_s1_r1_e1,thq_b_s1_r1_e1,,text,"Approximate age(s)",,,,,,,"[thq_b_i18_s1_r1_e1] = '1'",,,,,,
thq_b_i19_s1_r1_e1,thq_b_s1_r1_e1,,yesno,"Has anyone ever touched private parts of your body, or made you touch theirs, under force or threat?",,,,,,,,,,,,,
thq_b_i19_age_s1_r1_e1,thq_b_s1_r1_e1,,text,"Approximate age(s)",,,,,,,"[thq_b_i19_s1_r1_e1] = '1'",,,,,,
thq_b_i20_s1_r1_e1,thq_b_s1_r1_e1,,yesno,"Other than incidents mentioned in the previous two questions, have there been any other situations in which another person tried to force you to have an unwanted sexual contact?",,,,,,,,,,,,,
thq_b_i20_age_s1_r1_e1,thq_b_s1_r1_e1,,text,"Approximate age(s)",,,,,,,"[thq_b_i20_s1_r1_e1] = '1'",,,,,,
thq_b_i21_s1_r1_e1,thq_b_s1_r1_e1,,yesno,"Has anyone, including family members or friends, ever attacked you with a gun, knife, or some other weapon?",,,,,,,,,,,,,
thq_b_i21_age_s1_r1_e1,thq_b_s1_r1_e1,,text,"Approximate age(s)",,,,,,,"[thq_b_i21_s1_r1_e1] = '1'",,,,,,
thq_b_i22_s1_r1_e1,thq_b_s1_r1_e1,,yesno,"<div class=""rich-text-field-label""><p>Has anyone, including family members or friends, ever attacked you <span style=""text-decoration: underline;"">without</span> a weapon and seriously injured you?</p></div>",,,,,,,,,,,,,
thq_b_i22_age_s1_r1_e1,thq_b_s1_r1_e1,,text,"Approximate age(s)",,,,,,,"[thq_b_i22_s1_r1_e1] = '1'",,,,,,
thq_b_i23_s1_r1_e1,thq_b_s1_r1_e1,,yesno,"Has anyone in your family ever beaten, spanked, or pushed you hard enough to cause injury?",,,,,,,,,,,,,
thq_b_i23_age_s1_r1_e1,thq_b_s1_r1_e1,,text,"Approximate age(s)",,,,,,,"[thq_b_i23_s1_r1_e1] = '1'",,,,,,
thq_b_i24_s1_r1_e1,thq_b_s1_r1_e1,,yesno,"Have you experienced any other extraordinarily stressful situation or event that is not covered above?",,,,,,,,,,,,,
thq_b_i24_age_s1_r1_e1,thq_b_s1_r1_e1,,text,"Approximate age(s)",,,,,,,"[thq_b_i24_s1_r1_e1] = '1'",,,,,,
