﻿"Variable / Field Name","Form Name","Section Header","Field Type","Field Label","Choices, Calculations, OR Slider Labels","Field Note","Text Validation Type OR Show Slider Number","Text Validation Min","Text Validation Max",Identifier?,"Branching Logic (Show field only if...)","Required Field?","Custom Alignment","Question Number (surveys only)","Matrix Group Name","Matrix Ranking?","Field Annotation"
infosht_name_s1_r1_e1,infosht_s1_r1_e1,"Child's Information",descriptive,"<div class=""rich-text-field-label""><table style=""border-collapse: collapse; width: 100%; border-style: hidden;"" border=""1""> <tbody> <tr> <td style=""width: 23.4088%;"">Child's Name</td> <td style=""width: 23.4088%; border-style: hidden;""> <p>First:</p> <p>{infosht_fname_s1_r1_e1}</p> </td> <td style=""width: 23.4088%;""> <p>Middle:</p> <p>{infosht_mname_s1_r1_e1}</p> </td> <td style=""width: 23.4088%; border-style: hidden;""> <p>Last:</p> <p>{infosht_lname_s1_r1_e1}</p> </td> </tr> </tbody> </table></div>",,,,,,,,,,,,,
infosht_fname_s1_r1_e1,infosht_s1_r1_e1,,text,"Child's First Name:",,,,,,y,,y,,,,,
infosht_mname_s1_r1_e1,infosht_s1_r1_e1,,text,"Child's Middle Name:",,,,,,y,,y,,,,,
infosht_lname_s1_r1_e1,infosht_s1_r1_e1,,text,"Child's Last Name:",,,,,,y,,y,,,,,
infosht_contact_s1_r1_e1,infosht_s1_r1_e1,,descriptive,"<div class=""rich-text-field-label""><table style=""border-collapse: collapse; width: 100%;"" border=""1""> <tbody> <tr> <td style=""width: 48.3734%; border-style: hidden;"">Is it ok to contact the child by cell phone?</td> <td style=""width: 48.3734%; border-style: hidden;"">{infosht_cellok_s1_r1_e1}</td> </tr> <tr> <td style=""width: 48.3734%; border-style: hidden;"">Is it ok to contact the child by e-mail?</td> <td style=""width: 48.3734%; border-style: hidden;"">{infosht_emailok_s1_r1_e1}</td> </tr> </tbody> </table></div>",,,,,,,,,,,,,
infosht_cellok_s1_r1_e1,infosht_s1_r1_e1,,radio,"Is it ok to contact the child by cell phone?","1, Yes {infosht_cellph_s1_r1_e1} | 0, No",,,,,,,y,,,,,
infosht_cellph_s1_r1_e1,infosht_s1_r1_e1,,text,"Child's Cell Phone:",,,phone,,,,"[infosht_cellok_s1_r1_e1] = '1'",,,,,," @PLACEHOLDER=""Child's Cell Phone"""
infosht_emailok_s1_r1_e1,infosht_s1_r1_e1,,radio,"Is it ok to contact the child by e-mail?","1, Yes {infosht_email_s1_r1_e1} | 0, No",,,,,,,y,,,,,
infosht_email_s1_r1_e1,infosht_s1_r1_e1,,text,"Child's E-mail Address:",,,email,,,,"[infosht_emailok_s1_r1_e1] = '1'",,,,,," @PLACEHOLDER=""Child's E-mail Address"""
infosht_birthinfo_s1_r1_e1,infosht_s1_r1_e1,,descriptive,"<div class=""rich-text-field-label""><table style=""border-collapse: collapse; width: 100%;"" border=""1""> <tbody> <tr> <td style=""width: 48.3734%; border-style: hidden;"">Child's Date of Birth:</td> <td style=""width: 48.3734%; border-style: hidden;"">{infosht_dob_s1_r1_e1}</td> </tr> <tr> <td style=""width: 48.3734%; border-style: hidden;"">Child's City of Birth:</td> <td style=""width: 48.3734%; border-style: hidden;"">{infosht_pob_s1_r1_e1}</td> </tr> </tbody> </table></div>",,,,,,,,,,,,,
infosht_dob_s1_r1_e1,infosht_s1_r1_e1,,text,"Child's Date of Birth:",,,date_mdy,,,y,,y,,,,,
infosht_pob_s1_r1_e1,infosht_s1_r1_e1,,text,"Child's City of Birth:",,,,,,,,y,,,,,
infosht_twoadd_s1_r1_e1,infosht_s1_r1_e1,,radio,"Does the child have more than one home address?","1, Yes | 0, No",,,,,,,y,,,,,
infosht_add1_s1_r1_e1,infosht_s1_r1_e1,,descriptive,"<table style=""border-collapse: collapse; width: 100%; border-style: hidden; height: 72px;"" border=""1""> <tbody> <tr style=""height: 72px;""> <td style=""width: 20%; border-style: hidden; height: 72px;"">Child's Primary Home Address</td> <td style=""width: 20%; border-style: hidden; height: 72px;""> <p>Street Address:</p> <p>{infosht_street1_s1_r1_e1}</p> </td> <td style=""width: 20%; border-style: hidden; height: 72px;""> <p>City:</p> <p>{infosht_city1_s1_r1_e1}</p> </td> <td style=""width: 20%; border-style: hidden; height: 72px;""> <p>State:</p> <p>{infosht_state1_s1_r1_e1}</p> </td> <td style=""width: 20%; border-style: hidden; height: 72px;""> <p>Zip Code:</p> <p>{infosht_zip1_s1_r1_e1}</p> </td> </tr> </tbody> </table> <table style=""border-collapse: collapse; width: 100%; border-style: hidden;"" border=""1""> <tbody> <tr> <td style=""width: 48.3734%; border-style: hidden;"">How many years has the child lived at the Primary Home Address?</td> <td style=""width: 48.3734%; border-style: hidden;""> <p>{infosht_add1time_s1_r1_e1}</p> <p><h6 style=""font-size: 7.5pt;""><span style=""color: #0e0e79;"">(Number of years.)</span></h6></p> </td> </tr> </tbody> </table>",,,,,,,,,,,,,
infosht_street1_s1_r1_e1,infosht_s1_r1_e1,,text,"Child's Primary Home Address (Street Address):",,,,,,y,,y,,,,,
infosht_city1_s1_r1_e1,infosht_s1_r1_e1,,text,"Child's Primary Home Address (City):",,,,,,,,y,,,,,
infosht_state1_s1_r1_e1,infosht_s1_r1_e1,,text,"Child's Primary Home Address (State):",,,,,,,,y,,,,,
infosht_zip1_s1_r1_e1,infosht_s1_r1_e1,,text,"Child's Primary Home Address (Zip Code):",,,zipcode,,,,,y,,,,,
infosht_add1time_s1_r1_e1,infosht_s1_r1_e1,,text,"How many years has the child lived at the Primary Home Address?",,"(Number of years.)",number,0,18,,,y,,,,,
infosht_add2_s1_r1_e1,infosht_s1_r1_e1,,descriptive,"<div class=""rich-text-field-label""><table style=""border-collapse: collapse; width: 100%; border-style: hidden;"" border=""1""> <tbody> <tr> <td style=""width: 20%; border-style: hidden;"">Child's Secondary Home Address</td> <td style=""width: 20%; border-style: hidden;""> <p>Street Address:</p> <p>{infosht_street2_s1_r1_e1}</p> </td> <td style=""width: 20%; border-style: hidden;""> <p>City:</p> <p>{infosht_city2_s1_r1_e1}</p> </td> <td style=""width: 20%; border-style: hidden;""> <p>State:</p> <p>{infosht_state2_s1_r1_e1}</p> </td> <td style=""width: 20%; border-style: hidden;""> <p>Zip Code:</p> <p>{infosht_zip2_s1_r1_e1}</p> </td> </tr> </tbody> </table> <table style=""border-collapse: collapse; width: 100%; border-style: hidden;"" border=""1""> <tbody> <tr> <td style=""width: 48.3734%; border-style: hidden;"">How many years has the child lived at the Secondary Home Address?</td> <td style=""width: 48.3734%; border-style: hidden;""> <p>{infosht_add2time_s1_r1_e1}</p> <h6 style=""font-size: 7.5pt;""><span style=""color: #0e0e79;"">(Number of years.)</span></h6> </td> </tr> </tbody> </table></div>",,,,,,,"[infosht_twoadd_s1_r1_e1] = '1'",,,,,,
infosht_street2_s1_r1_e1,infosht_s1_r1_e1,,text,"Child's Secondary Home Address (Street Address):",,,,,,y,"[infosht_twoadd_s1_r1_e1] = '1'",,,,,,
infosht_city2_s1_r1_e1,infosht_s1_r1_e1,,text,"Child's Secondary Home Address (City):",,,,,,,"[infosht_twoadd_s1_r1_e1] = '1'",,,,,,
infosht_state2_s1_r1_e1,infosht_s1_r1_e1,,text,"Child's Secondary Home Address (State):",,,,,,,"[infosht_twoadd_s1_r1_e1] = '1'",,,,,,
infosht_zip2_s1_r1_e1,infosht_s1_r1_e1,,text,"Child's Secondary Home Address (Zip Code):",,,zipcode,,,,"[infosht_twoadd_s1_r1_e1] = '1'",,,,,,
infosht_add2time_s1_r1_e1,infosht_s1_r1_e1,,text,"How many years has the child lived at the Secondary Home Address?",,"(Number of years.)",number,0,18,,"[infosht_twoadd_s1_r1_e1] = '1'",,,,,,
infosht_schlinfo_s1_r1_e1,infosht_s1_r1_e1,,descriptive,"<table style=""border-collapse: collapse; width: 100%;"" border=""1""> <tbody> <tr> <td style=""width: 48.3734%; border-style: hidden;"">Name and Address of Child's School:</td> <td style=""width: 48.3734%; border-style: hidden;"">{infosht_school_s1_r1_e1}</td> </tr> <tr> <td style=""width: 48.3734%; border-style: hidden;"">How many years has the child attended this school?</td> <td style=""width: 48.3734%; border-style: hidden;""> <p>{infosht_schltime_s1_r1_e1}</p> <p><h6 style=""font-size: 7.5pt;""><span style=""color: #0e0e79;"">(Number of years.)</span></h6></p> </td> </tr> </tbody> </table>",,,,,,,,,,,,,
infosht_school_s1_r1_e1,infosht_s1_r1_e1,,notes,"Name and Address of Child's School:",,"(If summer now, list school for grade most recently completed.)",,,,,,y,,,,,
infosht_schltime_s1_r1_e1,infosht_s1_r1_e1,,text,"How many years has the child attended this school?",,"(Number of years.)",number,0,18,,,y,,,,,
infosht_p1info_s1_r1_e1,infosht_s1_r1_e1,"Your Information (Parent/Guardian Completing This Form)",descriptive,"<div class=""rich-text-field-label""><table style=""border-collapse: collapse; width: 100%; border-style: hidden;"" border=""1""> <tbody> <tr> <td style=""width: 23.4088%; border-style: hidden;"">Your Information:</td> <td style=""width: 23.4088%; border-style: hidden;""> <p>First Name:</p> <p>{infosht_p1fname_s1_r1_e1}</p> </td> <td style=""width: 23.4088%; border-style: hidden;""> <p>Last Name:</p> <p>{infosht_p1lname_s1_r1_e1}</p> </td> <td style=""width: 23.4088%; border-style: hidden;""> <p>Email:</p> <p>{infosht_p1email_s1_r1_e1}</p> </td> </tr> <tr> <td style=""width: 23.4088%; border-style: hidden;""> </td> <td style=""width: 23.4088%; border-style: hidden;""> <p>Home Phone:</p> <p>{infosht_p1phone_s1_r1_e1}</p> </td> <td style=""width: 23.4088%; border-style: hidden;""> <p>Cell Phone:</p> <p>{infosht_p1cell_s1_r1_e1}</p> </td> <td style=""width: 23.4088%; border-style: hidden;""> <p>Work Phone:</p> <p>{infosht_p1work_s1_r1_e1}</p> </td> </tr> </tbody> </table></div>",,,,,,,,,,,,,
infosht_p1fname_s1_r1_e1,infosht_s1_r1_e1,,text,"First Name:",,,,,,y,,y,,,,,
infosht_p1lname_s1_r1_e1,infosht_s1_r1_e1,,text,"Last Name:",,,,,,y,,y,,,,,
infosht_p1phone_s1_r1_e1,infosht_s1_r1_e1,,text,"Home Phone:",,,phone,,,y,,y,,,,,
infosht_p1cell_s1_r1_e1,infosht_s1_r1_e1,,text,"Cell Phone:",,,phone,,,y,,,,,,,
infosht_p1work_s1_r1_e1,infosht_s1_r1_e1,,text,"Work Phone:",,,phone,,,y,,,,,,,
infosht_p1email_s1_r1_e1,infosht_s1_r1_e1,,text,Email:,,,email,,,y,,y,,,,,
infosht_p1rel_s1_r1_e1,infosht_s1_r1_e1,,radio,"What is your relationship to the child?","0, biological mother | 1, biological father | 2, adoptive mother | 3, adoptive father | 4, step-mother | 5, step-father | 6, foster parent | 7, other","If other, please specify: {infosht_p1reloth_s1_r1_e1}",,,,,,y,,,,,
infosht_p1reloth_s1_r1_e1,infosht_s1_r1_e1,,text,"Please specify:",,,,,,,"[infosht_p1rel_s1_r1_e1] = '7'",,,,,,
infosht_p1ftlive_s1_r1_e1,infosht_s1_r1_e1,,radio,"Does the child live with you full-time?","1, Yes | 0, No",,,,,,,y,,,,,
infosht_p1contact_s1_r1_e1,infosht_s1_r1_e1,,radio,"What is the frequency of contact between you and the child?","0, no contact | 1, 1-2 days per month | 2, 3-4 days per month | 3, 5-9 days per month | 4, 10 or more days per month | 5, not on a regular basis (e.g. vacations only or one time per year)","If not on a regular bases, how many days per year? {infosht_p1nonreg_s1_r1_e1}",,,,,"[infosht_p1ftlive_s1_r1_e1] = '0'",,,,,,
infosht_p1nonreg_s1_r1_e1,infosht_s1_r1_e1,,text,"How many days per year?",,,integer,1,365,,[infosht_p1contact_s1_r1_e1]=5,,,,,,
infosht_p2exist_s1_r1_e1,infosht_s1_r1_e1,,radio,"Does the child have a second parent/guardian?","1, Yes | 0, No",,,,,,,y,,,,,
infosht_p2cntctok_s1_r1_e1,infosht_s1_r1_e1,,radio,"Is it ok to contact this person about the child?","1, Yes | 0, No",,,,,,"[infosht_p2exist_s1_r1_e1] = '1'",,,,,,
infosht_p2info_s1_r1_e1,infosht_s1_r1_e1,"Information on Parent/Guardian 2",descriptive,"<div class=""rich-text-field-label""><table style=""border-collapse: collapse; width: 100%; border-style: hidden;"" border=""1""> <tbody> <tr> <td style=""width: 23.4088%; border-style: hidden;"">Parent/Guardian 2 Information:</td> <td style=""border-style: hidden; width: 46.8176%;"" colspan=""2""> <p>Full Name:</p> <p>{infosht_p2name_s1_r1_e1}</p> </td> <td style=""width: 23.4088%; border-style: hidden;""> <p>Email:</p> <p>{infosht_p2email_s1_r1_e1}</p> </td> </tr> <tr> <td style=""width: 23.4088%; border-style: hidden;""> </td> <td style=""width: 23.4088%; border-style: hidden;""> <p>Home Phone:</p> <p>{infosht_p2phone_s1_r1_e1}</p> </td> <td style=""width: 23.4088%; border-style: hidden;""> <p>Cell Phone:</p> <p>{infosht_p2cell_s1_r1_e1}</p> </td> <td style=""width: 23.4088%; border-style: hidden;""> <p>Work Phone:</p> <p>{infosht_p2work_s1_r1_e1}</p> </td> </tr> </tbody> </table></div>",,,,,,,"[infosht_p2exist_s1_r1_e1] = '1'",,,,,,
infosht_p2name_s1_r1_e1,infosht_s1_r1_e1,,text,"Parent/Guardian 2, Full Name:",,,,,,y,"[infosht_p2exist_s1_r1_e1] = '1'",,,,,,
infosht_p2phone_s1_r1_e1,infosht_s1_r1_e1,,text,"Parent/Guardian 2, Home Phone:",,,phone,,,y,"[infosht_p2cntctok_s1_r1_e1] = '1'",,,,,,
infosht_p2cell_s1_r1_e1,infosht_s1_r1_e1,,text,"Parent/Guardian 2, Cell Phone:",,,phone,,,y,"[infosht_p2cntctok_s1_r1_e1] = '1'",,,,,,
infosht_p2work_s1_r1_e1,infosht_s1_r1_e1,,text,"Parent/Guardian 2, Work Phone:",,,phone,,,y,"[infosht_p2cntctok_s1_r1_e1] = '1'",,,,,,
infosht_p2email_s1_r1_e1,infosht_s1_r1_e1,,text,"Parent/Guardian 2, Email:",,,email,,,y,"[infosht_p2cntctok_s1_r1_e1] = '1'",,,,,,
infosht_p2rel_s1_r1_e1,infosht_s1_r1_e1,,radio,"What is the relationship of Parent/Guardian 2 to the child?","0, biological mother | 1, biological father | 2, adoptive mother | 3, adoptive father | 4, step-mother | 5, step-father | 6, foster parent | 7, other","If other, please specify: {infosht_p2reloth_s1_r1_e1}",,,,,"[infosht_p2exist_s1_r1_e1] = '1'",,,,,,
infosht_p2reloth_s1_r1_e1,infosht_s1_r1_e1,,text,"Please specify:",,,,,,,"[infosht_p2rel_s1_r1_e1] = '7'",,,,,,
infosht_p2ftlive_s1_r1_e1,infosht_s1_r1_e1,,yesno,"Does the child live full-time with Parent/Guardian 2?",,,,,,,"[infosht_p2exist_s1_r1_e1] = '1'",,,,,,
infosht_p2contact_s1_r1_e1,infosht_s1_r1_e1,,radio,"What is the frequency of contact between the child and Parent/Guardian 2?","0, no contact | 1, 1-2 days per month | 2, 3-4 days per month | 3, 5-9 days per month | 4, 10 or more days per month | 5, not on a regular basis (e.g. vacations only or one time per year)","If not on a regular bases, how many days per year? {infosht_p2nonreg_s1_r1_e1}",,,,,"[infosht_p2ftlive_s1_r1_e1] = '0'",,,,,,
infosht_p2nonreg_s1_r1_e1,infosht_s1_r1_e1,,text,"How many days per year?",,,integer,1,365,,[infosht_p2contact_s1_r1_e1]=5,,,,,,
infosht_loc1info_s1_r1_e1,infosht_s1_r1_e1,"Client Locator Form

Please give us the name, address, and phone number of three individuals who will be able to contact you, in the event that you move, if we are unable to locate you for your participation in any follow-up appointments. This person does not necessarily have to live in this area. We will not share any confidential information, only that you were at FIU for research purposes.",descriptive,"<div class=""rich-text-field-label""><table style=""border-collapse: collapse; width: 100%; height: 198px;"" border=""1""> <tbody> <tr style=""height: 66px;""> <td style=""width: 36.4922%; border-style: hidden; height: 132px;"" rowspan=""2"">Person 1</td> <td style=""width: 31.7296%; border-style: hidden; height: 66px;""> <p>Name:</p> <p>{infosht_loc1name_s1_r1_e1}</p> </td> <td style=""border-style: hidden; height: 198px; width: 31.8246%;"" rowspan=""3""> <p>Address:</p> <p>{infosht_loc1add_s1_r1_e1}</p> </td> </tr> <tr style=""height: 66px;""> <td style=""width: 31.7296%; border-style: hidden; height: 66px;""> <p>Phone Number:</p> <p>{infosht_loc1phone_s1_r1_e1}</p> </td> </tr> <tr style=""height: 66px;""> <td style=""width: 36.4922%; border-style: hidden; height: 66px;""> </td> <td style=""width: 31.7296%; border-style: hidden; height: 66px;""> <p>Relationship:</p> <p>{infosht_loc1rel_s1_r1_e1}</p> </td> </tr> </tbody> </table></div>",,,,,,,,,,,,,
infosht_loc1name_s1_r1_e1,infosht_s1_r1_e1,,text,"1. Name of Person:",,,,,,y,,y,,,,,
infosht_loc1add_s1_r1_e1,infosht_s1_r1_e1,,notes,Address:,,,,,,y,,y,,,,,
infosht_loc1phone_s1_r1_e1,infosht_s1_r1_e1,,text,"Phone Number:",,,phone,,,y,,y,,,,,
infosht_loc1rel_s1_r1_e1,infosht_s1_r1_e1,,text,Relationship:,,,,,,,,y,,,,,
infosht_loc2info_s1_r1_e1,infosht_s1_r1_e1,,descriptive,"<div class=""rich-text-field-label""><table style=""border-collapse: collapse; width: 100%;"" border=""1""> <tbody> <tr> <td style=""width: 36.4922%; border-style: hidden;"" rowspan=""2"">Person 2</td> <td style=""width: 31.7296%; border-style: hidden;""> <p>Name:</p> <p>{infosht_loc2name_s1_r1_e1}</p> </td> <td style=""border-style: hidden; width: 31.8246%;"" rowspan=""3""> <p>Address:</p> <p>{infosht_loc2add_s1_r1_e1}</p> </td> </tr> <tr> <td style=""width: 31.7296%; border-style: hidden;""> <p>Phone Number:</p> <p>{infosht_loc2phone_s1_r1_e1}</p> </td> </tr> <tr> <td style=""width: 36.4922%; border-style: hidden;""> </td> <td style=""width: 31.7296%; border-style: hidden;""> <p>Relationship:</p> <p>{infosht_loc2rel_s1_r1_e1}</p> </td> </tr> </tbody> </table></div>",,,,,,,,,,,,,
infosht_loc2name_s1_r1_e1,infosht_s1_r1_e1,,text,"2. Name of Person:",,,,,,y,,y,,,,,
infosht_loc2add_s1_r1_e1,infosht_s1_r1_e1,,notes,Address:,,,,,,y,,y,,,,,
infosht_loc2phone_s1_r1_e1,infosht_s1_r1_e1,,text,"Phone Number:",,,phone,,,y,,y,,,,,
infosht_loc2rel_s1_r1_e1,infosht_s1_r1_e1,,text,Relationship:,,,,,,,,y,,,,,
infosht_loc2info_s1_r1_e2,infosht_s1_r1_e1,,descriptive,"<div class=""rich-text-field-label""><table style=""border-collapse: collapse; width: 100%; height: 132px;"" border=""1""> <tbody> <tr style=""height: 66px;""> <td style=""width: 36.4922%; border-style: hidden; height: 132px;"" rowspan=""2"">Person 3</td> <td style=""width: 31.7296%; border-style: hidden; height: 66px;""> <p>Name:</p> <p>{infosht_loc3name_s1_r1_e1}</p> </td> <td style=""border-style: hidden; height: 66px; width: 31.8246%;"" rowspan=""3""> <p>Address:</p> <p>{infosht_loc3add_s1_r1_e1}</p> </td> </tr> <tr style=""height: 66px;""> <td style=""width: 31.7296%; border-style: hidden; height: 66px;""> <p>Phone Number:</p> <p>{infosht_loc3phone_s1_r1_e1}</p> </td> </tr> <tr> <td style=""width: 36.4922%; border-style: hidden;""> </td> <td style=""width: 31.7296%; border-style: hidden;""> <p>Relationship:</p> <p>{infosht_loc3rel_s1_r1_e1}</p> </td> </tr> </tbody> </table></div>",,,,,,,,,,,,,
infosht_loc3name_s1_r1_e1,infosht_s1_r1_e1,,text,"3. Name of Person:",,,,,,y,,y,,,,,
infosht_loc3add_s1_r1_e1,infosht_s1_r1_e1,,notes,Address:,,,,,,y,,y,,,,,
infosht_loc3phone_s1_r1_e1,infosht_s1_r1_e1,,text,"Phone Number:",,,phone,,,y,,y,,,,,
infosht_loc3rel_s1_r1_e1,infosht_s1_r1_e1,,text,Relationship:,,,,,,,,y,,,,,
