﻿"Variable / Field Name","Form Name","Section Header","Field Type","Field Label","Choices, Calculations, OR Slider Labels","Field Note","Text Validation Type OR Show Slider Number","Text Validation Min","Text Validation Max",Identifier?,"Branching Logic (Show field only if...)","Required Field?","Custom Alignment","Question Number (surveys only)","Matrix Group Name","Matrix Ranking?","Field Annotation"
demo_d_respondent_s1_r1_e1,demo_d_s1_r1_e1,"Questions About You",dropdown,"You are the:","1, Child's Biological Parent | 2, Child's Adoptive Parent | 3, Child's Custodial Parent | 4, Other",,,,,,,y,,,,,
demo_d_dobp_s1_r1_e1,demo_d_s1_r1_e1,,text,"What is your date of birth?",,,date_ymd,,,y,,y,,,,,
demo_d_sexbirthp_s1_r1_e1,demo_d_s1_r1_e1,,dropdown,"What sex were you assigned at birth, on the original birth certificate?","1, Male | 2, Female | 3, Intersex-Male | 4, Intersex-Female | 999, Don't know",,,,,,,y,,,,,
demo_d_genidp_s1_r1_e1,demo_d_s1_r1_e1,,dropdown,"What is your current gender identity?","1, Male | 2, Female | 3, Trans male | 4, Trans female | 5, Gender queer | 6, Other | 999, Don't know","If Other, please specify: {demo_d_genidpoth_s1_r1_e1}",,,,,,y,,,,,
demo_d_genidpoth_s1_r1_e1,demo_d_s1_r1_e1,,text,"If Other, please specify:",,,,,,,"[demo_d_genidp_s1_r1_e1] = '6'",y,,,,,
demo_d_racep_s1_r1_e1,demo_d_s1_r1_e1,,checkbox,"What race do you consider yourself to be? Please check all that apply.","10, White | 11, Black/African American | 12, American Indian, Native American | 13, Alaska Native | 14, Native Hawaiian | 15, Guamanian | 16, Samoan | 17, Other Pacific Islander | 18, Asian Indian | 19, Chinese | 20, Filipino | 21, Japanese | 22, Korean | 23, Vietnamese | 24, Other Asian | 25, Other Race | 999, Don't Know","If Other, please specify: {demo_d_raceothp_s1_r1_e1}",,,,,,y,,,,," @NONEOFTHEABOVE='999'"
demo_d_raceothp_s1_r1_e1,demo_d_s1_r1_e1,,text,"If Other, please specify:",,,,,,,"[demo_d_racep_s1_r1_e1(17)] = '1' or [demo_d_racep_s1_r1_e1(24)] = '1' or [demo_d_racep_s1_r1_e1(25)] = '1'",y,,,,,
demo_d_latinxp_s1_r1_e1,demo_d_s1_r1_e1,,dropdown,"Do you consider yourself Hispanic/Latino/Latina?","1, Yes | 0, No | 999, Don't know",,,,,,,y,,,,,
demo_d_latgroupp_s1_r1_e1,demo_d_s1_r1_e1,,dropdown,"Please choose the group that best represents your Hispanic origin or ancestry.","10, Puerto Rican | 12, Dominican (Republic) | 13, Mexican | 18, Cuban | 20, Central American | 21, South American | 40, Other Latin American | 41, Other Hispanic | 999, Don't know",,,,,,"[demo_d_latinxp_s1_r1_e1] = '1'",y,,,,,
demo_d_brthcntryp_s1_r1_e1,demo_d_s1_r1_e1,,dropdown,"In which country were you born?","189, USA (United States of America - including territories such as Puerto Rico | 1, Afghanistan | 2, Albania | 3, Algeria | 4, Andorra | 5, Angola | 6, Antigua and Barbuda | 198, Argentina | 8, Armenia | 9, Australia | 10, Austria | 11, Azerbaijan | 12, Bahamas | 13, Bahrain | 14, Bangladesh | 15, Barbados | 16, Belarus | 17, Belgium | 18, Belize | 19, Benin | 20, Bhutan | 21, Bolivia | 22, Bosnia and Herzegovina | 23, Botswana | 24, Brazil | 25, Brunei | 26, Bulgaria | 27, Burkina Faso | 28, Burundi | 29, Cabo Verde | 30, Cambodia | 31, Cameroon | 32, Canada | 33, Central African Republic | 34, Chad | 35, Chile | 36, China | 37, Colombia | 38, Comoros | 39, Congo (Brazzaville) | 40, Congo (Kinshasa) | 41, Costa Rica | 42, Cote dIvoire | 43, Croatia | 44, Cuba | 45, Cyprus | 46, Czech Republic | 47, Denmark | 48, Djibouti | 49, Dominica | 50, Dominican Republic | 51, Ecuador | 52, Egypt | 53, El Salvador | 54, Equatorial Guinea | 55, Eritrea | 56, Estonia | 57, Ethiopia | 58, Fiji | 59, Finland | 60, France | 61, Gabon | 62, Gambia | 63, Georgia | 64, Germany | 65, Ghana | 66, Greece | 67, Grenada | 68, Guatemala | 69, Guinea | 70, Guinea-Bissau | 71, Guyana | 72, Haiti | 73, Honduras | 74, Hungary | 75, Iceland | 76, India | 77, Indonesia | 78, Iran | 79, Iraq | 80, Ireland | 81, Israel | 82, Italy | 83, Jamaica | 84, Japan | 85, Jordan | 86, Kazakhstan | 87, Kenya | 88, Kiribati | 89, Kosovo | 90, Kuwait | 91, Kyrgyzstan | 92, Laos | 93, Latvia | 94, Lebanon | 95, Lesotho | 96, Liberia | 97, Libya | 98, Liechtenstein | 99, Lithuania | 100, Luxembourg | 101, Macedonia | 102, Madagascar | 103, Malawi | 104, Malaysia | 105, Maldives | 106, Mali | 107, Malta | 108, Marshall Islands | 109, Mauritania | 110, Mauritius | 111, Mexico | 112, Micronesia | 113, Moldova | 114, Monaco | 115, Mongolia | 116, Montenegro | 117, Morocco | 118, Mozambique | 119, Myanmar (Burma) | 120, Namibia | 121, Nauru | 122, Nepal | 123, Netherlands | 124, New Zealand | 125, Nicaragua | 126, Niger | 127, Nigeria | 128, North Korea | 129, Norway | 130, Oman | 131, Pakistan | 132, Palau | 133, Palestine | 134, Panama | 135, Papua New Guinea | 136, Paraguay | 137, Peru | 138, Philippines | 139, Poland | 140, Portugal | 141, Qatar | 142, Romania | 143, Russia | 144, Rwanda | 145, Samoa | 146, San Marino | 147, Sao Tome and Principe | 148, Saudi Arabia | 149, Senegal | 150, Serbia | 151, Seychelles | 152, Sierra Leone | 153, Singapore | 154, Slovakia | 155, Slovenia | 156, Solomon Islands | 157, Somalia | 158, South Africa | 159, South Korea | 160, South Sudan | 161, Spain | 162, Sri Lanka | 163, St. Kitts and Nevis | 164, St. Lucia | 165, St. Vincent and The Grenadines | 166, Sudan | 167, Suriname | 168, Swaziland | 169, Sweden | 170, Switzerland | 171, Syria | 172, Taiwan | 173, Tajikistan | 174, Tanzania | 175, Thailand | 176, Timor-Leste | 177, Togo | 178, Tonga | 179, Trinidad and Tobago | 180, Tunisia | 181, Turkey | 182, Turkmenistan | 183, Tuvalu | 184, Uganda | 185, UK (United Kingdom) | 186, Ukraine | 187, United Arab Emirates | 188, Uruguay | 190, Uzbekistan | 191, Vanuatu | 192, Vatican City (Holy See) | 193, Venezuela | 194, Vietnam | 195, Yemen | 196, Zambia | 197, Zimbabwe | 999, Don't know",,,,,,,y,,,,,
demo_d_yrsusp_embed,demo_d_s1_r1_e1,,descriptive,"<div class=""rich-text-field-label""><table style=""border-collapse: collapse; width: 100%; border-style: hidden;"" border=""1""> <tbody> <tr> <td style=""width: 48.3734%; border-style: hidden;"">How many years have you lived in the United States?</td> <td style=""width: 48.3734%; border-style: hidden;""> <p>{demo_d_yrsusp_s1_r1_e1}</p> <h6 style=""font-size: 7.5pt;""><span style=""color: #0e0e79;"">(Number of years.)</span></h6> <p>{demo_d_yrsuspdk_s1_r1_e1}</p> </td> </tr> </tbody> </table></div>",,,,,,,"[demo_d_brthcntryp_s1_r1_e1] <> '189'",,,,,,
demo_d_yrsusp_s1_r1_e1,demo_d_s1_r1_e1,,text,"How many years have you lived in the United States?",,"(Number of years.)",number,,,,"[demo_d_brthcntryp_s1_r1_e1] <> '189' and [demo_d_yrsuspdk_s1_r1_e1(999)]='0'",y,,,,,
demo_d_yrsuspdk_s1_r1_e1,demo_d_s1_r1_e1,,checkbox,,"999, Don't know",,,,,,"[demo_d_brthcntryp_s1_r1_e1] <> '189'",y,,,,,
demo_d_intlg_embed,demo_d_s1_r1_e1,,descriptive,"<div class=""rich-text-field-label""><table style=""border-collapse: collapse; width: 100%; border-style: hidden;"" border=""1""> <tbody> <tr> <td style=""width: 31.7296%; border-style: hidden;"">Do you have any parents/guardians born outside the US?</td> <td style=""width: 31.7296%; border-style: hidden;""> <p>{demo_d_intlguardp_s1_r1_e1}</p> <p>If yes, please list in which non-US country/countries: {demo_d_intlgpspec_s1_r1_e1}</p> </td> </tr> </tbody> </table></div>",,,,,,,,,,,,,
demo_d_intlguardp_s1_r1_e1,demo_d_s1_r1_e1,,radio,"Do you have any parents/guardians born outside the US?","1, Yes | 0, No",,,,,,,y,,,,,
demo_d_intlgpspec_s1_r1_e1,demo_d_s1_r1_e1,,text,"If yes, please list in which non-US country/countries:",,,,,,,"[demo_d_intlguardp_s1_r1_e1] = '1'",y,,,,,
demo_d_intlother_s1_r1_e1,demo_d_s1_r1_e1,,checkbox,"Does the child have any other family members born outside the US?","1, Child's other parent/guardian | 2, Parent/guardian of the child's other parent/guardian | 3, Someone else | 4, None",,,,,,,y,,,,," @NONEOFTHEABOVE='4'"
demo_d_l1p_s1_r1_e1,demo_d_s1_r1_e1,,dropdown,"What is your native language? In other words, what was the first language (or languages) most spoken to you by your parents or guardians after birth? ","1, English | 2, Spanish | 4, English and Spanish equally | 3, Other","If Other, please specify: {demo_d_l1poth_s1_r1_e1}",,,,,,y,,,,,
demo_d_l1poth_s1_r1_e1,demo_d_s1_r1_e1,,text,"If Other, please specify:",,,,,,,"[demo_d_l1p_s1_r1_e1] = '3'",y,,,,,
demo_d_mrrdp_s1_r1_e1,demo_d_s1_r1_e1,,dropdown,"Are you now married, widowed, divorced, separated, never married or living with a partner?","1, Married | 2, Widowed | 3, Divorced | 4, Separated | 5, Never married | 6, Living with partner",,,,,,,y,,,,,
demo_d_edup_s1_r1_e1,demo_d_s1_r1_e1,,dropdown,"What is the highest grade or level of school you have completed or the highest degree you have received?","0, Never attended/Kindergarten Only | 1, Elementary/Primary School | 2, Some Middle/High School | 13, High School Graduate | 14, GED or equivalent | 15, Some College | 16, Associate degree: Occupational | 17, Associate degree: Academic | 18, Bachelor's degree (ex. BA) | 19, Master's degree (ex. MA) | 20, Professional School degree (ex. MD) | 21, Doctoral degree (ex. PhD)",,,,,,,y,,,,,
demo_d_workp_s1_r1_e1,demo_d_s1_r1_e1,,dropdown,"Are you working now, looking for work, retired, stay at home parent, a student, or something else?","1, Working now: full-time | 0, Working now: part-time | 2, Temporarily laid off | 9, Sick leave | 10, Maternity leave | 3, Looking for work | 11, Unemployed not looking for work | 4, Retired | 5, Disabled: permanently or temporarily | 6, Stay at home parent | 7, Student | 8, Other","If Other, please explain: {demo_d_workpoth_s1_r1_e1}",,,,,,y,,,,,
demo_d_workpoth_s1_r1_e1,demo_d_s1_r1_e1,,text,"Please explain:",,,,,,,"[demo_d_workp_s1_r1_e1] = '8'",y,,,,,
demo_d_assistp_s1_r1_e1,demo_d_s1_r1_e1,,checkbox,"Is there another person that helps with regular childcare responsibilities for the child? Please select all that apply.","1, Child's other parent | 2, Spouse or partner who is not the child's parent | 3, Family member (e.g., grandparent, aunt/uncle, etc.) | 4, Friend | 5, Other","If Other, please specify: {demo_d_assistpoth_s1_r1_e1}",,,,,,y,,,,,
demo_d_assistpoth_s1_r1_e1,demo_d_s1_r1_e1,,text,"If Other, please specify:",,,,,,,"[demo_d_assistp_s1_r1_e1(5)] = '1'",y,,,,,
demo_d_faminc_s1_r1_e1,demo_d_s1_r1_e1,"Questions About Your Household",dropdown,"What is your TOTAL COMBINED FAMILY INCOME for the past 12 months?

This should include income (before taxes and deductions) from all sources, wages, rent from properties, social security, disability and/or veteran's benefits, unemployment benefits, workman's compensation, help from relative (include child payments and alimony), and so on.","1, Less than $5,000 | 2, $5,000 through $11,999 | 3, $12,000 through $15,999 | 4, $16,000 through $24,999 | 5, $25,000 through $34,999 | 6, $35,000 through $49,999 | 7, $50,000 through $74,999 | 8, $75,000 through $99,999 | 9, $100,000 through $199,999 | 10, $200,000 and greater | 999, Don't know",,,,,,,y,,,,,
demo_d_hsesize_s1_r1_e1,demo_d_s1_r1_e1,,text,"How many people are living at your address (including you)? INCLUDE everyone who is living or staying at your address for more than 2 months.",,,integer,,,,,y,,,,,
demo_d_althouse_s1_r1_e1,demo_d_s1_r1_e1,,radio,"Is there another household in which the child spends a significant amount of time? ","1, Yes | 0, No",,,,,,,y,,,,,
demo_d_althsetime_s1_r1_e1,demo_d_s1_r1_e1,,text,"About how many hours per week does the child spend at this other household?",,"Hours/Week (168 hours = 1 week)",integer,0,168,,"[demo_d_althouse_s1_r1_e1] = '1'",y,,,,,
demo_d_adptage_embed,demo_d_s1_r1_e1,"Questions About the Child",descriptive,"<div class=""rich-text-field-label""><table style=""border-collapse: collapse; width: 100%; border-style: hidden;"" border=""1""> <tbody> <tr> <td style=""width: 48.3734%; border-style: hidden;"">How many years old was the child at the time of adoption?</td> <td style=""width: 48.3734%; border-style: hidden;""> <p>{demo_d_adptage_s1_r1_e1}</p> <h6 style=""font-size: 7.5pt;""><span style=""color: #0e0e79;"">(Age in years.)</span></h6> <p>{demo_d_adptagedk_s1_r1_e1}</p> </td> </tr> </tbody> </table></div>",,,,,,,"[demo_d_respondent_s1_r1_e1] = '2'",,,,,,
demo_d_adptage_s1_r1_e1,demo_d_s1_r1_e1,,text,"How many years old was the child at the time of adoption?",,"(Age in years.)",number,0,18,,"[demo_d_respondent_s1_r1_e1] = '2' and [demo_d_adptagedk_s1_r1_e1(999)]='0'",y,,,,,
demo_d_adptagedk_s1_r1_e1,demo_d_s1_r1_e1,,checkbox,,"999, Don't know",,,,,,"[demo_d_respondent_s1_r1_e1] = '2'",y,,,,,
demo_d_grade_s1_r1_e1,demo_d_s1_r1_e1,,dropdown,"<div class=""rich-text-field-label""><p>What grade is the child in? If it is summer, indicate grade the child last completed.</p></div>","0, Kindergarten | 1, 1st grade | 2, 2nd grade | 3, 3rd grade | 4, 4th grade | 5, 5th grade | 6, 6th grade | 7, 7th grade | 8, 8th grade | 9, 9th grade | 10, 10th grade | 11, 11th grade | 12, 12th grade",,,,,,,y,,,,,
demo_d_school_embed,demo_d_s1_r1_e1,,descriptive,"<div class=""rich-text-field-label""><table style=""border-collapse: collapse; width: 100%; border-style: hidden;"" border=""1""> <tbody> <tr> <td style=""width: 48.3734%; border-style: hidden;""> <p>Select the child's current school setting:</p> <h6 style=""font-size: 7.5pt;""><span style=""color: #0e0e79;"">(If summer, answer for last grade completed.)</span></h6> </td> <td style=""width: 48.3734%; border-style: hidden;""> <p>{demo_d_school_s1_r1_e1}</p> <h6 style=""font-size: 7pt;""><span style=""color: #0e0e79;"">If Other, please specify: {demo_d_schooloth_s1_r1_e1}</span></h6> </td> </tr> </tbody> </table></div>",,,,,,,,,,,,,
demo_d_school_s1_r1_e1,demo_d_s1_r1_e1,,dropdown,"Select the child's current school setting:","1, Not in School | 2, Regular Public School | 3, Regular Private School | 4, Vocational-Technical School | 9, Charter School | 5, Cyber School | 6, Home School | 7, Specialized School for Youth with Emotional/Behavioral Problems | 8, Other","(If summer, answer for last grade completed.)",,,,,,y,,,,,
demo_d_schooloth_s1_r1_e1,demo_d_s1_r1_e1,,text,"If Other, please specify:",,,,,,,"[demo_d_school_s1_r1_e1] = '8'",y,,,,,
demo_d_grades_s1_r1_e1,demo_d_s1_r1_e1,,dropdown,"What kind of grades does the child get on average?","1, A's / Excellent | 2, B's / Good | 3, C's / Average | 4, D's / Below Average | 5, F's / Struggling a lot | 6, Ungraded | 7, Not applicable",,,,,,,y,,,,,
demo_d_iepnow_s1_r1_e1,demo_d_s1_r1_e1,,dropdown,"Does the child currently have an Individualized Education Plan or IEP? ","1, Yes | 0, No | 999, Don't know",,,,,,,y,,,,,
demo_d_iepever_s1_r1_e1,demo_d_s1_r1_e1,,dropdown,"Has the child ever had an Individualized Education Plan or IEP?","1, Yes | 0, No | 999, Don't know",,,,,,,y,,,,,
demo_d_gdrepeat_s1_r1_e1,demo_d_s1_r1_e1,,checkbox,"Please indicate what grades they've repeated in the past:","0, None | 1, 1st | 2, 2nd | 3, 3rd | 4, 4th | 5, 5th | 6, 6th | 7, 7th | 8, 8th | 999, Don't know",,,,,,,y,,,,," @NONEOFTHEABOVE='0,999'"
demo_d_sexbirth_s1_r1_e1,demo_d_s1_r1_e1,,dropdown,"What sex was the child assigned at birth, on the original birth certificate?","1, Male | 2, Female | 3, Intersex-Male | 4, Intersex-Female | 999, Don't know",,,,,,,y,,,,,
demo_d_genid_s1_r1_e1,demo_d_s1_r1_e1,,dropdown,"What is the child's current gender identity?","1, Male | 2, Female | 3, Trans male | 4, Trans female | 5, Gender queer | 6, Other | 999, Don't know","If Other, please specify: {demo_d_genidoth_s1_r1_e1}",,,,,,y,,,,,
demo_d_genidoth_s1_r1_e1,demo_d_s1_r1_e1,,text,"If Other, please specify:",,,,,,,"[demo_d_genid_s1_r1_e1] = '6'",y,,,,,
demo_d_pargendesc_s1_r1_e1,demo_d_s1_r1_e1,,dropdown,"Would you describe the child as:","1, Heterosexual (straight) | 2, Gay or lesbian | 3, Bisexual | 4, Other | 5, Unsure","If Other, please specify: {demo_d_pargenoth_s1_r1_e1}",,,,,,y,,,,,
demo_d_pargenoth_s1_r1_e1,demo_d_s1_r1_e1,,text,"If Other, please specify:",,,,,,,"[demo_d_pargendesc_s1_r1_e1] = '4'",y,,,,,
demo_d_race_s1_r1_e1,demo_d_s1_r1_e1,,checkbox,"What race do you consider the child to be? Please check all that apply.","10, White | 11, Black/African American | 12, American Indian, Native American | 13, Alaska Native | 14, Native Hawaiian | 15, Guamanian | 16, Samoan | 17, Other Pacific Islander | 18, Asian Indian | 19, Chinese | 20, Filipino | 21, Japanese | 22, Korean | 23, Vietnamese | 24, Other Asian | 25, Other Race | 999, Don't Know","If Other, please specify: {demo_d_raceoth_s1_r1_e1}",,,,,,y,,,,," @NONEOFTHEABOVE='999'"
demo_d_raceoth_s1_r1_e1,demo_d_s1_r1_e1,,text,"If Other, please specify:",,,,,,,"[demo_d_race_s1_r1_e1(17)] = '1' or [demo_d_race_s1_r1_e1(24)] = '1' or [demo_d_race_s1_r1_e1(25)] = '1'",y,,,,,
demo_d_latinx_s1_r1_e1,demo_d_s1_r1_e1,,dropdown,"Do you consider the child Hispanic/Latino/Latina?","1, Yes | 0, No | 999, Don't know",,,,,,,y,,,,,
demo_d_latgroup_s1_r1_e1,demo_d_s1_r1_e1,,dropdown,"Please choose the group that best represents the child's Hispanic origin or ancestry.","10, Puerto Rican | 12, Dominican (Republic) | 13, Mexican | 18, Cuban | 20, Central American | 21, South American | 40, Other Latin American | 41, Other Hispanic | 999, Don't know",,,,,,"[demo_d_latinx_s1_r1_e1] = '1'",y,,,,,
demo_d_brthcntry_s1_r1_e1,demo_d_s1_r1_e1,,dropdown,"In which country was the child born?","189, USA (United States of America - including territories such as Puerto Rico | 1, Afghanistan | 2, Albania | 3, Algeria | 4, Andorra | 5, Angola | 6, Antigua and Barbuda | 198, Argentina | 8, Armenia | 9, Australia | 10, Austria | 11, Azerbaijan | 12, Bahamas | 13, Bahrain | 14, Bangladesh | 15, Barbados | 16, Belarus | 17, Belgium | 18, Belize | 19, Benin | 20, Bhutan | 21, Bolivia | 22, Bosnia and Herzegovina | 23, Botswana | 24, Brazil | 25, Brunei | 26, Bulgaria | 27, Burkina Faso | 28, Burundi | 29, Cabo Verde | 30, Cambodia | 31, Cameroon | 32, Canada | 33, Central African Republic | 34, Chad | 35, Chile | 36, China | 37, Colombia | 38, Comoros | 39, Congo (Brazzaville) | 40, Congo (Kinshasa) | 41, Costa Rica | 42, Cote dIvoire | 43, Croatia | 44, Cuba | 45, Cyprus | 46, Czech Republic | 47, Denmark | 48, Djibouti | 49, Dominica | 50, Dominican Republic | 51, Ecuador | 52, Egypt | 53, El Salvador | 54, Equatorial Guinea | 55, Eritrea | 56, Estonia | 57, Ethiopia | 58, Fiji | 59, Finland | 60, France | 61, Gabon | 62, Gambia | 63, Georgia | 64, Germany | 65, Ghana | 66, Greece | 67, Grenada | 68, Guatemala | 69, Guinea | 70, Guinea-Bissau | 71, Guyana | 72, Haiti | 73, Honduras | 74, Hungary | 75, Iceland | 76, India | 77, Indonesia | 78, Iran | 79, Iraq | 80, Ireland | 81, Israel | 82, Italy | 83, Jamaica | 84, Japan | 85, Jordan | 86, Kazakhstan | 87, Kenya | 88, Kiribati | 89, Kosovo | 90, Kuwait | 91, Kyrgyzstan | 92, Laos | 93, Latvia | 94, Lebanon | 95, Lesotho | 96, Liberia | 97, Libya | 98, Liechtenstein | 99, Lithuania | 100, Luxembourg | 101, Macedonia | 102, Madagascar | 103, Malawi | 104, Malaysia | 105, Maldives | 106, Mali | 107, Malta | 108, Marshall Islands | 109, Mauritania | 110, Mauritius | 111, Mexico | 112, Micronesia | 113, Moldova | 114, Monaco | 115, Mongolia | 116, Montenegro | 117, Morocco | 118, Mozambique | 119, Myanmar (Burma) | 120, Namibia | 121, Nauru | 122, Nepal | 123, Netherlands | 124, New Zealand | 125, Nicaragua | 126, Niger | 127, Nigeria | 128, North Korea | 129, Norway | 130, Oman | 131, Pakistan | 132, Palau | 133, Palestine | 134, Panama | 135, Papua New Guinea | 136, Paraguay | 137, Peru | 138, Philippines | 139, Poland | 140, Portugal | 141, Qatar | 142, Romania | 143, Russia | 144, Rwanda | 145, Samoa | 146, San Marino | 147, Sao Tome and Principe | 148, Saudi Arabia | 149, Senegal | 150, Serbia | 151, Seychelles | 152, Sierra Leone | 153, Singapore | 154, Slovakia | 155, Slovenia | 156, Solomon Islands | 157, Somalia | 158, South Africa | 159, South Korea | 160, South Sudan | 161, Spain | 162, Sri Lanka | 163, St. Kitts and Nevis | 164, St. Lucia | 165, St. Vincent and The Grenadines | 166, Sudan | 167, Suriname | 168, Swaziland | 169, Sweden | 170, Switzerland | 171, Syria | 172, Taiwan | 173, Tajikistan | 174, Tanzania | 175, Thailand | 176, Timor-Leste | 177, Togo | 178, Tonga | 179, Trinidad and Tobago | 180, Tunisia | 181, Turkey | 182, Turkmenistan | 183, Tuvalu | 184, Uganda | 185, UK (United Kingdom) | 186, Ukraine | 187, United Arab Emirates | 188, Uruguay | 190, Uzbekistan | 191, Vanuatu | 192, Vatican City (Holy See) | 193, Venezuela | 194, Vietnam | 195, Yemen | 196, Zambia | 197, Zimbabwe | 999, Don't know",,,,,,,y,,,,,
demo_d_yrsus_embed,demo_d_s1_r1_e1,,descriptive,"<div class=""rich-text-field-label""><table style=""border-collapse: collapse; width: 100%; border-style: hidden;"" border=""1""> <tbody> <tr> <td style=""width: 48.3734%; border-style: hidden;"">How many years has the child lived in the United States?</td> <td style=""width: 48.3734%; border-style: hidden;""> <p>{demo_d_yrsus_s1_r1_e1}</p> <h6 style=""font-size: 7.5pt;""><span style=""color: #0e0e79;"">(Number of years.)</span></h6> <p>{demo_d_yrsusdk_s1_r1_e1}</p> </td> </tr> </tbody> </table></div>",,,,,,,"[demo_d_brthcntry_s1_r1_e1] <> '189'",,,,,,
demo_d_yrsus_s1_r1_e1,demo_d_s1_r1_e1,,text,"How many years has the child lived in the United States?",,"(Number of years.)",number,,,,"[demo_d_brthcntry_s1_r1_e1] <> '189' and [demo_d_yrsusdk_s1_r1_e1(999)]='0'",y,,,,,
demo_d_yrsusdk_s1_r1_e1,demo_d_s1_r1_e1,,checkbox,,"999, Don't know",,,,,,"[demo_d_brthcntry_s1_r1_e1] <> '189'",y,,,,,
demo_d_sibs_s1_r1_e1,demo_d_s1_r1_e1,,text,"How many siblings does the child have?",,,integer,0,20,,,y,,,,,
demo_d_order_s1_r1_e1,demo_d_s1_r1_e1,,dropdown,"Of the children in your family, what is the age order of the child?","1, First (eldest) | 2, Second | 3, Third | 4, Fourth | 5, Fifth or younger",,,,,,[demo_d_sibs_s1_r1_e1]>0,y,,,,,
demo_d_l1_s1_r1_e1,demo_d_s1_r1_e1,,dropdown,"What is the child's native language? In other words, what was the first language (or languages) most spoken to the child by their parents or guardians after birth?","1, English | 2, Spanish | 4, English and Spanish equally | 3, Other","If Other, please specify: {demo_d_otherl1_s1_r1_e1}",,,,,,y,,,,,
demo_d_otherl1_s1_r1_e1,demo_d_s1_r1_e1,,text,"If Other, please specify:",,,,,,,"[demo_d_l1_s1_r1_e1] = '3'",y,,,,,
demo_d_ageen_s1_r1_e1,demo_d_s1_r1_e1,,text,"What is the earliest AGE that the child was regularly spoken to in ENGLISH by a parent/caregiver/relative or teacher?",,"(Age in years.)",number,0,18,,"[demo_d_l1_s1_r1_e1] = '2' or [demo_d_l1_s1_r1_e1] = '3'",y,,,,,
demo_d_othlang_s1_r1_e1,demo_d_s1_r1_e1,,dropdown,"Has the child ever been regularly spoken to in a language other than ENGLISH in the home or by a parent/caregiver/relative or teacher?","1, Yes | 0, No | 999, Don't know","If yes, which language? {demo_d_othlangwh_s1_r1_e1}",,,,,"[demo_d_l1_s1_r1_e1] = '1'",y,,,,,
demo_d_othlangwh_s1_r1_e1,demo_d_s1_r1_e1,,text,"If yes, which language?",,,,,,,"[demo_d_othlang_s1_r1_e1] = '1'",y,,,,,
demo_d_ageothlang_s1_r1_e1,demo_d_s1_r1_e1,,text,"What is the earliest  AGE that the child was regularly spoken to in the OTHER language by a parent/caregiver/relative or teacher?",,"(Age in years.)",number,0,18,,"[demo_d_othlang_s1_r1_e1] = '1'",y,,,,,
demo_d_birthcomp_s1_r1_e1,demo_d_s1_r1_e1,"Questions About the Child's Birth and Health History",dropdown,"Did the child have any complications at birth?","1, Yes | 0, No | 999, Don't know",,,,,,,y,,,,,
demo_d_brthcmpopt_s1_r1_e1,demo_d_s1_r1_e1,,notes,"If yes, please specify:",,,,,,,"[demo_d_birthcomp_s1_r1_e1] = '1'",y,,,,,
demo_d_langhist_s1_r1_e1,demo_d_s1_r1_e1,,dropdown,"Was the child ever diagnosed with a speech or language impairment, delay, or disorder?","1, Yes | 0, No | 999, Don't know",,,,,,,y,,,,,
demo_d_diag1_embed,demo_d_s1_r1_e1,,descriptive,"<div class=""rich-text-field-label""><table style=""border-collapse: collapse; width: 100%; border-style: hidden;"" border=""1""> <tbody> <tr> <td style=""width: 48.3734%; border-style: hidden;"">Diagnosis 1</td> <td style=""width: 48.3734%; border-style: hidden;""> </td> </tr> <tr> <td style=""width: 48.3734%; border-style: hidden;"">What was the diagnosis?</td> <td style=""width: 48.3734%; border-style: hidden;"">{demo_d_diag1what_s1_r1_e1}</td> </tr> <tr> <td style=""width: 48.3734%; border-style: hidden;"">How many years old was the child when diagnosed?</td> <td style=""width: 48.3734%; border-style: hidden;""> <p>{demo_d_diag1when_s1_r1_e1}</p> <h6 style=""font-size: 7.5pt;""><span style=""color: #0e0e79;"">(Age in years.)</span></h6> </td> </tr> </tbody> </table></div>",,,,,,,"[demo_d_langhist_s1_r1_e1] = '1'",,,,,,
demo_d_diag1what_s1_r1_e1,demo_d_s1_r1_e1,,notes,"What was the diagnosis?",,,,,,,"[demo_d_langhist_s1_r1_e1] = '1'",y,,,,,
demo_d_diag1when_s1_r1_e1,demo_d_s1_r1_e1,,text,"How many years old was the child when diagnosed?",,"(Age in years.)",number,0,18,,"[demo_d_langhist_s1_r1_e1] = '1'",y,,,,,
demo_d_diag2_embed,demo_d_s1_r1_e1,,descriptive,"<div class=""rich-text-field-label""><table style=""border-collapse: collapse; width: 100%; border-style: hidden; height: 54px;"" border=""1""> <tbody> <tr style=""height: 18px;""> <td style=""width: 48.3734%; border-style: hidden; height: 18px;"">Diagnosis 2</td> <td style=""width: 48.3734%; border-style: hidden; height: 18px;""> </td> </tr> <tr style=""height: 18px;""> <td style=""width: 48.3734%; border-style: hidden; height: 18px;"">What was the diagnosis?</td> <td style=""width: 48.3734%; border-style: hidden; height: 18px;"">{demo_d_diag2what_s1_r1_e1}</td> </tr> <tr style=""height: 18px;""> <td style=""width: 48.3734%; border-style: hidden; height: 18px;"">How many years old was the child when diagnosed?</td> <td style=""width: 48.3734%; border-style: hidden; height: 18px;""> <p>{demo_d_diag2when_s1_r1_e1}</p> <h6 style=""font-size: 7.5pt;""><span style=""color: #0e0e79;"">(Age in years.)</span></h6> </td> </tr> </tbody> </table></div>",,,,,,,"[demo_d_diag1what_s1_r1_e1] <> """"",,,,,,
demo_d_diag2what_s1_r1_e1,demo_d_s1_r1_e1,,notes,"What was the diagnosis?",,"(If no further diagnoses to report, leave blank.)",,,,,"[demo_d_diag1what_s1_r1_e1] <> """"",y,,,,," @PLACEHOLDER='If no further diagnoses to report, leave blank.'"
demo_d_diag2when_s1_r1_e1,demo_d_s1_r1_e1,,text,"How many years old was the child when diagnosed?",,"(Age in years. If no further diagnoses to report, leave blank.)",number,0,18,,"[demo_d_diag1what_s1_r1_e1] <> """"",y,,,,," @PLACEHOLDER='If no further diagnoses to report, leave blank.'"
demo_d_diag3_embed,demo_d_s1_r1_e1,,descriptive,"<div class=""rich-text-field-label""><table style=""border-collapse: collapse; width: 100%; border-style: hidden; height: 54px;"" border=""1""> <tbody> <tr style=""height: 18px;""> <td style=""width: 48.3734%; border-style: hidden; height: 18px;"">Diagnosis 3</td> <td style=""width: 48.3734%; border-style: hidden; height: 18px;""> </td> </tr> <tr style=""height: 18px;""> <td style=""width: 48.3734%; border-style: hidden; height: 18px;""> <p>What was the diagnosis?</p> </td> <td style=""width: 48.3734%; border-style: hidden; height: 18px;"">{demo_d_diag3what_s1_r1_e1}</td> </tr> <tr style=""height: 18px;""> <td style=""width: 48.3734%; border-style: hidden; height: 18px;"">How many years old was the child when diagnosed?</td> <td style=""width: 48.3734%; border-style: hidden; height: 18px;""> <p>{demo_d_diag3when_s1_r1_e1}</p> <h6 style=""font-size: 7.5pt;""><span style=""color: #0e0e79;"">(Age in years.)</span></h6> </td> </tr> </tbody> </table></div>",,,,,,,"[demo_d_diag2what_s1_r1_e1] <> """"",,,,,,
demo_d_diag3what_s1_r1_e1,demo_d_s1_r1_e1,,notes,"What was the diagnosis?",,"(If no further diagnoses to report, leave blank.)",,,,,"[demo_d_diag2what_s1_r1_e1] <> """"",y,,,,," @PLACEHOLDER='If no further diagnoses to report, leave blank.'"
demo_d_diag3when_s1_r1_e1,demo_d_s1_r1_e1,,text,"How many years old was the child when diagnosed?",,"(Age in years. If no further diagnoses to report, leave blank.)",number,0,18,,"[demo_d_diag2what_s1_r1_e1] <> """"",y,,,,," @PLACEHOLDER='If no further diagnoses to report, leave blank.'"
demo_d_diag4_embed,demo_d_s1_r1_e1,,descriptive,"<div class=""rich-text-field-label""><table style=""border-collapse: collapse; width: 100%; border-style: hidden; height: 54px;"" border=""1""> <tbody> <tr style=""height: 18px;""> <td style=""width: 48.3734%; border-style: hidden; height: 18px;"">Diagnosis 4</td> <td style=""width: 48.3734%; border-style: hidden; height: 18px;""> </td> </tr> <tr style=""height: 18px;""> <td style=""width: 48.3734%; border-style: hidden; height: 18px;""> <p>What was the diagnosis?</p> </td> <td style=""width: 48.3734%; border-style: hidden; height: 18px;"">{demo_d_diag4what_s1_r1_e1}</td> </tr> <tr style=""height: 18px;""> <td style=""width: 48.3734%; border-style: hidden; height: 18px;""> <p>How many years old was the child when diagnosed?</p> </td> <td style=""width: 48.3734%; border-style: hidden; height: 18px;""> <p>{demo_d_diag4when_s1_r1_e1}</p> <h6 style=""font-size: 7.5pt;""><span style=""color: #0e0e79;"">(Age in years.)</span></h6> </td> </tr> </tbody> </table></div>",,,,,,,"[demo_d_diag3what_s1_r1_e1] <> """"",,,,,,
demo_d_diag4what_s1_r1_e1,demo_d_s1_r1_e1,,notes,"What was the diagnosis?",,"(If no further diagnoses to report, leave blank.)",,,,,"[demo_d_diag3what_s1_r1_e1] <> """"",y,,,,," @PLACEHOLDER='If no further diagnoses to report, leave blank.'"
demo_d_diag4when_s1_r1_e1,demo_d_s1_r1_e1,,text,"How many years old was the child when diagnosed?",,"(Age in years. If no further diagnoses to report, leave blank.)",number,0,18,,"[demo_d_diag3what_s1_r1_e1] <> """"",y,,,,," @PLACEHOLDER='If no further diagnoses to report, leave blank.'"
demo_d_diag5_embed,demo_d_s1_r1_e1,,descriptive,"<div class=""rich-text-field-label""><table style=""border-collapse: collapse; width: 100%; border-style: hidden; height: 54px;"" border=""1""> <tbody> <tr style=""height: 18px;""> <td style=""width: 48.3734%; border-style: hidden; height: 18px;"">Diagnosis 5</td> <td style=""width: 48.3734%; border-style: hidden; height: 18px;""> </td> </tr> <tr style=""height: 18px;""> <td style=""width: 48.3734%; border-style: hidden; height: 18px;"">What was the diagnosis?</td> <td style=""width: 48.3734%; border-style: hidden; height: 18px;"">{demo_d_diag5what_s1_r1_e1}</td> </tr> <tr style=""height: 18px;""> <td style=""width: 48.3734%; border-style: hidden; height: 18px;"">How many years old was the child when diagnosed?</td> <td style=""width: 48.3734%; border-style: hidden; height: 18px;""> <p>{demo_d_diag5when_s1_r1_e1}</p> <h6 style=""font-size: 7.5pt;""><span style=""color: #0e0e79;"">(Age in years.)</span></h6> </td> </tr> </tbody> </table></div>",,,,,,,"[demo_d_diag4what_s1_r1_e1] <> """"",,,,,,
demo_d_diag5what_s1_r1_e1,demo_d_s1_r1_e1,,notes,"What was the diagnosis?",,"(If no further diagnoses to report, leave blank.)",,,,,"[demo_d_diag4what_s1_r1_e1] <> """"",y,,,,," @PLACEHOLDER='If no further diagnoses to report, leave blank.'"
demo_d_diag5when_s1_r1_e1,demo_d_s1_r1_e1,,text,"How many years old was the child when diagnosed?",,"(Age in years. If no further diagnoses to report, leave blank.)",number,0,18,,"[demo_d_diag4what_s1_r1_e1] <> """"",y,,,,," @PLACEHOLDER='If no further diagnoses to report, leave blank.'"
demo_d_diag6_embed,demo_d_s1_r1_e1,,descriptive,"<div class=""rich-text-field-label""><table style=""border-collapse: collapse; width: 100%; border-style: hidden; height: 54px;"" border=""1""> <tbody> <tr style=""height: 18px;""> <td style=""width: 48.3734%; border-style: hidden; height: 18px;"">Diagnosis 6</td> <td style=""width: 48.3734%; border-style: hidden; height: 18px;""> </td> </tr> <tr style=""height: 18px;""> <td style=""width: 48.3734%; border-style: hidden; height: 18px;"">What was the diagnosis?</td> <td style=""width: 48.3734%; border-style: hidden; height: 18px;"">{demo_d_diag6what_s1_r1_e1}</td> </tr> <tr style=""height: 18px;""> <td style=""width: 48.3734%; border-style: hidden; height: 18px;"">How many years old was the child when diagnosed?</td> <td style=""width: 48.3734%; border-style: hidden; height: 18px;""> <p>{demo_d_diag6when_s1_r1_e1}</p> <h6 style=""font-size: 7.5pt;""><span style=""color: #0e0e79;"">(Age in years.)</span></h6> </td> </tr> </tbody> </table></div>",,,,,,,"[demo_d_diag5what_s1_r1_e1] <> """"",,,,,,
demo_d_diag6what_s1_r1_e1,demo_d_s1_r1_e1,,notes,"What was the diagnosis?",,"(If no further diagnoses to report, leave blank.)",,,,,"[demo_d_diag5what_s1_r1_e1] <> """"",y,,,,," @PLACEHOLDER='If no further diagnoses to report, leave blank.'"
demo_d_diag6when_s1_r1_e1,demo_d_s1_r1_e1,,text,"How many years old was the child when diagnosed?",,"(Age in years. If no further diagnoses to report, leave blank.)",number,0,18,,"[demo_d_diag5what_s1_r1_e1] <> """"",y,,,,," @PLACEHOLDER='If no further diagnoses to report, leave blank.'"
demo_d_diag7_embed,demo_d_s1_r1_e1,,descriptive,"<div class=""rich-text-field-label""><table style=""border-collapse: collapse; width: 100%; border-style: hidden; height: 54px;"" border=""1""> <tbody> <tr style=""height: 18px;""> <td style=""width: 48.3734%; border-style: hidden; height: 18px;"">Diagnosis 7</td> <td style=""width: 48.3734%; border-style: hidden; height: 18px;""> </td> </tr> <tr style=""height: 18px;""> <td style=""width: 48.3734%; border-style: hidden; height: 18px;"">What was the diagnosis?</td> <td style=""width: 48.3734%; border-style: hidden; height: 18px;"">{demo_d_diag7what_s1_r1_e1}</td> </tr> <tr style=""height: 18px;""> <td style=""width: 48.3734%; border-style: hidden; height: 18px;"">How many years old was the child when diagnosed?</td> <td style=""width: 48.3734%; border-style: hidden; height: 18px;""> <p>{demo_d_diag7when_s1_r1_e1}</p> <h6 style=""font-size: 7.5pt;""><span style=""color: #0e0e79;"">(Age in years.)</span></h6> </td> </tr> </tbody> </table></div>",,,,,,,"[demo_d_diag6what_s1_r1_e1] <> """"",,,,,,
demo_d_diag7what_s1_r1_e1,demo_d_s1_r1_e1,,notes,"What was the diagnosis?",,"(If no further diagnoses to report, leave blank.)",,,,,"[demo_d_diag6what_s1_r1_e1] <> """"",y,,,,," @PLACEHOLDER='If no further diagnoses to report, leave blank.'"
demo_d_diag7when_s1_r1_e1,demo_d_s1_r1_e1,,text,"How many years old was the child when diagnosed?",,"(Age in years. If no further diagnoses to report, leave blank.)",number,0,18,,"[demo_d_diag6what_s1_r1_e1] <> """"",y,,,,," @PLACEHOLDER='If no further diagnoses to report, leave blank.'"
demo_d_diag8_embed,demo_d_s1_r1_e1,,descriptive,"<div class=""rich-text-field-label""><table style=""border-collapse: collapse; width: 100%; border-style: hidden; height: 54px;"" border=""1""> <tbody> <tr style=""height: 18px;""> <td style=""width: 48.3734%; border-style: hidden; height: 18px;"">Diagnosis 8</td> <td style=""width: 48.3734%; border-style: hidden; height: 18px;""> </td> </tr> <tr style=""height: 18px;""> <td style=""width: 48.3734%; border-style: hidden; height: 18px;"">What was the diagnosis?</td> <td style=""width: 48.3734%; border-style: hidden; height: 18px;"">{demo_d_diag8what_s1_r1_e1}</td> </tr> <tr style=""height: 18px;""> <td style=""width: 48.3734%; border-style: hidden; height: 18px;"">How many years old was the child when diagnosed?</td> <td style=""width: 48.3734%; border-style: hidden; height: 18px;""> <p>{demo_d_diag8when_s1_r1_e1}</p> <h6 style=""font-size: 7.5pt;""><span style=""color: #0e0e79;"">(Age in years.)</span></h6> </td> </tr> </tbody> </table></div>",,,,,,,"[demo_d_diag7what_s1_r1_e1] <> """"",,,,,,
demo_d_diag8what_s1_r1_e1,demo_d_s1_r1_e1,,notes,"What was the diagnosis?",,"(If no further diagnoses to report, leave blank.)",,,,,"[demo_d_diag7what_s1_r1_e1] <> """"",y,,,,," @PLACEHOLDER='If no further diagnoses to report, leave blank.'"
demo_d_diag8when_s1_r1_e1,demo_d_s1_r1_e1,,text,"How many years old was the child when diagnosed?",,"(Age in years. If no further diagnoses to report, leave blank.)",number,0,18,,"[demo_d_diag7what_s1_r1_e1] <> """"",y,,,,," @PLACEHOLDER='If no further diagnoses to report, leave blank.'"
demo_d_diag9_embed,demo_d_s1_r1_e1,,descriptive,"<div class=""rich-text-field-label""><table style=""border-collapse: collapse; width: 100%; border-style: hidden; height: 54px;"" border=""1""> <tbody> <tr style=""height: 18px;""> <td style=""width: 48.3734%; border-style: hidden; height: 18px;"">Diagnosis 9</td> <td style=""width: 48.3734%; border-style: hidden; height: 18px;""> </td> </tr> <tr style=""height: 18px;""> <td style=""width: 48.3734%; border-style: hidden; height: 18px;"">What was the diagnosis?</td> <td style=""width: 48.3734%; border-style: hidden; height: 18px;"">{demo_d_diag9what_s1_r1_e1}</td> </tr> <tr style=""height: 18px;""> <td style=""width: 48.3734%; border-style: hidden; height: 18px;"">How many years old was the child when diagnosed?</td> <td style=""width: 48.3734%; border-style: hidden; height: 18px;""> <p>{demo_d_diag9when_s1_r1_e1}</p> <h6 style=""font-size: 7.5pt;""><span style=""color: #0e0e79;"">(Age in years.)</span></h6> </td> </tr> </tbody> </table></div>",,,,,,,"[demo_d_diag8what_s1_r1_e1] <> """"",,,,,,
demo_d_diag9what_s1_r1_e1,demo_d_s1_r1_e1,,notes,"What was the diagnosis?",,"(If no further diagnoses to report, leave blank.)",,,,,"[demo_d_diag8what_s1_r1_e1] <> """"",y,,,,," @PLACEHOLDER='If no further diagnoses to report, leave blank.'"
demo_d_diag9when_s1_r1_e1,demo_d_s1_r1_e1,,text,"How many years old was the child when diagnosed?",,"(Age in years. If no further diagnoses to report, leave blank.)",number,0,18,,"[demo_d_diag8what_s1_r1_e1] <> """"",y,,,,," @PLACEHOLDER='If no further diagnoses to report, leave blank.'"
demo_d_diag10_embed,demo_d_s1_r1_e1,,descriptive,"<div class=""rich-text-field-label""><table style=""border-collapse: collapse; width: 100%; border-style: hidden; height: 54px;"" border=""1""> <tbody> <tr style=""height: 18px;""> <td style=""width: 48.3734%; border-style: hidden; height: 18px;"">Diagnosis 10</td> <td style=""width: 48.3734%; border-style: hidden; height: 18px;""> </td> </tr> <tr style=""height: 18px;""> <td style=""width: 48.3734%; border-style: hidden; height: 18px;"">What was the diagnosis?</td> <td style=""width: 48.3734%; border-style: hidden; height: 18px;"">{demo_d_diag10what_s1_r1_e1}</td> </tr> <tr style=""height: 18px;""> <td style=""width: 48.3734%; border-style: hidden; height: 18px;"">How many years old was the child when diagnosed?</td> <td style=""width: 48.3734%; border-style: hidden; height: 18px;""> <p>{demo_d_diag10when_s1_r1_e1}</p> <h6 style=""font-size: 7.5pt;""><span style=""color: #0e0e79;"">(Age in years.)</span></h6> </td> </tr> </tbody> </table></div>",,,,,,,"[demo_d_diag9what_s1_r1_e1] <> """"",,,,,,
demo_d_diag10what_s1_r1_e1,demo_d_s1_r1_e1,,notes,"What was the diagnosis?",,"(If no further diagnoses to report, leave blank.)",,,,,"[demo_d_diag9what_s1_r1_e1] <> """"",y,,,,," @PLACEHOLDER='If no further diagnoses to report, leave blank.'"
demo_d_diag10when_s1_r1_e1,demo_d_s1_r1_e1,,text,"How many years old was the child when diagnosed?",,"(Age in years. If no further diagnoses to report, leave blank.)",number,0,18,,"[demo_d_diag9what_s1_r1_e1] <> """"",y,,,,," @PLACEHOLDER='If no further diagnoses to report, leave blank.'"
demo_d_premat_s1_r1_e1,demo_d_s1_r1_e1,,dropdown,"Was the child born prematurely?","1, Yes | 0, No | 999, Don't know",,,,,,,y,,,,,
demo_d_prematwks_s1_r1_e1,demo_d_s1_r1_e1,,text,"About how many weeks  premature was the child when they were born?

Example:
full term = 40 weeks, born at 36 weeks = 4 weeks premature, born at 32 weeks = 8 weeks premature",,"(Number of weeks.)",number,0,40,,"[demo_d_premat_s1_r1_e1] = '1'",y,,,,,
demo_d_brstfed_embed,demo_d_s1_r1_e1,,descriptive,"<div class=""rich-text-field-label""><table style=""border-collapse: collapse; width: 100%; border-style: hidden;"" border=""1""> <tbody> <tr> <td style=""width: 48.3734%; border-style: hidden;""> <p>About how many months was the child breastfed?</p> </td> <td style=""width: 48.3734%; border-style: hidden;""> <p>{demo_d_brstfed_s1_r1_e1}</p> <h6 style=""font-size: 7.5pt;""><span style=""color: #0e0e79;"">(Number of months.)</span></h6> <p>{demo_d_brstfeddk_s1_r1_e1}</p> </td> </tr> </tbody> </table></div>",,,,,,,,,,,,,
demo_d_brstfed_s1_r1_e1,demo_d_s1_r1_e1,,text,"About how many months was the child breastfed?",,"(Number of months.)",number,,,,[demo_d_brstfeddk_s1_r1_e1(999)]='0',y,,,,,
demo_d_brstfeddk_s1_r1_e1,demo_d_s1_r1_e1,,checkbox,,"999, Don't know",,,,,,,y,,,,,
demo_d_walk_embed,demo_d_s1_r1_e1,,descriptive,"<div class=""rich-text-field-label""><table style=""border-collapse: collapse; width: 100%; border-style: hidden;"" border=""1""> <tbody> <tr> <td style=""width: 48.3734%; border-style: hidden;""> <p>At approximately what age (number of months) was the child FIRST able to walk without assistance?</p> </td> <td style=""width: 48.3734%; border-style: hidden;""> <p>{demo_d_walk_s1_r1_e1}</p> <h6 style=""font-size: 7.5pt;""><span style=""color: #0e0e79;"">(Age in months.)</span></h6> <p>{demo_d_walkdk_s1_r1_e1}</p> </td> </tr> </tbody> </table></div>",,,,,,,,,,,,,
demo_d_walk_s1_r1_e1,demo_d_s1_r1_e1,,text,"At approximately what age (number of months) was the child FIRST able to walk without assistance?",,"(Age in months.)",number,0,48,,[demo_d_walkdk_s1_r1_e1(999)]='0',y,,,,,
demo_d_walkdk_s1_r1_e1,demo_d_s1_r1_e1,,checkbox,,"999, Don't know",,,,,,,y,,,,,
demo_d_words_embed,demo_d_s1_r1_e1,,descriptive,"<div class=""rich-text-field-label""><table style=""border-collapse: collapse; width: 100%; border-style: hidden;"" border=""1""> <tbody> <tr> <td style=""width: 48.3734%; border-style: hidden;""> <p>At approximately what age (number of months) was the child FIRST able to say their first word?</p> </td> <td style=""width: 48.3734%; border-style: hidden;""> <p>{demo_d_words_s1_r1_e1}</p> <h6 style=""font-size: 7.5pt;""><span style=""color: #0e0e79;"">(Number of months.)</span></h6> <p>{demo_d_wordsdk_s1_r1_e1}</p> </td> </tr> </tbody> </table></div>",,,,,,,,,,,,,
demo_d_words_s1_r1_e1,demo_d_s1_r1_e1,,text,"At approximately what age (number of months) was the child FIRST able to say their first word?",,"(Age in months.)",number,0,48,,[demo_d_wordsdk_s1_r1_e1(999)]='0',y,,,,,
demo_d_wordsdk_s1_r1_e1,demo_d_s1_r1_e1,,checkbox,,"999, Don't know",,,,,,,y,,,,,
demo_d_motordev_s1_r1_e1,demo_d_s1_r1_e1,,dropdown,"Would you say the child's motor development (sitting, crawling, walking) was earlier, average, or later than most other children? ","1, Much earlier | 2, Somewhat earlier | 3, About average | 4, Somewhat later | 5, Much later | 999, Don't know",,,,,,,y,,,,,
demo_d_speechdev_s1_r1_e1,demo_d_s1_r1_e1,,dropdown,"Would you say the child's speech development was earlier, average, or later than most other children?","1, Much earlier | 2, Somewhat earlier | 3, About average | 4, Somewhat later | 5, Much later | 999, Don't know",,,,,,,y,,,,,
demo_d_docvisit_s1_r1_e1,demo_d_s1_r1_e1,,checkbox,"Has the child ever been to a doctor, nurse, the emergency room, or a clinic for any of these things? Please check all that apply.","1, Hearing Problem | 2, Epilepsy or Seizures | 3, Very Bad Headaches | 4, Head Injury | 5, Knocked Unconscious | 6, General Anesthesia or Sedation for any surgery or procedure | 7, Other Neurological Concerns | 0, None","If Other Neurological Concerns, please specify: {demo_d_docoth_s1_r1_e1}",,,,,,y,,,,," @NONEOFTHEABOVE='0'"
demo_d_docoth_s1_r1_e1,demo_d_s1_r1_e1,,text,"If Other Neurological Concern, please specify:",,,,,,,"[demo_d_docvisit_s1_r1_e1(7)] = '1'",y,,,,,
demo_d_bluegreen_s1_r1_e1,demo_d_s1_r1_e1,,dropdown,"Is the child able to see the difference between blue and green? ","1, Yes | 0, No | 999, Don't know",,,,,,,y,,,,,
demo_d_blueyellow_s1_r1_e1,demo_d_s1_r1_e1,,dropdown,"How about the difference between blue and yellow?","1, Yes | 0, No | 999, Don't know",,,,,,,y,,,,,
