"Variable / Field Name","Form Name","Section Header","Field Type","Field Label","Choices, Calculations, OR Slider Labels","Field Note","Text Validation Type OR Show Slider Number","Text Validation Min","Text Validation Max",Identifier?,"Branching Logic (Show field only if...)","Required Field?","Custom Alignment","Question Number (surveys only)","Matrix Group Name","Matrix Ranking?","Field Annotation"
rpbip_i1_s1_r1_e1,rpbip_s1_r1_e1,,radio,"I make my child feel better after talking over his/her worries with me.","0, not like | 1, somewhat like | 2, a lot like",,,,,,,y,,,rpbip,,
rpbip_i2_s1_r1_e1,rpbip_s1_r1_e1,,radio,"I tell my child of all the things I have done for him/her.","0, not like | 1, somewhat like | 2, a lot like",,,,,,,y,,,rpbip,,
rpbip_i3_s1_r1_e1,rpbip_s1_r1_e1,,radio,"I believe in having a lot of rules and sticking to them.","0, not like | 1, somewhat like | 2, a lot like",,,,,,,y,,,rpbip,,
rpbip_i4_s1_r1_e1,rpbip_s1_r1_e1,,radio,"I smile at my child very often.","0, not like | 1, somewhat like | 2, a lot like",,,,,,,y,,,rpbip,,
rpbip_i5_s1_r1_e1,rpbip_s1_r1_e1,,radio,"If my child really cared for me, he/she would not do things that cause me to worry.","0, not like | 1, somewhat like | 2, a lot like",,,,,,,y,,,rpbip,,
rpbip_i6_s1_r1_e1,rpbip_s1_r1_e1,,radio,"I insist that my child must do exactly as he/she is told.","0, not like | 1, somewhat like | 2, a lot like",,,,,,,y,,,rpbip,,
rpbip_i7_s1_r1_e1,rpbip_s1_r1_e1,,radio,"I am able to make my child feel better when he/she is upset.","0, not like | 1, somewhat like | 2, a lot like",,,,,,,y,,,rpbip,,
rpbip_i8_s1_r1_e1,rpbip_s1_r1_e1,,radio,"I am always telling my child how he/she should behave.","0, not like | 1, somewhat like | 2, a lot like",,,,,,,y,,,rpbip,,
rpbip_i9_s1_r1_e1,rpbip_s1_r1_e1,,radio,"I am very strict with my child.","0, not like | 1, somewhat like | 2, a lot like",,,,,,,y,,,rpbip,,
rpbip_i10_s1_r1_e1,rpbip_s1_r1_e1,,radio,"I enjoy doing things with my child.","0, not like | 1, somewhat like | 2, a lot like",,,,,,,y,,,rpbip,,
rpbip_i11_s1_r1_e1,rpbip_s1_r1_e1,,radio,"I would like to be able to tell my child what to do all the time.","0, not like | 1, somewhat like | 2, a lot like",,,,,,,y,,,rpbip,,
rpbip_i12_s1_r1_e1,rpbip_s1_r1_e1,,radio,"I give hard punishment.","0, not like | 1, somewhat like | 2, a lot like",,,,,,,y,,,rpbip,,
rpbip_i13_s1_r1_e1,rpbip_s1_r1_e1,,radio,"I cheer my child up when he/she is sad.","0, not like | 1, somewhat like | 2, a lot like",,,,,,,y,,,rpbip,,
rpbip_i14_s1_r1_e1,rpbip_s1_r1_e1,,radio,"I want to control whatever my child does.","0, not like | 1, somewhat like | 2, a lot like",,,,,,,y,,,rpbip,,
rpbip_i15_s1_r1_e1,rpbip_s1_r1_e1,,radio,"I am easy with my child.","0, not like | 1, somewhat like | 2, a lot like",,,,,,,y,,,rpbip,,
rpbip_i16_s1_r1_e1,rpbip_s1_r1_e1,,radio,"I give my child a lot of care and attention.","0, not like | 1, somewhat like | 2, a lot like",,,,,,,y,,,rpbip,,
rpbip_i17_s1_r1_e1,rpbip_s1_r1_e1,,radio,"I am always trying to change my child.","0, not like | 1, somewhat like | 2, a lot like",,,,,,,y,,,rpbip,,
rpbip_i18_s1_r1_e1,rpbip_s1_r1_e1,,radio,"I let my child off easy when he/she does something wrong.","0, not like | 1, somewhat like | 2, a lot like",,,,,,,y,,,rpbip,,
rpbip_i19_s1_r1_e1,rpbip_s1_r1_e1,,radio,"I make my child feel like the most important person in my life.","0, not like | 1, somewhat like | 2, a lot like",,,,,,,y,,,rpbip,,
rpbip_i20_s1_r1_e1,rpbip_s1_r1_e1,,radio,"I only keep rules when it suits me.","0, not like | 1, somewhat like | 2, a lot like",,,,,,,y,,,rpbip,,
rpbip_i21_s1_r1_e1,rpbip_s1_r1_e1,,radio,"I give my child as much freedom as he/she wants.","0, not like | 1, somewhat like | 2, a lot like",,,,,,,y,,,rpbip,,
rpbip_i22_s1_r1_e1,rpbip_s1_r1_e1,,radio,"I believe in showing my love for my child.","0, not like | 1, somewhat like | 2, a lot like",,,,,,,y,,,rpbip,,
rpbip_i23_s1_r1_e1,rpbip_s1_r1_e1,,radio,"I am less friendly with my child, if my child does not see things my way.","0, not like | 1, somewhat like | 2, a lot like",,,,,,,y,,,rpbip,,
rpbip_i24_s1_r1_e1,rpbip_s1_r1_e1,,radio,"I let my child go any place he/she pleases without asking.","0, not like | 1, somewhat like | 2, a lot like",,,,,,,y,,,rpbip,,
rpbip_i25_s1_r1_e1,rpbip_s1_r1_e1,,radio,"I often praise my child.","0, not like | 1, somewhat like | 2, a lot like",,,,,,,y,,,rpbip,,
rpbip_i26_s1_r1_e1,rpbip_s1_r1_e1,,radio,"I will avoid looking at my child when he/she has disappointed me.","0, not like | 1, somewhat like | 2, a lot like",,,,,,,y,,,rpbip,,
rpbip_i27_s1_r1_e1,rpbip_s1_r1_e1,,radio,"I let my child go out any evening he/she wants.","0, not like | 1, somewhat like | 2, a lot like",,,,,,,y,,,rpbip,,
rpbip_i28_s1_r1_e1,rpbip_s1_r1_e1,,radio,"I am easy to talk to.","0, not like | 1, somewhat like | 2, a lot like",,,,,,,y,,,rpbip,,
rpbip_i29_s1_r1_e1,rpbip_s1_r1_e1,,radio,"If my child hurts my feelings, I stop talking to my child until he/she pleases me again.","0, not like | 1, somewhat like | 2, a lot like",,,,,,,y,,,rpbip,,
rpbip_i30_s1_r1_e1,rpbip_s1_r1_e1,,radio,"I let my child do anything he/she likes to do.","0, not like | 1, somewhat like | 2, a lot like",,,,,,,y,,,rpbip,,
