"Variable / Field Name","Form Name","Section Header","Field Type","Field Label","Choices, Calculations, OR Slider Labels","Field Note","Text Validation Type OR Show Slider Number","Text Validation Min","Text Validation Max",Identifier?,"Branching Logic (Show field only if...)","Required Field?","Custom Alignment","Question Number (surveys only)","Matrix Group Name","Matrix Ranking?","Field Annotation"
bmis_i1_s1_r1_e1,bmis_s1_r1_e1,,radio,Lively,"1, Definitely Do Not Feel | 2, Do Not Feel | 3, Slightly Feel | 4, Definitely Feel",,,,,,,y,,,present_mood,,
bmis_i2_s1_r1_e1,bmis_s1_r1_e1,,radio,Happy,"1, Definitely Do Not Feel | 2, Do Not Feel | 3, Slightly Feel | 4, Definitely Feel",,,,,,,y,,,present_mood,,
bmis_i3_s1_r1_e1,bmis_s1_r1_e1,,radio,Sad,"1, Definitely Do Not Feel | 2, Do Not Feel | 3, Slightly Feel | 4, Definitely Feel",,,,,,,y,,,present_mood,,
bmis_i4_s1_r1_e1,bmis_s1_r1_e1,,radio,Tired,"1, Definitely Do Not Feel | 2, Do Not Feel | 3, Slightly Feel | 4, Definitely Feel",,,,,,,y,,,present_mood,,
bmis_i5_s1_r1_e1,bmis_s1_r1_e1,,radio,Caring,"1, Definitely Do Not Feel | 2, Do Not Feel | 3, Slightly Feel | 4, Definitely Feel",,,,,,,y,,,present_mood,,
bmis_i6_s1_r1_e1,bmis_s1_r1_e1,,radio,Content,"1, Definitely Do Not Feel | 2, Do Not Feel | 3, Slightly Feel | 4, Definitely Feel",,,,,,,y,,,present_mood,,
bmis_i7_s1_r1_e1,bmis_s1_r1_e1,,radio,Gloomy,"1, Definitely Do Not Feel | 2, Do Not Feel | 3, Slightly Feel | 4, Definitely Feel",,,,,,,y,,,present_mood,,
bmis_i8_s1_r1_e1,bmis_s1_r1_e1,,radio,Jittery,"1, Definitely Do Not Feel | 2, Do Not Feel | 3, Slightly Feel | 4, Definitely Feel",,,,,,,y,,,present_mood,,
bmis_i9_s1_r1_e1,bmis_s1_r1_e1,,radio,Drowsy,"1, Definitely Do Not Feel | 2, Do Not Feel | 3, Slightly Feel | 4, Definitely Feel",,,,,,,y,,,present_mood,,
bmis_i10_s1_r1_e1,bmis_s1_r1_e1,,radio,Grouchy,"1, Definitely Do Not Feel | 2, Do Not Feel | 3, Slightly Feel | 4, Definitely Feel",,,,,,,y,,,present_mood,,
bmis_i11_s1_r1_e1,bmis_s1_r1_e1,,radio,Peppy,"1, Definitely Do Not Feel | 2, Do Not Feel | 3, Slightly Feel | 4, Definitely Feel",,,,,,,y,,,present_mood,,
bmis_i12_s1_r1_e1,bmis_s1_r1_e1,,radio,Nervous,"1, Definitely Do Not Feel | 2, Do Not Feel | 3, Slightly Feel | 4, Definitely Feel",,,,,,,y,,,present_mood,,
bmis_i13_s1_r1_e1,bmis_s1_r1_e1,,radio,Calm,"1, Definitely Do Not Feel | 2, Do Not Feel | 3, Slightly Feel | 4, Definitely Feel",,,,,,,y,,,present_mood,,
bmis_i14_s1_r1_e1,bmis_s1_r1_e1,,radio,Loving,"1, Definitely Do Not Feel | 2, Do Not Feel | 3, Slightly Feel | 4, Definitely Feel",,,,,,,y,,,present_mood,,
bmis_i15_s1_r1_e1,bmis_s1_r1_e1,,radio,"Fed up","1, Definitely Do Not Feel | 2, Do Not Feel | 3, Slightly Feel | 4, Definitely Feel",,,,,,,y,,,present_mood,,
bmis_i16_s1_r1_e1,bmis_s1_r1_e1,,radio,Active,"1, Definitely Do Not Feel | 2, Do Not Feel | 3, Slightly Feel | 4, Definitely Feel",,,,,,,y,,,present_mood,,
bmis_i17_s1_r1_e1,bmis_s1_r1_e1,,slider,"Overall, my mood is: ","Very Unpleasant |  | Very Pleasant",,,,,,,y,RH,,,,
