"Variable / Field Name","Form Name","Section Header","Field Type","Field Label","Choices, Calculations, OR Slider Labels","Field Note","Text Validation Type OR Show Slider Number","Text Validation Min","Text Validation Max",Identifier?,"Branching Logic (Show field only if...)","Required Field?","Custom Alignment","Question Number (surveys only)","Matrix Group Name","Matrix Ranking?","Field Annotation"
fasap_i1_s1_r1_e1,fasap_s1_r1_e1,"Participation in symptom related behaviors in the past month",radio,"How often did you reassure your child?","0, Never | 1, 1-3 times a month | 2, 1-2 times a week | 3, 3-6 times a week | 4, Daily",,,,,,,y,,,fasap1,,
fasap_i2_s1_r1_e1,fasap_s1_r1_e1,,radio,"How often did you provide items needed because of anxiety?","0, Never | 1, 1-3 times a month | 2, 1-2 times a week | 3, 3-6 times a week | 4, Daily",,,,,,,y,,,fasap1,,
fasap_i3_s1_r1_e1,fasap_s1_r1_e1,,radio,"How often did you participate in behaviors related to your child's anxiety?","0, Never | 1, 1-3 times a month | 2, 1-2 times a week | 3, 3-6 times a week | 4, Daily",,,,,,,y,,,fasap1,,
fasap_i4_s1_r1_e1,fasap_s1_r1_e1,,radio,"How often did you assist your child in avoiding things that might make him/her more anxious?","0, Never | 1, 1-3 times a month | 2, 1-2 times a week | 3, 3-6 times a week | 4, Daily",,,,,,,y,,,fasap1,,
fasap_i5_s1_r1_e1,fasap_s1_r1_e1,,radio,"Have you avoided doing things, going places or being with people because of your child's anxiety?","0, Never | 1, 1-3 times a month | 2, 1-2 times a week | 3, 3-6 times a week | 4, Daily",,,,,,,y,,,fasap1,,
fasap_i6_s1_r1_e1,fasap_s1_r1_e1,"Modification of functioning during the past month",radio,"Have you modified your family routine because  of your child's symptoms?","0, Never | 1, 1-3 times a month | 2, 1-2 times a week | 3, 3-6 times a week | 4, Daily",,,,,,,y,,,fasap2,,
fasap_i7_s1_r1_e1,fasap_s1_r1_e1,,radio,"Have you had to do things that would usually be your child's responsibility?","0, Never | 1, 1-3 times a month | 2, 1-2 times a week | 3, 3-6 times a week | 4, Daily",,,,,,,y,,,fasap2,,
fasap_i8_s1_r1_e1,fasap_s1_r1_e1,,radio,"Have you modified your work schedule because of your child's anxiety?","0, Never | 1, 1-3 times a month | 2, 1-2 times a week | 3, 3-6 times a week | 4, Daily",,,,,,,y,,,fasap2,,
fasap_i9_s1_r1_e1,fasap_s1_r1_e1,,radio,"Have you modified your leisure activities because of your child's anxiety?","0, Never | 1, 1-3 times a month | 2, 1-2 times a week | 3, 3-6 times a week | 4, Daily",,,,,,,y,,,fasap2,,
fasap_i10_s1_r1_e1,fasap_s1_r1_e1,"Distress and Consequences",radio,"Does helping your child in these ways cause you distress?","0, No | 1, Mild | 2, Moderate | 3, Severe | 4, Extreme",,,,,,,y,,,fasap3,,
fasap_i11_s1_r1_e1,fasap_s1_r1_e1,,radio,"Has your child become distressed when you have not provided assistance? To what degree?","0, No | 1, Mild | 2, Moderate | 3, Severe | 4, Extreme",,,,,,,y,,,fasap3,,
fasap_i12_s1_r1_e1,fasap_s1_r1_e1,,radio,"Has your child become angry/abusive when you have not provided assistance? To what degree?","0, No | 1, Mild | 2, Moderate | 3, Severe | 4, Extreme",,,,,,,y,,,fasap3,,
fasap_i13_s1_r1_e1,fasap_s1_r1_e1,,radio,"Has your child's anxiety been worse when you have not provided assistance? How much worse?","0, No | 1, Mild | 2, Moderate | 3, Severe | 4, Extreme",,,,,,,y,,,fasap3,,
