"Variable / Field Name","Form Name","Section Header","Field Type","Field Label","Choices, Calculations, OR Slider Labels","Field Note","Text Validation Type OR Show Slider Number","Text Validation Min","Text Validation Max",Identifier?,"Branching Logic (Show field only if...)","Required Field?","Custom Alignment","Question Number (surveys only)","Matrix Group Name","Matrix Ranking?","Field Annotation"
yssmp_i1_s1_r1_e1,yssmp_s1_r1_e1,,text,"On a typical WEEKDAY, how much TIME does your child spend on a computer, cellphone, tablet, or other electronic device?",,"(Use the sliders to select the number of hours and minutes.)",time,,,,,y,,,,," @HIDEBUTTON"
yssmp_i2_s1_r1_e1,yssmp_s1_r1_e1,,text,"On a typical WEEKEND DAY, how much TIME does your child spend on a computer, cellphone, tablet, or other electronic device?",,"(Use the sliders to select the number of hours and minutes.)",time,,,,,y,,,,," @HIDEBUTTON"
yssmp_i3_s1_r1_e1,yssmp_s1_r1_e1,,checkbox,"What types of SCREEN MEDIA does your child use the most (not including screen media used for school or homework)?","1, Television | 2, Video games | 3, Cell phone | 4, Tablet | 5, Handheld video game device | 6, Computer/laptop | 7, Other",,,,,,,y,,,,,
yssmp_i3oth_s1_r1_e1,yssmp_s1_r1_e1,,text,"If other, please specify:",,,,,,,"[yssmp_i3_s1_r1_e1(7)] = '1'",,,,,,
yssmp_i4_s1_r1_e1,yssmp_s1_r1_e1,,radio,"Are you following or friends with your child on any social media sites (e.g. Facebook Instagram Snapchat)?","1, Yes | 0, No",,,,,,,y,,,,,
yssmp_i5_s1_r1_e1,yssmp_s1_r1_e1,,radio,"Do you suspect that your child has social media accounts that you are unaware of?","1, Yes | 0, No",,,,,,,y,,,,,
yssmp_i6_s1_r1_e1,yssmp_s1_r1_e1,,radio,"My child sneaks using screen media.","1, Never | 2, Rarely | 3, Sometimes | 4, Very often | 5, Always",,,,,,,y,,,yssmp,,
yssmp_i7_s1_r1_e1,yssmp_s1_r1_e1,,radio,"Screen media is all that my child seems to think about.","1, Never | 2, Rarely | 3, Sometimes | 4, Very often | 5, Always",,,,,,,y,,,yssmp,,
yssmp_i8_s1_r1_e1,yssmp_s1_r1_e1,,radio,"It is hard for my child to stop using screen media.","1, Never | 2, Rarely | 3, Sometimes | 4, Very often | 5, Always",,,,,,,y,,,yssmp,,
yssmp_i9_s1_r1_e1,yssmp_s1_r1_e1,,radio,"When my child has had a bad day, screen media seems to be the only thing that helps him/her feel better.","1, Never | 2, Rarely | 3, Sometimes | 4, Very often | 5, Always",,,,,,,y,,,yssmp,,
yssmp_i10_s1_r1_e1,yssmp_s1_r1_e1,,radio,"My child's screen media use causes problems for the family.","1, Never | 2, Rarely | 3, Sometimes | 4, Very often | 5, Always",,,,,,,y,,,yssmp,,
yssmp_i11_s1_r1_e1,yssmp_s1_r1_e1,,radio,"The amount of time my child wants to use screen media keeps increasing.","1, Never | 2, Rarely | 3, Sometimes | 4, Very often | 5, Always",,,,,,,y,,,yssmp,,
yssmp_i12_s1_r1_e1,yssmp_s1_r1_e1,,radio,"Screen media is the only thing that seems to motivate my child.","1, Never | 2, Rarely | 3, Sometimes | 4, Very often | 5, Always",,,,,,,y,,,yssmp,,
yssmp_i13_s1_r1_e1,yssmp_s1_r1_e1,,radio,"My child becomes frustrated when he/she cannot use screen media.","1, Never | 2, Rarely | 3, Sometimes | 4, Very often | 5, Always",,,,,,,y,,,yssmp,,
yssmp_i14_s1_r1_e1,yssmp_s1_r1_e1,,radio,"My child's screen media use interferes with family activities.","1, Never | 2, Rarely | 3, Sometimes | 4, Very often | 5, Always",,,,,,,y,,,yssmp,,
