﻿"Variable / Field Name","Form Name","Section Header","Field Type","Field Label","Choices, Calculations, OR Slider Labels","Field Note","Text Validation Type OR Show Slider Number","Text Validation Min","Text Validation Max",Identifier?,"Branching Logic (Show field only if...)","Required Field?","Custom Alignment","Question Number (surveys only)","Matrix Group Name","Matrix Ranking?","Field Annotation"
masies_b_i0_s1_r1_e1,masies_b_s1_r1_e1,,radio,"Tiene alguna cultura de herencia (además de la Americana?)","1, Sí | 0, No",,,,,,,y,,,,,
masies_b_culture_s1_r1_e1,masies_b_s1_r1_e1,,text,"Nuestra cultura de origen (que no sea americana o estadounidense) es:",,,,,,,"[masies_b_i0_s1_r1_e1] = '1'",,,,,,
masies_b_i1_s1_r1_e1,masies_b_s1_r1_e1,"Por favor califique que tan de acuerdo o en desacuerdo está con las siguientes afirmaciones.",radio,"No hablo el idioma de herencia de mi familia o no lo hablo bien.","1, Muy en desacuerdo | 2, | 3, | 4, | 5, Muy de acuerdo",,,,,,"[masies_b_i0_s1_r1_e1] = '1'",y,,,masies,,
masies_b_i2_s1_r1_e1,masies_b_s1_r1_e1,,radio,"Me siento incómodo/a al rededor de personas que sólo hablan el idioma de herencia de mi familia.","1, Muy en desacuerdo | 2, | 3, | 4, | 5, Muy de acuerdo",,,,,,"[masies_b_i0_s1_r1_e1] = '1'",y,,,masies,,
masies_b_i3_s1_r1_e1,masies_b_s1_r1_e1,,radio,"Me siento presionado/a a aprender el idioma de herencia de mi familia.","1, Muy en desacuerdo | 2, | 3, | 4, | 5, Muy de acuerdo",,,,,,"[masies_b_i0_s1_r1_e1] = '1'",y,,,masies,,
masies_b_i4_s1_r1_e1,masies_b_s1_r1_e1,,radio,"Me cuesta entender a otras personas cuando hablan el idioma de herencia de mi familia.","1, Muy en desacuerdo | 2, | 3, | 4, | 5, Muy de acuerdo",,,,,,"[masies_b_i0_s1_r1_e1] = '1'",y,,,masies,,
masies_b_i5_s1_r1_e1,masies_b_s1_r1_e1,,radio,"Como no hablo bien el idioma de herencia de mi familia, la gente me ha tratado de manera grosera o injusta.","1, Muy en desacuerdo | 2, | 3, | 4, | 5, Muy de acuerdo",,,,,,"[masies_b_i0_s1_r1_e1] = '1'",y,,,masies,,
masies_b_i6_s1_r1_e1,masies_b_s1_r1_e1,,radio,"Me molesta cuando la gente asume que hablo el idioma de herencia de mi familia.","1, Muy en desacuerdo | 2, | 3, | 4, | 5, Muy de acuerdo",,,,,,"[masies_b_i0_s1_r1_e1] = '1'",y,,,masies,,
masies_b_i7_s1_r1_e1,masies_b_s1_r1_e1,,radio,"He sido discriminado/a porque tengo dificultad para hablar el idioma de herencia de mi familia.","1, Muy en desacuerdo | 2, | 3, | 4, | 5, Muy de acuerdo",,,,,,"[masies_b_i0_s1_r1_e1] = '1'",y,,,masies,,
masies_b_i8_s1_r1_e1,masies_b_s1_r1_e1,,radio,"No hablo inglés o no lo hablo bien.","1, Muy en desacuerdo | 2, | 3, | 4, | 5, Muy de acuerdo",,,,,,"[masies_b_i0_s1_r1_e1] = '1'",y,,,masies,,
masies_b_i9_s1_r1_e1,masies_b_s1_r1_e1,,radio,"He sido discriminado/a porque tengo dificultad para hablar en inglés.","1, Muy en desacuerdo | 2, | 3, | 4, | 5, Muy de acuerdo",,,,,,"[masies_b_i0_s1_r1_e1] = '1'",y,,,masies,,
masies_b_i10_s1_r1_e1,masies_b_s1_r1_e1,,radio,"Como no hablo bien inglés, la gente me ha tratado de manera grosera o injusta.","1, Muy en desacuerdo | 2, | 3, | 4, | 5, Muy de acuerdo",,,,,,"[masies_b_i0_s1_r1_e1] = '1'",y,,,masies,,
masies_b_i11_s1_r1_e1,masies_b_s1_r1_e1,,radio,"Me siento presionado/a a aprender inglés.","1, Muy en desacuerdo | 2, | 3, | 4, | 5, Muy de acuerdo",,,,,,"[masies_b_i0_s1_r1_e1] = '1'",y,,,masies,,
masies_b_i12_s1_r1_e1,masies_b_s1_r1_e1,,radio,"Me molesta que hablo inglés con un acento.","1, Muy en desacuerdo | 2, | 3, | 4, | 5, Muy de acuerdo",,,,,,"[masies_b_i0_s1_r1_e1] = '1'",y,,,masies,,
masies_b_i13_s1_r1_e1,masies_b_s1_r1_e1,,radio,"Me cuesta entender a otras personas cuando hablan en inglés.","1, Muy en desacuerdo | 2, | 3, | 4, | 5, Muy de acuerdo",,,,,,"[masies_b_i0_s1_r1_e1] = '1'",y,,,masies,,
masies_b_i14_s1_r1_e1,masies_b_s1_r1_e1,,radio,"Me siento incómodo/a al rededor de personas que sólo hablan inglés.","1, Muy en desacuerdo | 2, | 3, | 4, | 5, Muy de acuerdo",,,,,,"[masies_b_i0_s1_r1_e1] = '1'",y,,,masies,,
masies_b_i15_s1_r1_e1,masies_b_s1_r1_e1,,radio,"Me molesta cuando la gente me presiona para que asuma la manera americana de hacer las cosas.","1, Muy en desacuerdo | 2, | 3, | 4, | 5, Muy de acuerdo",,,,,,"[masies_b_i0_s1_r1_e1] = '1'",y,,,masies,,
masies_b_i16_s1_r1_e1,masies_b_s1_r1_e1,,radio,"Me molesta cuando la gente no respeta los valores culturales de mi familia.","1, Muy en desacuerdo | 2, | 3, | 4, | 5, Muy de acuerdo",,,,,,"[masies_b_i0_s1_r1_e1] = '1'",y,,,masies,,
masies_b_i17_s1_r1_e1,masies_b_s1_r1_e1,,radio,"Debido a mi trasfondo cultural, me cuesta mucho encajar con los estadounidenses blancos.","1, Muy en desacuerdo | 2, | 3, | 4, | 5, Muy de acuerdo",,,,,,"[masies_b_i0_s1_r1_e1] = '1'",y,,,masies,,
masies_b_i18_s1_r1_e1,masies_b_s1_r1_e1,,radio,"Me siento incómodo/a cuando otras personas esperan que conozca la manera americana de hacer las cosas.","1, Muy en desacuerdo | 2, | 3, | 4, | 5, Muy de acuerdo",,,,,,"[masies_b_i0_s1_r1_e1] = '1'",y,,,masies,,
masies_b_i19_s1_r1_e1,masies_b_s1_r1_e1,,radio,"No me siento aceptado/a por estadounidenses blancos.","1, Muy en desacuerdo | 2, | 3, | 4, | 5, Muy de acuerdo",,,,,,"[masies_b_i0_s1_r1_e1] = '1'",y,,,masies,,
masies_b_i20_s1_r1_e1,masies_b_s1_r1_e1,,radio,"Me siento incómodo/a cuando tengo que escoger entre la cultura de herencia de mi familia y la manera americana de hacer las cosas.","1, Muy en desacuerdo | 2, | 3, | 4, | 5, Muy de acuerdo",,,,,,"[masies_b_i0_s1_r1_e1] = '1'",y,,,masies,,
masies_b_i21_s1_r1_e1,masies_b_s1_r1_e1,,radio,"La gente me mira con desprecio si practico costumbres de la cultura de herencia de mi familia.","1, Muy en desacuerdo | 2, | 3, | 4, | 5, Muy de acuerdo",,,,,,"[masies_b_i0_s1_r1_e1] = '1'",y,,,masies,,
masies_b_i22_s1_r1_e1,masies_b_s1_r1_e1,,radio,"He tenido conflictos con otras personas porque prefiero las costumbres americanas que las de la cultura de herencia de mi familia.","1, Muy en desacuerdo | 2, | 3, | 4, | 5, Muy de acuerdo",,,,,,"[masies_b_i0_s1_r1_e1] = '1'",y,,,masies,,
masies_b_i23_s1_r1_e1,masies_b_s1_r1_e1,,radio,"La gente me mira con desprecio si practico costumbres americanas.","1, Muy en desacuerdo | 2, | 3, | 4, | 5, Muy de acuerdo",,,,,,"[masies_b_i0_s1_r1_e1] = '1'",y,,,masies,,
masies_b_i24_s1_r1_e1,masies_b_s1_r1_e1,,radio,"Me siento incómodo/a cuando otras personas esperan que conozca la manera de hacer las cosa en la cultura de herencia de mi familia.","1, Muy en desacuerdo | 2, | 3, | 4, | 5, Muy de acuerdo",,,,,,"[masies_b_i0_s1_r1_e1] = '1'",y,,,masies,,
masies_b_i25_s1_r1_e1,masies_b_s1_r1_e1,,radio,"Me siento incómodo/a porque los miembros de mi familia no conocen las formas de hacer las cosas de su cultura de herencia.","1, Muy en desacuerdo | 2, | 3, | 4, | 5, Muy de acuerdo",,,,,,"[masies_b_i0_s1_r1_e1] = '1'",y,,,masies,,
