"Variable / Field Name","Form Name","Section Header","Field Type","Field Label","Choices, Calculations, OR Slider Labels","Field Note","Text Validation Type OR Show Slider Number","Text Validation Min","Text Validation Max",Identifier?,"Branching Logic (Show field only if...)","Required Field?","Custom Alignment","Question Number (surveys only)","Matrix Group Name","Matrix Ranking?","Field Annotation"
pints_i1_s1_r1_e1,pints_s1_r1_e1,"Please rate the frequency with which each of these things happen to you when you experience a problem:",radio,"I lay awake at night thinking about things","1, never | 2,  | 3,  | 4,  | 5, almost always",,,,,,,y,,,pints,,
pints_i2_s1_r1_e1,pints_s1_r1_e1,,radio,"When I have a problem, I can't get it out of my head","1, never | 2,  | 3,  | 4,  | 5, almost always",,,,,,,y,,,pints,,
pints_i3_s1_r1_e1,pints_s1_r1_e1,,radio,"When something upsets me, I think about it over and over","1, never | 2,  | 3,  | 4,  | 5, almost always",,,,,,,y,,,pints,,
pints_i4_s1_r1_e1,pints_s1_r1_e1,,radio,"I get stuck thinking about things","1, never | 2,  | 3,  | 4,  | 5, almost always",,,,,,,y,,,pints,,
pints_i5_s1_r1_e1,pints_s1_r1_e1,,radio,"When something difficult is coming up, I keep thinking about it all of the time","1, never | 2,  | 3,  | 4,  | 5, almost always",,,,,,,y,,,pints,,
