"Variable / Field Name","Form Name","Section Header","Field Type","Field Label","Choices, Calculations, OR Slider Labels","Field Note","Text Validation Type OR Show Slider Number","Text Validation Min","Text Validation Max",Identifier?,"Branching Logic (Show field only if...)","Required Field?","Custom Alignment","Question Number (surveys only)","Matrix Group Name","Matrix Ranking?","Field Annotation"
texip_b_i1_s1_r1_e1,texip_b_s1_r1_e1,,radio,"Has difficulty remembering lengthy instructions","1, Definitely not true | 2, Not true | 3, Partially true | 4, True | 5, Definitely true",,,,,,,y,,,texip_b,,
texip_b_i2_s1_r1_e1,texip_b_s1_r1_e1,,radio,"Has difficulty remembering what he/she needs to do in the middle of an activity","1, Definitely not true | 2, Not true | 3, Partially true | 4, True | 5, Definitely true",,,,,,,y,,,texip_b,,
texip_b_i3_s1_r1_e1,texip_b_s1_r1_e1,,radio,"Has a tendency to do things without first thinking about what could happen","1, Definitely not true | 2, Not true | 3, Partially true | 4, True | 5, Definitely true",,,,,,,y,,,texip_b,,
texip_b_i4_s1_r1_e1,texip_b_s1_r1_e1,,radio,"Has difficulty stopping an activity even though he/she is told that the activity is not allowed","1, Definitely not true | 2, Not true | 3, Partially true | 4, True | 5, Definitely true",,,,,,,y,,,texip_b,,
texip_b_i5_s1_r1_e1,texip_b_s1_r1_e1,,radio,"When someone asks him/her to do several things, he/she cannot remember all of them","1, Definitely not true | 2, Not true | 3, Partially true | 4, True | 5, Definitely true",,,,,,,y,,,texip_b,,
texip_b_i6_s1_r1_e1,texip_b_s1_r1_e1,,radio,"Has difficulty refraining from laughing or smiling in situations where it is inappropriate","1, Definitely not true | 2, Not true | 3, Partially true | 4, True | 5, Definitely true",,,,,,,y,,,texip_b,,
texip_b_i7_s1_r1_e1,texip_b_s1_r1_e1,,radio,"Finds it difficult to come up with a new way to solve a problem when he/she gets stuck","1, Definitely not true | 2, Not true | 3, Partially true | 4, True | 5, Definitely true",,,,,,,y,,,texip_b,,
texip_b_i8_s1_r1_e1,texip_b_s1_r1_e1,,radio,"When asked to get something, he/she forgets what he/she is supposed to get","1, Definitely not true | 2, Not true | 3, Partially true | 4, True | 5, Definitely true",,,,,,,y,,,texip_b,,
texip_b_i9_s1_r1_e1,texip_b_s1_r1_e1,,radio,"Finds it difficult to plan things (e.g., remembering to bring everything necessary for school or when going on a trip)","1, Definitely not true | 2, Not true | 3, Partially true | 4, True | 5, Definitely true",,,,,,,y,,,texip_b,,
texip_b_i10_s1_r1_e1,texip_b_s1_r1_e1,,radio,"Has difficulty stopping him-/herself during an activity he/she likes (e.g., sits in front of the computer/mobile device even though it is time to go to bed)","1, Definitely not true | 2, Not true | 3, Partially true | 4, True | 5, Definitely true",,,,,,,y,,,texip_b,,
texip_b_i11_s1_r1_e1,texip_b_s1_r1_e1,,radio,"Has difficulty understanding instructions unless he/she is also shown <i>how</i> to do something","1, Definitely not true | 2, Not true | 3, Partially true | 4, True | 5, Definitely true",,,,,,,y,,,texip_b,,
texip_b_i12_s1_r1_e1,texip_b_s1_r1_e1,,radio,"Has difficulty with tasks involving several steps that need to be completed in a certain order","1, Definitely not true | 2, Not true | 3, Partially true | 4, True | 5, Definitely true",,,,,,,y,,,texip_b,,
texip_b_i13_s1_r1_e1,texip_b_s1_r1_e1,,radio,"Has difficulty learning from his/her own mistakes (e.g., repeats the same mistake over and over again)","1, Definitely not true | 2, Not true | 3, Partially true | 4, True | 5, Definitely true",,,,,,,y,,,texip_b,,
texip_b_i14_s1_r1_e1,texip_b_s1_r1_e1,,radio,"Appears to be more lively/wild than his/her peers","1, Definitely not true | 2, Not true | 3, Partially true | 4, True | 5, Definitely true",,,,,,,y,,,texip_b,,
texip_b_i15_s1_r1_e1,texip_b_s1_r1_e1,,radio,"Has difficulty motivating him-/herself to do things that he/she does not like to do","1, Definitely not true | 2, Not true | 3, Partially true | 4, True | 5, Definitely true",,,,,,,y,,,texip_b,,
texip_b_i16_s1_r1_e1,texip_b_s1_r1_e1,,radio,"Finds it difficult to start a task if distracted by something he/she likes (e.g., fails to start doing homework and instead uses his/her mobile device)","1, Definitely not true | 2, Not true | 3, Partially true | 4, True | 5, Definitely true",,,,,,,y,,,texip_b,,
texip_b_i17_s1_r1_e1,texip_b_s1_r1_e1,,radio,"Has difficulty stopping an activity when asked to do so","1, Definitely not true | 2, Not true | 3, Partially true | 4, True | 5, Definitely true",,,,,,,y,,,texip_b,,
texip_b_i18_s1_r1_e1,texip_b_s1_r1_e1,,radio,"Often get more excited than his/her peers if something special happens (e.g., parties, trips, birthdays, winning a game)","1, Definitely not true | 2, Not true | 3, Partially true | 4, True | 5, Definitely true",,,,,,,y,,,texip_b,,
texip_b_i19_s1_r1_e1,texip_b_s1_r1_e1,,radio,"Fails to finish things that he/she has started","1, Definitely not true | 2, Not true | 3, Partially true | 4, True | 5, Definitely true",,,,,,,y,,,texip_b,,
texip_b_i20_s1_r1_e1,texip_b_s1_r1_e1,,radio,"Puts things off until the last minute","1, Definitely not true | 2, Not true | 3, Partially true | 4, True | 5, Definitely true",,,,,,,y,,,texip_b,,
