"Variable / Field Name","Form Name","Section Header","Field Type","Field Label","Choices, Calculations, OR Slider Labels","Field Note","Text Validation Type OR Show Slider Number","Text Validation Min","Text Validation Max",Identifier?,"Branching Logic (Show field only if...)","Required Field?","Custom Alignment","Question Number (surveys only)","Matrix Group Name","Matrix Ranking?","Field Annotation"
erqca_i1_s1_r1_e1,erqca_s1_r1_e1,,radio,"When I want to feel happier, I think about something different","1, strongly disagree | 2, disagree | 3, half and half | 4, agree | 5, strongly agree",,,,,,,y,,,erqca,,
erqca_i2_s1_r1_e1,erqca_s1_r1_e1,,radio,"I keep my feelings to myself","1, strongly disagree | 2, disagree | 3, half and half | 4, agree | 5, strongly agree",,,,,,,y,,,erqca,,
erqca_i3_s1_r1_e1,erqca_s1_r1_e1,,radio,"When I want to feel less bad (e.g., sad, angry, or worried), I think about something different","1, strongly disagree | 2, disagree | 3, half and half | 4, agree | 5, strongly agree",,,,,,,y,,,erqca,,
erqca_i4_s1_r1_e1,erqca_s1_r1_e1,,radio,"When I am feeling happy, I am careful not to show it","1, strongly disagree | 2, disagree | 3, half and half | 4, agree | 5, strongly agree",,,,,,,y,,,erqca,,
erqca_i5_s1_r1_e1,erqca_s1_r1_e1,,radio,"When I'm worried about something, I make myself think about it in a way that helps me feel better","1, strongly disagree | 2, disagree | 3, half and half | 4, agree | 5, strongly agree",,,,,,,y,,,erqca,,
erqca_i6_s1_r1_e1,erqca_s1_r1_e1,,radio,"I control my feelings by not showing them","1, strongly disagree | 2, disagree | 3, half and half | 4, agree | 5, strongly agree",,,,,,,y,,,erqca,,
erqca_i7_s1_r1_e1,erqca_s1_r1_e1,,radio,"When I want to feel happier about something, I change the way I'm thinking about it","1, strongly disagree | 2, disagree | 3, half and half | 4, agree | 5, strongly agree",,,,,,,y,,,erqca,,
erqca_i8_s1_r1_e1,erqca_s1_r1_e1,,radio,"I control my feelings about things by changing the way I think about them","1, strongly disagree | 2, disagree | 3, half and half | 4, agree | 5, strongly agree",,,,,,,y,,,erqca,,
erqca_i9_s1_r1_e1,erqca_s1_r1_e1,,radio,"When I'm feeling bad (e.g., sad, angry, or worried), I'm careful not to show it","1, strongly disagree | 2, disagree | 3, half and half | 4, agree | 5, strongly agree",,,,,,,y,,,erqca,,
erqca_i10_s1_r1_e1,erqca_s1_r1_e1,,radio,"When I want to feel less bad (e.g., sad, angry, or worried) about something, I change the way I'm thinking about it","1, strongly disagree | 2, disagree | 3, half and half | 4, agree | 5, strongly agree",,,,,,,y,,,erqca,,
