"Variable / Field Name","Form Name","Section Header","Field Type","Field Label","Choices, Calculations, OR Slider Labels","Field Note","Text Validation Type OR Show Slider Number","Text Validation Min","Text Validation Max",Identifier?,"Branching Logic (Show field only if...)","Required Field?","Custom Alignment","Question Number (surveys only)","Matrix Group Name","Matrix Ranking?","Field Annotation"
cyber_i1_s1_r1_e1,cyber_s1_r1_e1,,yesno,"Have you ever been cyberbullied, where someone was trying on purpose to harm you or be mean to you online, in texts, or group texts, or on social media (like Instagram or Snapchat)?",,,,,,,,y,,,,,
cyber_i2_s1_r1_e1,cyber_s1_r1_e1,,yesno,"Has this happened to you in the past 12 months?",,,,,,,"[cyber_i1_s1_r1_e1] = '1'",,,,,,
cyber_i3_s1_r1_e1,cyber_s1_r1_e1,,radio,"How often in the past 12 months?","1, 1 time | 2, 2 times | 3, 3 times | 4, 4-9 times | 5, 10-19 times | 6, 20-39 times | 7, 40-49 times | 8, 50+ times",,,,,,"[cyber_i2_s1_r1_e1] = '1'",,,,,,
cyber_i4_s1_r1_e1,cyber_s1_r1_e1,,radio,"Did they have more power, strength, or social influence than you? This could be because they were bigger, had more friends, were more popular, or had more power than you in another way?","1, Yes | 0, No | 999, Don't Know",,,,,,"[cyber_i1_s1_r1_e1] = '1'",,,,,,
cyber_i5_s1_r1_e1,cyber_s1_r1_e1,,yesno,"Have you ever cyberbullied someone, where you purposefully tried to harm another person or be mean to them online, in texts or group texts, or on social media (like Instagram or Snapchat)?",,,,,,,,y,,,,,
cyber_i6_s1_r1_e1,cyber_s1_r1_e1,,yesno,"Have you done this in the past 12 months?",,,,,,,"[cyber_i5_s1_r1_e1] = '1'",,,,,,
cyber_i7_s1_r1_e1,cyber_s1_r1_e1,,radio,"How often in the past 12 months?","1, 1 time | 2, 2 times | 3, 3 times | 4, 4-9 times | 5, 10-19 times | 6, 20-39 times | 7, 40-49 times | 8, 50+ times",,,,,,"[cyber_i6_s1_r1_e1] = '1'",,,,,,
cyber_i8_s1_r1_e1,cyber_s1_r1_e1,,radio,"Did you have more power, strength, or social influence than the person you were cyberbullying? This could be because you were bigger than this person, had more friends, were more popular, or had more power than that person in another way?","1, Yes | 0, No | 999, Don't Know",,,,,,"[cyber_i5_s1_r1_e1] = '1'",,,,,,
