"Variable / Field Name","Form Name","Section Header","Field Type","Field Label","Choices, Calculations, OR Slider Labels","Field Note","Text Validation Type OR Show Slider Number","Text Validation Min","Text Validation Max",Identifier?,"Branching Logic (Show field only if...)","Required Field?","Custom Alignment","Question Number (surveys only)","Matrix Group Name","Matrix Ranking?","Field Annotation"
dyadb_header1,dyadb_s1_r1_e1,,descriptive,"Please answer the following questions about the other person.",,,,,,,,,,,,,
dyadb_i1_s1_r1_e1,dyadb_s1_r1_e1,,radio,"How well do you think the other person did playing the game?","1, Not well at all | 2,  | 3,  | 4, Very well",,,,,,,y,,,dyadb1,,
dyadb_i2_s1_r1_e1,dyadb_s1_r1_e1,,radio,"How well do you think the other person did giving a speech?","1, Not well at all | 2,  | 3,  | 4, Very well",,,,,,,y,,,dyadb1,,
dyadb_i3_s1_r1_e1,dyadb_s1_r1_e1,,radio,"How well did the other person do talking and interacting with you?","1, Not well at all | 2,  | 3,  | 4, Very well",,,,,,,y,,,dyadb1,,
dyadb_i4_s1_r1_e1,dyadb_s1_r1_e1,,radio,"How much would want to interact with the other person again?","1, Not at all | 2,  | 3,  | 4, Very much",,,,,,,y,,,dyadb2,,
dyadb_header2,dyadb_s1_r1_e1,,descriptive,"Please answer the following questions based on what you think the other person's thinks about you.",,,,,,,,,,,,,
dyadb_i5_s1_r1_e1,dyadb_s1_r1_e1,,radio,"How well do you think the other person would say you did playing the game?","1, Not well at all | 2,  | 3,  | 4, Very well",,,,,,,y,,,dyadb3,,
dyadb_i6_s1_r1_e1,dyadb_s1_r1_e1,,radio,"How well do you think the other person would say you did giving a speech?","1, Not well at all | 2,  | 3,  | 4, Very well",,,,,,,y,,,dyadb3,,
dyadb_i7_s1_r1_e1,dyadb_s1_r1_e1,,radio,"How well do you think the other person would say you did talking and interacting with them?","1, Not well at all | 2,  | 3,  | 4, Very well",,,,,,,y,,,dyadb3,,
dyadb_i8_s1_r1_e1,dyadb_s1_r1_e1,,radio,"How much do you think the other person would want to interact with you again?","1, Not at all | 2,  | 3,  | 4, Very much",,,,,,,y,,,dyadb4,,
dyadb_i9_s1_r1_e1,dyadb_s1_r1_e1,,radio,"During the visit today, how much did you focus on your own thoughts and feelings?","1, Not at all | 2,  | 3,  | 4, Very much",,,,,,,y,,,dyadb4,,
