"Variable / Field Name","Form Name","Section Header","Field Type","Field Label","Choices, Calculations, OR Slider Labels","Field Note","Text Validation Type OR Show Slider Number","Text Validation Min","Text Validation Max",Identifier?,"Branching Logic (Show field only if...)","Required Field?","Custom Alignment","Question Number (surveys only)","Matrix Group Name","Matrix Ranking?","Field Annotation"
rcads_i1_s1_r1_e1,rcads_s1_r1_e1,,radio,"I feel sad or empty","0, Never | 1, Sometimes | 2, Often | 3, Always",,,,,,,y,,,rcads,,
rcads_i2_s1_r1_e1,rcads_s1_r1_e1,,radio,"I worry when I think I have done poorly at something","0, Never | 1, Sometimes | 2, Often | 3, Always",,,,,,,y,,,rcads,,
rcads_i3_s1_r1_e1,rcads_s1_r1_e1,,radio,"I would be afraid of being on my own at home","0, Never | 1, Sometimes | 2, Often | 3, Always",,,,,,,y,,,rcads,,
rcads_i4_s1_r1_e1,rcads_s1_r1_e1,,radio,"Nothing is much fun for me anymore","0, Never | 1, Sometimes | 2, Often | 3, Always",,,,,,,y,,,rcads,,
rcads_i5_s1_r1_e1,rcads_s1_r1_e1,,radio,"I worry that something awful will happen to someone in the family","0, Never | 1, Sometimes | 2, Often | 3, Always",,,,,,,y,,,rcads,,
rcads_i6_s1_r1_e1,rcads_s1_r1_e1,,radio,"I am afraid of being in crowded places (like shopping centers, the movies, buses, busy playgrounds)","0, Never | 1, Sometimes | 2, Often | 3, Always",,,,,,,y,,,rcads,,
rcads_i7_s1_r1_e1,rcads_s1_r1_e1,,radio,"I worry what other people think of me","0, Never | 1, Sometimes | 2, Often | 3, Always",,,,,,,y,,,rcads,,
rcads_i8_s1_r1_e1,rcads_s1_r1_e1,,radio,"I have trouble sleeping","0, Never | 1, Sometimes | 2, Often | 3, Always",,,,,,,y,,,rcads,,
rcads_i9_s1_r1_e1,rcads_s1_r1_e1,,radio,"I feel scared if I have to sleep on my own","0, Never | 1, Sometimes | 2, Often | 3, Always",,,,,,,y,,,rcads,,
rcads_i10_s1_r1_e1,rcads_s1_r1_e1,,radio,"I have problems with my appetite","0, Never | 1, Sometimes | 2, Often | 3, Always",,,,,,,y,,,rcads,,
rcads_i11_s1_r1_e1,rcads_s1_r1_e1,,radio,"I suddenly become dizzy or faint when there is no reason for this","0, Never | 1, Sometimes | 2, Often | 3, Always",,,,,,,y,,,rcads,,
rcads_i12_s1_r1_e1,rcads_s1_r1_e1,,radio,"I have to do somethings over and over again (like washing hands, cleaning, or putting things in a certain order)","0, Never | 1, Sometimes | 2, Often | 3, Always",,,,,,,y,,,rcads,,
rcads_i13_s1_r1_e1,rcads_s1_r1_e1,,radio,"I have no energy for things","0, Never | 1, Sometimes | 2, Often | 3, Always",,,,,,,y,,,rcads,,
rcads_i14_s1_r1_e1,rcads_s1_r1_e1,,radio,"I suddenly start to tremble or shake when there is no reason for this","0, Never | 1, Sometimes | 2, Often | 3, Always",,,,,,,y,,,rcads,,
rcads_i15_s1_r1_e1,rcads_s1_r1_e1,,radio,"I cannot think clearly","0, Never | 1, Sometimes | 2, Often | 3, Always",,,,,,,y,,,rcads,,
rcads_i16_s1_r1_e1,rcads_s1_r1_e1,,radio,"I feel worthless","0, Never | 1, Sometimes | 2, Often | 3, Always",,,,,,,y,,,rcads,,
rcads_i17_s1_r1_e1,rcads_s1_r1_e1,,radio,"I have to think of special thoughts (like numbers or words) to stop bad things from happening","0, Never | 1, Sometimes | 2, Often | 3, Always",,,,,,,y,,,rcads,,
rcads_i18_s1_r1_e1,rcads_s1_r1_e1,,radio,"I think about death","0, Never | 1, Sometimes | 2, Often | 3, Always",,,,,,,y,,,rcads,,
rcads_i19_s1_r1_e1,rcads_s1_r1_e1,,radio,"I feel like I don't want to move","0, Never | 1, Sometimes | 2, Often | 3, Always",,,,,,,y,,,rcads,,
rcads_i20_s1_r1_e1,rcads_s1_r1_e1,,radio,"I worry that I will suddenly get a scared feeling when there is nothing to be afraid of","0, Never | 1, Sometimes | 2, Often | 3, Always",,,,,,,y,,,rcads,,
rcads_i21_s1_r1_e1,rcads_s1_r1_e1,,radio,"I am tired a lot","0, Never | 1, Sometimes | 2, Often | 3, Always",,,,,,,y,,,rcads,,
rcads_i22_s1_r1_e1,rcads_s1_r1_e1,,radio,"I feel afraid that I will make a fool of myself in front of people","0, Never | 1, Sometimes | 2, Often | 3, Always",,,,,,,y,,,rcads,,
rcads_i23_s1_r1_e1,rcads_s1_r1_e1,,radio,"I have to do some things in just the right way to stop bad things from happening","0, Never | 1, Sometimes | 2, Often | 3, Always",,,,,,,y,,,rcads,,
rcads_i24_s1_r1_e1,rcads_s1_r1_e1,,radio,"I feel restless","0, Never | 1, Sometimes | 2, Often | 3, Always",,,,,,,y,,,rcads,,
rcads_i25_s1_r1_e1,rcads_s1_r1_e1,,radio,"I worry that something bad will happen to me","0, Never | 1, Sometimes | 2, Often | 3, Always",,,,,,,y,,,rcads,,
