"Variable / Field Name","Form Name","Section Header","Field Type","Field Label","Choices, Calculations, OR Slider Labels","Field Note","Text Validation Type OR Show Slider Number","Text Validation Min","Text Validation Max",Identifier?,"Branching Logic (Show field only if...)","Required Field?","Custom Alignment","Question Number (surveys only)","Matrix Group Name","Matrix Ranking?","Field Annotation"
csisbnow_i1_s1_r1_e1,csisbnow_s1_r1_e1,"<div class=""rich-text-field-label""><p><span style=""font-weight: normal;"">Sometimes when people are feeling upset or going through a difficult time, they have thoughts about hurting themselves or wanting to die.</span></p> <hr /> <p><span style=""text-decoration: underline;"">SUICIDAL IDEATION - Past 1 Month</span><br /><br /><span style=""font-weight: normal;"">Ask questions 1 and 2. If both are negative, proceed to ""Suicidal Behavior"" section. If the answer to question 2 is ""yes"", ask questions 3, 4 and 5.</span></p></div>",yesno,"1. Wish to be Dead

Subject endorses thoughts about a wish to be dead or not alive anymore, or wish to fall asleep and not wake up.

""Have you thought about being dead or what it would be like to be dead?""

""Have you wished you were dead or wished you could go to sleep and never wake up?"" 

""Do you ever wish you weren't alive anymore?""
",,,,,,,,y,LH,,,,
csisbnow_i1yes_s1_r1_e1,csisbnow_s1_r1_e1,,notes,Describe:,,,,,,,[csisbnow_i1_s1_r1_e1]='1',,LH,,,,
csisbnow_i2_s1_r1_e1,csisbnow_s1_r1_e1,,yesno,"2. Non-Specific Active Suicidal Thoughts

General, non-specific thoughts of wanting to end one's life/commit suicide (e.g., ""I've thought about killing myself"") without thoughts of ways to kill oneself/associated methods, intent, or plan during the assessment period.

""Have you thought about doing something to make yourself not alive anymore?"" 

""Have you had any thoughts about killing yourself?""
",,,,,,,,y,LH,,,,
csisbnow_i2yes_s1_r1_e1,csisbnow_s1_r1_e1,,notes,Describe:,,,,,,,[csisbnow_i2_s1_r1_e1]='1',,LH,,,,
csisbnow_i3_s1_r1_e1,csisbnow_s1_r1_e1,,yesno,"3. Active Suicidal Ideation with Any Methods (Not Plan) without Intent to Act

Subject endorses thoughts of suicide and has thought of at least one method during the assessment period. This is different than a specific plan with time, place or method details worked out (e.g., thought of method to kill self but not a specific plan). Includes person who would say, ""I thought about taking an overdose but I never made a specific plan as to when, where or how I would actually do it...and I would never go through with it.""

""Have you thought about how you would do that or how you would make yourself not alive anymore (kill yourself)? What did you think about?""
",,,,,,,,,LH,,,,
csisbnow_i3yes_s1_r1_e1,csisbnow_s1_r1_e1,,notes,Describe:,,,,,,,"[csisbnow_i3_s1_r1_e1] = '1'",,LH,,,,
csisbnow_i4_s1_r1_e1,csisbnow_s1_r1_e1,,yesno,"4. Active Suicidal Ideation with Some Intent to Act, without Specific Plan

Active suicidal thoughts of killing oneself and subject reports having some intent to act on such thoughts, as opposed to ""I have the thoughts but I definitely will not do anything about them.""

""When you thought about making yourself not alive anymore (or killing yourself), did you think that this was something you might actually do?""

""This is different from (as opposed to) having the thoughts but knowing you wouldn't do anything about it.""
",,,,,,,,,LH,,,,
csisbnow_i4yes_s1_r1_e1,csisbnow_s1_r1_e1,,notes,Describe:,,,,,,,"[csisbnow_i4_s1_r1_e1] = '1'",,LH,,,,
csisbnow_i5_s1_r1_e1,csisbnow_s1_r1_e1,,yesno,"5. Active Suicidal Ideation with Specific Plan and Intent

Thoughts of killing oneself with details of plan fully or partially worked out and subject has some intent to carry it out.

""Have you ever decided how or when you would make yourself not alive anymore/kill yourself?"" 

""Have you ever planned out (worked out the details of) how you would do it?""

""What was your plan?""

""When you made this plan (or worked out these details), was any part of you thinking about actually doing it?""
",,,,,,,,,LH,,,,
csisbnow_i5yes_s1_r1_e1,csisbnow_s1_r1_e1,,notes,Describe:,,,,,,,"[csisbnow_i5_s1_r1_e1] = '1'",,LH,,,,
csisbnow_i6_s1_r1_e1,csisbnow_s1_r1_e1,"<div class=""rich-text-field-label""><div class=""rich-text-field-label""> <p><span style=""text-decoration: underline;"">SUICIDAL BEHAVIOR - Past 1 Month</span><br /><br /><span style=""font-weight: normal;"">(Check all that apply, so long as these are separate events; must ask about all types).</span></p> <hr /> <p>Actual Attempt: <span style=""font-weight: normal;"">A potentially self-injurious act committed with at least some wish to die, as a result of act. Behavior was in part thought of as method to kill oneself. Intent does not have to be 100%. If there is any intent/desire to die associated with the act, then it can be considered an actual suicide attempt. There does not have to be any injury or harm, just the potential for injury or harm. If person pulls trigger while gun is in mouth but gun is broken so no injury results, this is considered an attempt.</span> <br /><br />Inferring Intent: <span style=""font-weight: normal;"">Even if an individual denies intent/wish to die, it may be inferred clinically from the behavior or circumstances. For example, a highly lethal act that is clearly not an accident so no other intent but suicide can be inferred (e.g., gunshot to head, jumping from window of a high floor/story). Also, if someone denies intent to die, but they thought that what they did could be lethal, intent may be inferred.</span></p> </div></div>",yesno,"Did you ever do anything to try to kill yourself or make yourself not alive anymore? ",,,,,,,,y,LH,,,,
csisbnow_i6yes_s1_r1_e1,csisbnow_s1_r1_e1,,notes,"What did you do?",,,,,,,[csisbnow_i6_s1_r1_e1]='1',,LH,,,,
csisbnow_i7_s1_r1_e1,csisbnow_s1_r1_e1,,text,"Total number of attempts:",,,,,,,[csisbnow_i6_s1_r1_e1]='1',y,LH,,,,
csisbnow_i8_s1_r1_e1,csisbnow_s1_r1_e1,,yesno,"Did you ever hurt yourself on purpose?",,,,,,,"[csisbnow_i6_s1_r1_e1] = '0'",y,LH,,,,
csisbnow_i8yes_s1_r1_e1,csisbnow_s1_r1_e1,,notes,"<div class=""rich-text-field-label""><p>Why did you do that?</p> <p style=""padding-left: 40px;""><span style=""font-weight: normal;"">Probe questions can include:</span></p> <p style=""padding-left: 40px;"">1) <strong>Did you______ as a way to end your life?</strong></p> <p style=""padding-left: 40px;""><strong>2) Did you want to die (even a little) when you_____?</strong></p> <p style=""padding-left: 40px;""><strong>3) Were you trying to make yourself not alive anymore when you _____?</strong></p> <p style=""padding-left: 40px;""><strong>4) Did you think it was possible you could have died from_____?</strong></p> <p style=""padding-left: 40px;""><strong>5) Did you do it purely for other reasons, not at all to end your life or kill yourself (like to make yourself feel better, or get something else to happen)?</strong><strong> </strong><span style=""font-weight: normal;"">(Self-Injurious Behavior without suicidal intent)</span></p></div>",,,,,,,"[csisbnow_i8_s1_r1_e1] = '1'",,LH,,,,
csisbnow_i14_s1_r1_e1,csisbnow_s1_r1_e1,,yesno,"<div class=""rich-text-field-label""><p>Has subject engaged in Non-Suicidal Self-Injurious Behavior?<br /><br /><span style=""font-weight: normal;"">Probe questions can include: </span>Did you ever hurt yourself on purpose? Why did you do that? Did you do it purely for other reasons, not at all to end your life or kill yourself (like to make yourself feel better, or get something else to happen)?</p></div>",,,,,,,,y,LH,,,,
csisbnow_i15_s1_r1_e1,csisbnow_s1_r1_e1,,yesno,"Has subject engaged in Self-Injurious Behavior, intent unknown?",,,,,,,,y,LH,,,,
csisbnow_i16_s1_r1_e1,csisbnow_s1_r1_e1,"<div class=""rich-text-field-label""><div class=""rich-text-field-label""> <p>Interrupted Attempt: <span style=""font-weight: normal;"">When the person is interrupted (by an outside circumstance) from starting the potentially self-injurious act (if not for that, actual attempt would have occurred).</span></p> <ul> <li>Overdose:<span style=""font-weight: normal;""> Person has pills in hand but is stopped from ingesting. Once they ingest any pills, this becomes an attempt rather than an interrupted attempt.</span></li> <li>Shooting: <span style=""font-weight: normal;"">Person has gun pointed toward self, gun is taken away by someone else, or is somehow prevented from pulling trigger. Once they pull the trigger, even if the gun fails to fire, it is an attempt.</span></li> <li><span style=""font-family: 'Open Sans', -apple-system, BlinkMacSystemFont, 'Segoe UI', Roboto, 'Helvetica Neue', Helvetica, Arial, Arial, sans-serif, 'Apple Color Emoji', 'Segoe UI Emoji', 'Segoe UI Symbol';"">Jumping: <span style=""font-weight: normal;"">Person is poised to jump, is grabbed and taken down from ledge.</span></span></li> <li>Hanging: <span style=""font-weight: normal;"">Person has noose around neck but has not yet started to hang - is stopped from doing so.</span></li> </ul> </div></div>",yesno,"Has there been a time when you started to do something to make yourself not alive anymore (end your life or kill yourself) but someone or something stopped you before you actually did anything?",,,,,,,,y,LH,,,,
csisbnow_i16yes_s1_r1_e1,csisbnow_s1_r1_e1,,notes,"What did you do? ",,,,,,,"[csisbnow_i16_s1_r1_e1] = '1'",,LH,,,,
csisbnow_i17_s1_r1_e1,csisbnow_s1_r1_e1,,text,"Total number of interrupted attempts:",,,,,,,"[csisbnow_i16_s1_r1_e1] = '1'",y,LH,,,,
csisbnow_i18_s1_r1_e1,csisbnow_s1_r1_e1,"<div class=""rich-text-field-label""><div class=""rich-text-field-label""><p>Aborted Attempt: <span style=""font-weight: normal;"">When person begins to take steps toward making a suicide attempt, but stops themselves before they actually have engaged in any self-destructive behavior. Examples are similar to interrupted attempts, except that the individual stops him/herself, instead of being stopped by something else.</span> </p></div></div>",yesno,"Has there been a time when you started to do something to make yourself not alive anymore (end your life or kill yourself) but you changed your mind (stopped yourself) before you actually did anything? ",,,,,,,,y,LH,,,,
csisbnow_i18yes_s1_r1_e1,csisbnow_s1_r1_e1,,notes,"What did you do? ",,,,,,,"[csisbnow_i18_s1_r1_e1] = '1'",,LH,,,,
csisbnow_i19_s1_r1_e1,csisbnow_s1_r1_e1,,text,"Total number of aborted attempts:",,,,,,,"[csisbnow_i18_s1_r1_e1] = '1'",y,LH,,,,
csisbnow_i20_s1_r1_e1,csisbnow_s1_r1_e1,"<div class=""rich-text-field-label""><div class=""rich-text-field-label""><p>Preparatory Acts or Behavior: <span style=""font-weight: normal;"">Acts or preparation towards imminently making a suicide attempt. This can include anything beyond a verbalization or thought, such as assembling a specific method (e.g., buying pills, purchasing a gun) or preparing for one's death by suicide (e.g., giving things away, writing a suicide note).</span> </p></div></div>",yesno,"Have you done anything to get ready to make yourself not alive anymore (to end your life or kill yourself), like giving things away, writing a goodbye note, getting things you need to kill yourself? ",,,,,,,,y,LH,,,,
csisbnow_i20yes_s1_r1_e1,csisbnow_s1_r1_e1,,notes,Describe:,,,,,,,"[csisbnow_i20_s1_r1_e1] = '1'",,LH,,,,
csisbnow_i21_s1_r1_e1,csisbnow_s1_r1_e1,,yesno,"<div class=""rich-text-field-label""><p><span style=""text-decoration: underline;"">Suicidal Behavior:</span></p> <p><br />Suicidal behavior was present during the assessment period?</p></div>",,,,,,,,y,LH,,,,
