"Variable / Field Name","Form Name","Section Header","Field Type","Field Label","Choices, Calculations, OR Slider Labels","Field Note","Text Validation Type OR Show Slider Number","Text Validation Min","Text Validation Max",Identifier?,"Branching Logic (Show field only if...)","Required Field?","Custom Alignment","Question Number (surveys only)","Matrix Group Name","Matrix Ranking?","Field Annotation"
rsri_i1_s1_r1_e1,rsri_s1_r1_e1,,radio,"On the average, how often per year were you absent from school due to illness?","1, 0-4 days | 2, 5-9 days | 3, 10-14 days | 4, 15-19 days | 5, 20 or more days",,,,,,,y,,,,,
rsri_i2_s1_r1_e1,rsri_s1_r1_e1,,radio,"On the average, how often per year were you sent to the nurse's office due to illness?","1, 0-4 days | 2, 5-9 days | 3, 10-14 days | 4, 15-19 days | 5, 20 or more days",,,,,,,y,,,,,
rsri_i3_s1_r1_e1,rsri_s1_r1_e1,,radio,"Did you have illnesses/symptoms such as headaches or stomach aches for which the doctors could not find a cause?","1, never | 2, rarely | 3, sometimes | 4, often | 5, very often",,,,,,,y,,,,,
rsri_i4_s1_r1_e1,rsri_s1_r1_e1,,radio,"How often did you have nightmares?","1, never | 2, once a year | 3, once a month | 4, once a week | 5, once a night",,,,,,,y,,,,,
rsri_i5_s1_r1_e1,rsri_s1_r1_e1,,radio,"Were you scared of the dark?","1, never | 2, rarely | 3, sometimes | 4, often | 5, very often",,,,,,,y,,,,,
rsri_i6_s1_r1_e1,rsri_s1_r1_e1,,radio,"Was it necessary for you or your parents to check under your bed or in your closet before you went to sleep?","1, never | 2, once a year | 3, once a month | 4, once a week | 5, once a night",,,,,,,y,,,,,
rsri_i7_s1_r1_e1,rsri_s1_r1_e1,,radio,"Did you need to have a special stuffed animal, blanket, or toy with you so that you could fall asleep?","1, never | 2, rarely | 3, sometimes | 4, often | 5, very often",,,,,,,y,,,,,
rsri_i8_s1_r1_e1,rsri_s1_r1_e1,,radio,"Were you afraid of dogs, cats, or other domestic animals?","1, never | 2, rarely | 3, sometimes | 4, often | 5, very often",,,,,,,y,,,,,
rsri_i9_s1_r1_e1,rsri_s1_r1_e1,,radio,"Were you afraid of unfamiliar animals, such as those you encountered on the street or at someone else's home?","1, never | 2, rarely | 3, sometimes | 4, often | 5, very often",,,,,,,y,,,,,
rsri_i10_s1_r1_e1,rsri_s1_r1_e1,,radio,"Were you scared that you would be kidnapped or otherwise separated from your parents? ","1, never | 2, rarely | 3, sometimes | 4, often | 5, very often",,,,,,,y,,,,,
rsri_i11_s1_r1_e1,rsri_s1_r1_e1,,radio,"Did it upset you when your parents left you with a new, unfamiliar baby-sitter? ","1, never | 2, rarely | 3, sometimes | 4, often | 5, very often",,,,,,,y,,,,,
rsri_i12_s1_r1_e1,rsri_s1_r1_e1,,radio,"When your parents went out without you, were you scared that they might not come back?","1, never | 2, rarely | 3, sometimes | 4, often | 5, very often",,,,,,,y,,,,,
rsri_i13_s1_r1_e1,rsri_s1_r1_e1,,radio,"Did you sleep over at friends' houses?","1, very often | 2, often | 3, sometimes | 4, rarely | 5, never",,,,,,,y,,,,,
rsri_i14_s1_r1_e1,rsri_s1_r1_e1,,radio,"Did you try new foods? ","1, eagerly | 2, agreeably | 3, with coaxing | 4, only if pressured | 5, never",,,,,,,y,,,,,
rsri_i15_s1_r1_e1,rsri_s1_r1_e1,,radio,"Were you usually scared on the first day of school of a new school year?","1, not at all | 2, slightly | 3, moderately | 4, very | 5, terrified",,,,,,,y,,,,,
rsri_i16_s1_r1_e1,rsri_s1_r1_e1,,radio,"Did you ever pretend to be sick in order to avoid going to school or to other social events? ","1, never | 2, rarely | 3, sometimes | 4, often | 5, very often",,,,,,,y,,,,,
rsri_i17_s1_r1_e1,rsri_s1_r1_e1,,radio,"Did it upset you to be called up to the blackboard? ","1, not at all | 2, slightly | 3, moderately | 4, very | 5, terrified",,,,,,,y,,,,,
rsri_i18_s1_r1_e1,rsri_s1_r1_e1,,radio,"Did it upset you to be called on, even if you knew the answer?","1, not at all | 2, slightly | 3, moderately | 4, very | 5, terrified",,,,,,,y,,,,,
rsri_i19_s1_r1_e1,rsri_s1_r1_e1,,radio,"Did your teachers have trouble hearing you when you spoke or answered a question in class?","1, never | 2, rarely | 3, sometimes | 4, often | 5, very often",,,,,,,y,,,,,
rsri_i20_s1_r1_e1,rsri_s1_r1_e1,,radio,"If there was something that you did not understand in class, did you ask the teacher for help?","1, always | 2, often | 3, sometimes | 4, rarely | 5, never",,,,,,,y,,,,,
rsri_i21_s1_r1_e1,rsri_s1_r1_e1,,radio,"During recess, did you play with the main group of children?","1, always | 2, often | 3, sometimes | 4, rarely | 5, never",,,,,,,y,,,,,
rsri_i22_s1_r1_e1,rsri_s1_r1_e1,,radio,"Did you enjoy participating in party games?","1, always | 2, often | 3, sometimes | 4, rarely | 5, never",,,,,,,y,,,,,
rsri_i23_s1_r1_e1,rsri_s1_r1_e1,,radio,"Did you enjoy meeting new children your age?","1, always | 2, often | 3, sometimes | 4, rarely | 5, never",,,,,,,y,,,,,
rsri_i24_s1_r1_e1,rsri_s1_r1_e1,,radio,"Did your voice squeak, crack, or sound shaky when you were talking in front of a group of people?","1, never | 2, rarely | 3, sometimes | 4, often | 5, very often",,,,,,,y,,,,,
rsri_i25_s1_r1_e1,rsri_s1_r1_e1,,radio,"How popular did you feel?","1, very | 2, moderately | 3, average | 4, below average | 5, not at all",,,,,,,y,,,,,
rsri_i26_s1_r1_e1,rsri_s1_r1_e1,,radio,"Did you have any problems with, or have to see a doctor for allergies, sleeplessness, or constipation?","1, never | 2, rarely | 3, sometimes | 4, often | 5, very often",,,,,,,y,,,,,
rsri_i27_s1_r1_e1,rsri_s1_r1_e1,,radio,"Did you need a night-light or hall light on in order to go to sleep?","1, never | 2, rarely | 3, sometimes | 4, often | 5, very often",,,,,,,y,,,,,
rsri_i28_s1_r1_e1,rsri_s1_r1_e1,,radio,"Did you willingly participate in group singing or plays?","1, always | 2, often | 3, sometimes | 4, rarely | 5, never",,,,,,,y,,,,,
rsri_i29_s1_r1_e1,rsri_s1_r1_e1,,radio,"Were your feelings easily hurt?","1, never | 2, rarely | 3, sometimes | 4, often | 5, very often",,,,,,,y,,,,,
rsri_i30_s1_r1_e1,rsri_s1_r1_e1,,radio,"Did you tell your friends or family members when you were angry with them?","1, always | 2, often | 3, sometimes | 4, rarely | 5, never",,,,,,,y,,,,,
