"Variable / Field Name","Form Name","Section Header","Field Type","Field Label","Choices, Calculations, OR Slider Labels","Field Note","Text Validation Type OR Show Slider Number","Text Validation Min","Text Validation Max",Identifier?,"Branching Logic (Show field only if...)","Required Field?","Custom Alignment","Question Number (surveys only)","Matrix Group Name","Matrix Ranking?","Field Annotation"
spaip_i1_s1_r1_e1,spaip_s1_r1_e1,,radio,"My child feels scared when he/she has to join in a social situation with a large group of boys and girls (more than 6).","0, Never, or Hardly Ever | 1, Sometimes | 2, Most of the Time, or Always",,,,,,,y,,,,,
spaip_i2_s1_r1_e1,spaip_s1_r1_e1,,radio,"My child feels scared when he/she is with other boys and girls or adults and becomes the center of attention.","0, Never, or Hardly Ever | 1, Sometimes | 2, Most of the Time, or Always",,,,,,,y,,,,,
spaip_i3_s1_r1_e1,spaip_s1_r1_e1,,radio,"My child feels scared when he/she is with other boys and girls or adults and he/she has to do something while they watch (read aloud, play a game, play a sport).","0, Never, or Hardly Ever | 1, Sometimes | 2, Most of the Time, or Always",,,,,,,y,,,,,
spaip_i4_s1_r1_e1,spaip_s1_r1_e1,,radio,"My child feels scared when he/she has to speak or read in front of a group of people.","0, Never, or Hardly Ever | 1, Sometimes | 2, Most of the Time, or Always",,,,,,,y,,,,,
spaip_i5_s1_r1_e1,spaip_s1_r1_e1,,radio,"My child feels scared when answering questions in class or at meetings (scouts, soccer team) even when he/she knows the answer.","0, Never, or Hardly Ever | 1, Sometimes | 2, Most of the Time, or Always",,,,,,,y,,,,,
spaip_i6_s1_r1_e1,spaip_s1_r1_e1,,radio,"My child feels so scared at parties, dances, school, or anyplace where there will be more than two other people, that he/she will go home early.","0, Never, or Hardly Ever | 1, Sometimes | 2, Most of the Time, or Always",,,,,,,y,,,,,
spaip_i7_s1_r1_e1,spaip_s1_r1_e1,,radio,"My child feels scared when he/she meets new kids.","0, Never, or Hardly Ever | 1, Sometimes | 2, Most of the Time, or Always",,,,,,,y,,,,,
spaip_i8_s1_r1_e1,spaip_s1_r1_e1,,radio,"My child is too scared to ask questions in class.","0, Never, or Hardly Ever | 1, Sometimes | 2, Most of the Time, or Always",,,,,,,y,,,,,
spaip_i9_s1_r1_e1,spaip_s1_r1_e1,"My child feels scared when he/she is in the school cafeteria with...",radio,"...same age boys or girls he/she does know.","0, Never, or Hardly Ever | 1, Sometimes | 2, Most of the Time, or Always",,,,,,,y,,,spaip9_33613a,,
spaip_i10_s1_r1_e1,spaip_s1_r1_e1,,radio,"...same age boys or girls he/she does not know.","0, Never, or Hardly Ever | 1, Sometimes | 2, Most of the Time, or Always",,,,,,,y,,,spaip9_33613a,,
spaip_i11_s1_r1_e1,spaip_s1_r1_e1,,radio,...adults.,"0, Never, or Hardly Ever | 1, Sometimes | 2, Most of the Time, or Always",,,,,,,y,,,spaip9_33613a,,
spaip_i12_s1_r1_e1,spaip_s1_r1_e1,"If somebody starts arguing with my child, he/she feels scared and does not know what to do if that person is...",radio,"...same age boys or girls he/she does know.","0, Never, or Hardly Ever | 1, Sometimes | 2, Most of the Time, or Always",,,,,,,y,,,spaip10_e31d4b,,
spaip_i13_s1_r1_e1,spaip_s1_r1_e1,,radio,"...same age boys or girls he/she does not know.","0, Never, or Hardly Ever | 1, Sometimes | 2, Most of the Time, or Always",,,,,,,y,,,spaip10_e31d4b,,
spaip_i14_s1_r1_e1,spaip_s1_r1_e1,,radio,...adults.,"0, Never, or Hardly Ever | 1, Sometimes | 2, Most of the Time, or Always",,,,,,,y,,,spaip10_e31d4b,,
spaip_i15_s1_r1_e1,spaip_s1_r1_e1,"If somebody asks my child to do something that he/she does not want to do, my child feels scared and does not know what to do if that person is...",radio,"...same age boys or girls he/she does know.","0, Never, or Hardly Ever | 1, Sometimes | 2, Most of the Time, or Always",,,,,,,y,,,spaip11_45c080,,
spaip_i16_s1_r1_e1,spaip_s1_r1_e1,,radio,"...same age boys or girls he/she does not know.","0, Never, or Hardly Ever | 1, Sometimes | 2, Most of the Time, or Always",,,,,,,y,,,spaip11_45c080,,
spaip_i17_s1_r1_e1,spaip_s1_r1_e1,,radio,...adults.,"0, Never, or Hardly Ever | 1, Sometimes | 2, Most of the Time, or Always",,,,,,,y,,,spaip11_45c080,,
spaip_i18_s1_r1_e1,spaip_s1_r1_e1,"My child feels scared and does not know what to do when in an embarrassing situation with...",radio,"...same age boys or girls he/she does know.","0, Never, or Hardly Ever | 1, Sometimes | 2, Most of the Time, or Always",,,,,,,y,,,spaip12_335176,,
spaip_i19_s1_r1_e1,spaip_s1_r1_e1,,radio,"...same age boys or girls he/she does not know.","0, Never, or Hardly Ever | 1, Sometimes | 2, Most of the Time, or Always",,,,,,,y,,,spaip12_335176,,
spaip_i20_s1_r1_e1,spaip_s1_r1_e1,,radio,...adults.,"0, Never, or Hardly Ever | 1, Sometimes | 2, Most of the Time, or Always",,,,,,,y,,,spaip12_335176,,
spaip_i21_s1_r1_e1,spaip_s1_r1_e1,"If somebody says something that my child thinks is wrong or bad, my child feels scared saying what he/she thinks if that person is...",radio,"...same age boys or girls he/she does know.","0, Never, or Hardly Ever | 1, Sometimes | 2, Most of the Time, or Always",,,,,,,y,,,spaip13_058544,,
spaip_i22_s1_r1_e1,spaip_s1_r1_e1,,radio,"...same age boys or girls he/she does not know.","0, Never, or Hardly Ever | 1, Sometimes | 2, Most of the Time, or Always",,,,,,,y,,,spaip13_058544,,
spaip_i23_s1_r1_e1,spaip_s1_r1_e1,,radio,...adults.,"0, Never, or Hardly Ever | 1, Sometimes | 2, Most of the Time, or Always",,,,,,,y,,,spaip13_058544,,
spaip_i24_s1_r1_e1,spaip_s1_r1_e1,"My child feels scared when he/she starts to talk to...",radio,"...same age boys or girls he/she does know.","0, Never, or Hardly Ever | 1, Sometimes | 2, Most of the Time, or Always",,,,,,,y,,,spaip14_367313,,
spaip_i25_s1_r1_e1,spaip_s1_r1_e1,,radio,"...same age boys or girls he/she does not know.","0, Never, or Hardly Ever | 1, Sometimes | 2, Most of the Time, or Always",,,,,,,y,,,spaip14_367313,,
spaip_i26_s1_r1_e1,spaip_s1_r1_e1,,radio,...adults.,"0, Never, or Hardly Ever | 1, Sometimes | 2, Most of the Time, or Always",,,,,,,y,,,spaip14_367313,,
spaip_i27_s1_r1_e1,spaip_s1_r1_e1,"My child feels scared if he/she has to talk for longer than a few minutes with...",radio,"...same age boys or girls he/she does know.","0, Never, or Hardly Ever | 1, Sometimes | 2, Most of the Time, or Always",,,,,,,y,,,spaci15_2ef708,,
spaip_i28_s1_r1_e1,spaip_s1_r1_e1,,radio,"...same age boys or girls he/she does not know.","0, Never, or Hardly Ever | 1, Sometimes | 2, Most of the Time, or Always",,,,,,,y,,,spaci15_2ef708,,
spaip_i29_s1_r1_e1,spaip_s1_r1_e1,,radio,...adults.,"0, Never, or Hardly Ever | 1, Sometimes | 2, Most of the Time, or Always",,,,,,,y,,,spaci15_2ef708,,
spaip_i30_s1_r1_e1,spaip_s1_r1_e1,"My child feels scared when speaking (giving a book report, reading in front of the class) in front of...",radio,"...same age boys or girls he/she does know.","0, Never, or Hardly Ever | 1, Sometimes | 2, Most of the Time, or Always",,,,,,,y,,,spaci16_3ca7da,,
spaip_i31_s1_r1_e1,spaip_s1_r1_e1,,radio,"...same age boys or girls he/she does not know.","0, Never, or Hardly Ever | 1, Sometimes | 2, Most of the Time, or Always",,,,,,,y,,,spaci16_3ca7da,,
spaip_i32_s1_r1_e1,spaip_s1_r1_e1,,radio,...adults.,"0, Never, or Hardly Ever | 1, Sometimes | 2, Most of the Time, or Always",,,,,,,y,,,spaci16_3ca7da,,
spaip_i33_s1_r1_e1,spaip_s1_r1_e1,"My child feels scared when he/she is in a school play, choir, music or dance recital in front of...",radio,"...same age boys or girls he/she does know.","0, Never, or Hardly Ever | 1, Sometimes | 2, Most of the Time, or Always",,,,,,,y,,,spaip17_327295,,
spaip_i34_s1_r1_e1,spaip_s1_r1_e1,,radio,"...same age boys or girls he/she does not know.","0, Never, or Hardly Ever | 1, Sometimes | 2, Most of the Time, or Always",,,,,,,y,,,spaip17_327295,,
spaip_i35_s1_r1_e1,spaip_s1_r1_e1,,radio,...adults.,"0, Never, or Hardly Ever | 1, Sometimes | 2, Most of the Time, or Always",,,,,,,y,,,spaip17_327295,,
spaip_i36_s1_r1_e1,spaip_s1_r1_e1,"My child feels scared when he/she is ignored or made fun of by...",radio,"...same age boys or girls he/she does know.","0, Never, or Hardly Ever | 1, Sometimes | 2, Most of the Time, or Always",,,,,,,y,,,spaci18_c88bd1,,
spaip_i37_s1_r1_e1,spaip_s1_r1_e1,,radio,"...same age boys or girls he/she does not know.","0, Never, or Hardly Ever | 1, Sometimes | 2, Most of the Time, or Always",,,,,,,y,,,spaci18_c88bd1,,
spaip_i38_s1_r1_e1,spaip_s1_r1_e1,,radio,...adults.,"0, Never, or Hardly Ever | 1, Sometimes | 2, Most of the Time, or Always",,,,,,,y,,,spaci18_c88bd1,,
spaip_i39_s1_r1_e1,spaip_s1_r1_e1,"My child tries to avoid social situations (parties, school, playing with others) where there are...",radio,"...same age boys or girls he/she does know.","0, Never, or Hardly Ever | 1, Sometimes | 2, Most of the Time, or Always",,,,,,,y,,,spaci19_0185e8,,
spaip_i40_s1_r1_e1,spaip_s1_r1_e1,,radio,"...same age boys or girls he/she does not know.","0, Never, or Hardly Ever | 1, Sometimes | 2, Most of the Time, or Always",,,,,,,y,,,spaci19_0185e8,,
spaip_i41_s1_r1_e1,spaip_s1_r1_e1,,radio,...adults.,"0, Never, or Hardly Ever | 1, Sometimes | 2, Most of the Time, or Always",,,,,,,y,,,spaci19_0185e8,,
spaip_i42_s1_r1_e1,spaip_s1_r1_e1,"My child leaves social situations (parties, school, playing with others) where there are...",radio,"...same age boys or girls he/she does know.","0, Never, or Hardly Ever | 1, Sometimes | 2, Most of the Time, or Always",,,,,,,y,,,spaip20_955781,,
spaip_i43_s1_r1_e1,spaip_s1_r1_e1,,radio,"...same age boys or girls he/she does not know.","0, Never, or Hardly Ever | 1, Sometimes | 2, Most of the Time, or Always",,,,,,,y,,,spaip20_955781,,
spaip_i44_s1_r1_e1,spaip_s1_r1_e1,,radio,...adults.,"0, Never, or Hardly Ever | 1, Sometimes | 2, Most of the Time, or Always",,,,,,,y,,,spaip20_955781,,
spaip_i45_s1_r1_e1,spaip_s1_r1_e1,"Before going to a party or going someplace with others, my child thinks about what might go wrong. He/she thinks...",radio,"...will I make a mistake and look stupid?","0, Never, or Hardly Ever | 1, Sometimes | 2, Most of the Time, or Always",,,,,,,y,,,spaip21_f74886,,
spaip_i46_s1_r1_e1,spaip_s1_r1_e1,,radio,"...what if nobody talks to me?","0, Never, or Hardly Ever | 1, Sometimes | 2, Most of the Time, or Always",,,,,,,y,,,spaip21_f74886,,
spaip_i47_s1_r1_e1,spaip_s1_r1_e1,,radio,"...what if somebody talks to me and I can't think of what to say?","0, Never, or Hardly Ever | 1, Sometimes | 2, Most of the Time, or Always",,,,,,,y,,,spaip21_f74886,,
spaip_i48_s1_r1_e1,spaip_s1_r1_e1,,radio,"...what if they see how scared I am?","0, Never, or Hardly Ever | 1, Sometimes | 2, Most of the Time, or Always",,,,,,,y,,,spaip21_f74886,,
spaip_i49_s1_r1_e1,spaip_s1_r1_e1,,radio,"My child's voice leaves or sounds funny when he/she is talking to others.","0, Never, or Hardly Ever | 1, Sometimes | 2, Most of the Time, or Always",,,,,,,y,,,,,
spaip_i50_s1_r1_e1,spaip_s1_r1_e1,,radio,"My child usually does not speak to anyone until they speak to him/her.","0, Never, or Hardly Ever | 1, Sometimes | 2, Most of the Time, or Always",,,,,,,y,,,,,
spaip_i51_s1_r1_e1,spaip_s1_r1_e1,"When my child is with other people, he/she thinks scary thoughts. Sometimes he/she thinks...",radio,"...if I goof up, I will really feel bad.","0, Never, or Hardly Ever | 1, Sometimes | 2, Most of the Time, or Always",,,,,,,y,,,spaip24_d279fa,,
spaip_i52_s1_r1_e1,spaip_s1_r1_e1,,radio,"...what are they thinking of me?","0, Never, or Hardly Ever | 1, Sometimes | 2, Most of the Time, or Always",,,,,,,y,,,spaip24_d279fa,,
spaip_i53_s1_r1_e1,spaip_s1_r1_e1,,radio,"...whatever I say will sound stupid.","0, Never, or Hardly Ever | 1, Sometimes | 2, Most of the Time, or Always",,,,,,,y,,,spaip24_d279fa,,
spaip_i54_s1_r1_e1,spaip_s1_r1_e1,"Before my child goes someplace (a party, school, soccer game, or anyplace where he/she will be with others), my child...",radio,...sweats.,"0, Never, or Hardly Ever | 1, Sometimes | 2, Most of the Time, or Always",,,,,,,y,,,spaip25_595afb,,
spaip_i55_s1_r1_e1,spaip_s1_r1_e1,,radio,"...urinates frequently.","0, Never, or Hardly Ever | 1, Sometimes | 2, Most of the Time, or Always",,,,,,,y,,,spaip25_595afb,,
spaip_i56_s1_r1_e1,spaip_s1_r1_e1,,radio,"...heart beats fast.","0, Never, or Hardly Ever | 1, Sometimes | 2, Most of the Time, or Always",,,,,,,y,,,spaip25_595afb,,
spaip_i57_s1_r1_e1,spaip_s1_r1_e1,,radio,"...gets a headache or stomachache.","0, Never, or Hardly Ever | 1, Sometimes | 2, Most of the Time, or Always",,,,,,,y,,,spaip25_595afb,,
spaip_i58_s1_r1_e1,spaip_s1_r1_e1,,radio,"...complains of a ""nervous"" stomach (""butterflies"").","0, Never, or Hardly Ever | 1, Sometimes | 2, Most of the Time, or Always",,,,,,,y,,,spaip25_595afb,,
spaip_i59_s1_r1_e1,spaip_s1_r1_e1,"When my child is someplace (a party, school, soccer game, or any place where he/she is with others), my child...",radio,...sweats.,"0, Never, or Hardly Ever | 1, Sometimes | 2, Most of the Time, or Always",,,,,,,y,,,spaip26_95efa0,,
spaip_i60_s1_r1_e1,spaip_s1_r1_e1,,radio,...shakes.,"0, Never, or Hardly Ever | 1, Sometimes | 2, Most of the Time, or Always",,,,,,,y,,,spaip26_95efa0,,
spaip_i61_s1_r1_e1,spaip_s1_r1_e1,,radio,"...urinates frequently.","0, Never, or Hardly Ever | 1, Sometimes | 2, Most of the Time, or Always",,,,,,,y,,,spaip26_95efa0,,
spaip_i62_s1_r1_e1,spaip_s1_r1_e1,,radio,"...heart beats fast.","0, Never, or Hardly Ever | 1, Sometimes | 2, Most of the Time, or Always",,,,,,,y,,,spaip26_95efa0,,
spaip_i63_s1_r1_e1,spaip_s1_r1_e1,,radio,"...gets a headache or stomachache.","0, Never, or Hardly Ever | 1, Sometimes | 2, Most of the Time, or Always",,,,,,,y,,,spaip26_95efa0,,
