"Variable / Field Name","Form Name","Section Header","Field Type","Field Label","Choices, Calculations, OR Slider Labels","Field Note","Text Validation Type OR Show Slider Number","Text Validation Min","Text Validation Max",Identifier?,"Branching Logic (Show field only if...)","Required Field?","Custom Alignment","Question Number (surveys only)","Matrix Group Name","Matrix Ranking?","Field Annotation"
pdsmp_i1_s1_r1_e1,pdsmp_s1_r1_e1,,radio,"Would you say that your child's growth in height:","1, Has not yet begun to spurt | 2, Has barely started | 3, Is definitely underway | 4, Seems complete | NA, I don't know",,,,,,,y,LV,1,,,
pdsmp_i2_s1_r1_e1,pdsmp_s1_r1_e1,,radio,"And how about the growth of your child's body hair (""body hair"" means hair any place other than their head, such as under their arms)? Would you say that your child's body hair growth:","1, Has not yet begun to grow | 2, Has barely started to grow | 3, Is definitely underway | 4, Seems complete | NA, I don't know",,,,,,,y,LV,2,,,
pdsmp_i3_s1_r1_e1,pdsmp_s1_r1_e1,,radio,"Have you noticed any changes to their skin, especially pimples?","1, Skin has not yet started changing | 2, Skin has barely started changing | 3, Skin changes are definitely underway | 4, Skin changes seem complete | NA, I don't know",,,,,,,y,LV,3,,,
pdsmp_i4_s1_r1_e1,pdsmp_s1_r1_e1,,radio,"Have you noticed a deepening of his voice? ","1, Voice has not yet started changing | 2, Voice has barely started changing | 3, Voice changes are definitely underway | 4, Voice changes seem completed | NA, I don't know",,,,,,,y,LV,4,,,
pdsmp_i5_s1_r1_e1,pdsmp_s1_r1_e1,,radio,"Has he begun to grow hair on his face?","1, Facial hair has not yet started growing hair | 2, Facial hair has barely started growing | 3, Facial hair has definitely started | 4, Facial  growth seems complete | NA, I don't know",,,,,,,y,LV,5,,,
