﻿"Variable / Field Name","Form Name","Section Header","Field Type","Field Label","Choices, Calculations, OR Slider Labels","Field Note","Text Validation Type OR Show Slider Number","Text Validation Min","Text Validation Max",Identifier?,"Branching Logic (Show field only if...)","Required Field?","Custom Alignment","Question Number (surveys only)","Matrix Group Name","Matrix Ranking?","Field Annotation"
rcadspes_i1_s1_r1_e1,rcadspes_s1_r1_e1,"Por favor marque la respuesta que demuestre que tanto le suceden a su hijo/a cada una de las siguientes cosas.",radio,"Mi hijo/a se siente triste o vacío","0, Nunca | 1, Algunas Veces | 2, Con Frecuencia | 3, Siempre",,,,,,,y,,,rcadspes,,
rcadspes_i2_s1_r1_e1,rcadspes_s1_r1_e1,,radio,"Mi hijo/a se preocupa cuando él/ella piensa que no hizo algo bien","0, Nunca | 1, Algunas Veces | 2, Con Frecuencia | 3, Siempre",,,,,,,y,,,rcadspes,,
rcadspes_i3_s1_r1_e1,rcadspes_s1_r1_e1,,radio,"A mi hijo/a le da miedo tener que estar solo/a en casa","0, Nunca | 1, Algunas Veces | 2, Con Frecuencia | 3, Siempre",,,,,,,y,,,rcadspes,,
rcadspes_i4_s1_r1_e1,rcadspes_s1_r1_e1,,radio,"Ya nada le divierte mucho a mi hijo/a","0, Nunca | 1, Algunas Veces | 2, Con Frecuencia | 3, Siempre",,,,,,,y,,,rcadspes,,
rcadspes_i5_s1_r1_e1,rcadspes_s1_r1_e1,,radio,"A mi hijo/a le preocupa que algo terrible le vaya a pasar a alguien de la familia","0, Nunca | 1, Algunas Veces | 2, Con Frecuencia | 3, Siempre",,,,,,,y,,,rcadspes,,
rcadspes_i6_s1_r1_e1,rcadspes_s1_r1_e1,,radio,"A mi hijo/a le da miedo estar en lugares concurridos (con mucha gente como en los centros comerciales, las películas, los autobuses, sitios de recreo llenos)","0, Nunca | 1, Algunas Veces | 2, Con Frecuencia | 3, Siempre",,,,,,,y,,,rcadspes,,
rcadspes_i7_s1_r1_e1,rcadspes_s1_r1_e1,,radio,"A mi hijo/a le preocupa lo que los demás piensen de él/ella","0, Nunca | 1, Algunas Veces | 2, Con Frecuencia | 3, Siempre",,,,,,,y,,,rcadspes,,
rcadspes_i8_s1_r1_e1,rcadspes_s1_r1_e1,,radio,"Mi hijo/a tiene dificultades para dormir bien","0, Nunca | 1, Algunas Veces | 2, Con Frecuencia | 3, Siempre",,,,,,,y,,,rcadspes,,
rcadspes_i9_s1_r1_e1,rcadspes_s1_r1_e1,,radio,"A mi hijo/a le da miedo el dormir solo/a","0, Nunca | 1, Algunas Veces | 2, Con Frecuencia | 3, Siempre",,,,,,,y,,,rcadspes,,
rcadspes_i10_s1_r1_e1,rcadspes_s1_r1_e1,,radio,"Mi hijo/a tiene problemas con su apetito","0, Nunca | 1, Algunas Veces | 2, Con Frecuencia | 3, Siempre",,,,,,,y,,,rcadspes,,
rcadspes_i11_s1_r1_e1,rcadspes_s1_r1_e1,,radio,"Mi hijo/a se siente de repente mareado o débil aun cuando no haya razón para sentirse así","0, Nunca | 1, Algunas Veces | 2, Con Frecuencia | 3, Siempre",,,,,,,y,,,rcadspes,,
rcadspes_i12_s1_r1_e1,rcadspes_s1_r1_e1,,radio,"Mi hijo/a tiene que hacer ciertas cosas una y otra vez (como lavarse las manos, limpiar, o poner las cosas en cierto orden)","0, Nunca | 1, Algunas Veces | 2, Con Frecuencia | 3, Siempre",,,,,,,y,,,rcadspes,,
rcadspes_i13_s1_r1_e1,rcadspes_s1_r1_e1,,radio,"Mi hijo/a no tiene energía para hacer las cosas","0, Nunca | 1, Algunas Veces | 2, Con Frecuencia | 3, Siempre",,,,,,,y,,,rcadspes,,
rcadspes_i14_s1_r1_e1,rcadspes_s1_r1_e1,,radio,"Mi hijo comienza a temblar o estremecerse aun cuando no hay razón alguna para sentirse así","0, Nunca | 1, Algunas Veces | 2, Con Frecuencia | 3, Siempre",,,,,,,y,,,rcadspes,,
rcadspes_i15_s1_r1_e1,rcadspes_s1_r1_e1,,radio,"Mi hijo no puede pensar con claridad","0, Nunca | 1, Algunas Veces | 2, Con Frecuencia | 3, Siempre",,,,,,,y,,,rcadspes,,
rcadspes_i16_s1_r1_e1,rcadspes_s1_r1_e1,,radio,"Mi hijo/a se siente que no vale nada","0, Nunca | 1, Algunas Veces | 2, Con Frecuencia | 3, Siempre",,,,,,,y,,,rcadspes,,
rcadspes_i17_s1_r1_e1,rcadspes_s1_r1_e1,,radio,"Mi hijo/a tiene que pensar en pensamientos especiales (como números o palabras) para evitar que sucedan cosas malas","0, Nunca | 1, Algunas Veces | 2, Con Frecuencia | 3, Siempre",,,,,,,y,,,rcadspes,,
rcadspes_i18_s1_r1_e1,rcadspes_s1_r1_e1,,radio,"Mi hijo/a piensa acerca de la muerte","0, Nunca | 1, Algunas Veces | 2, Con Frecuencia | 3, Siempre",,,,,,,y,,,rcadspes,,
rcadspes_i19_s1_r1_e1,rcadspes_s1_r1_e1,,radio,"Mi hijo se siente como que él/ella no quiere moverse","0, Nunca | 1, Algunas Veces | 2, Con Frecuencia | 3, Siempre",,,,,,,y,,,rcadspes,,
rcadspes_i20_s1_r1_e1,rcadspes_s1_r1_e1,,radio,"Mi hijo/a se preocupa de que de repente va a sentir miedo aun cuando no hay razón para sentirse así","0, Nunca | 1, Algunas Veces | 2, Con Frecuencia | 3, Siempre",,,,,,,y,,,rcadspes,,
rcadspes_i21_s1_r1_e1,rcadspes_s1_r1_e1,,radio,"Mi hijo/a está cansado con mucha frecuencia","0, Nunca | 1, Algunas Veces | 2, Con Frecuencia | 3, Siempre",,,,,,,y,,,rcadspes,,
rcadspes_i22_s1_r1_e1,rcadspes_s1_r1_e1,,radio,"A mi hijo le da miedo que él/ella vaya a hacer el ridículo en frente de las personas","0, Nunca | 1, Algunas Veces | 2, Con Frecuencia | 3, Siempre",,,,,,,y,,,rcadspes,,
rcadspes_i23_s1_r1_e1,rcadspes_s1_r1_e1,,radio,"Mi hijo tiene que hacer algunas cosas exactamente de la manera correcta para evitar que las malas cosas sucedan","0, Nunca | 1, Algunas Veces | 2, Con Frecuencia | 3, Siempre",,,,,,,y,,,rcadspes,,
rcadspes_i24_s1_r1_e1,rcadspes_s1_r1_e1,,radio,"Mi hijo/a se siente inquieto/a","0, Nunca | 1, Algunas Veces | 2, Con Frecuencia | 3, Siempre",,,,,,,y,,,rcadspes,,
rcadspes_i25_s1_r1_e1,rcadspes_s1_r1_e1,,radio,"Mi hijo/a se preocupa de que algo malo le vaya a suceder a él/ella","0, Nunca | 1, Algunas Veces | 2, Con Frecuencia | 3, Siempre",,,,,,,y,,,rcadspes,,
