"Variable / Field Name","Form Name","Section Header","Field Type","Field Label","Choices, Calculations, OR Slider Labels","Field Note","Text Validation Type OR Show Slider Number","Text Validation Min","Text Validation Max",Identifier?,"Branching Logic (Show field only if...)","Required Field?","Custom Alignment","Question Number (surveys only)","Matrix Group Name","Matrix Ranking?","Field Annotation"
esip_i1_s1_r1_e1,esip_s1_r1_e1,,radio,"When my child makes a mistake, they feel upset.","1, not at all | 2, somewhat | 3, a lot",,,,,,,y,,,esip,,
esip_i2_s1_r1_e1,esip_s1_r1_e1,,radio,"When my child makes a mistake, their stomach feels sick.","1, not at all | 2, somewhat | 3, a lot",,,,,,,y,,,esip,,
esip_i3_s1_r1_e1,esip_s1_r1_e1,,radio,"When my child makes a mistake, they always want to fix it.","1, not at all | 2, somewhat | 3, a lot",,,,,,,y,,,esip,,
esip_i4_s1_r1_e1,esip_s1_r1_e1,,radio,"When someone notices that my child made a mistake, my child feels upset.","1, not at all | 2, somewhat | 3, a lot",,,,,,,y,,,esip,,
esip_i5_s1_r1_e1,esip_s1_r1_e1,,radio,"My child is afraid of making mistakes in front of other people.","1, not at all | 2, somewhat | 3, a lot",,,,,,,y,,,esip,,
esip_i6_s1_r1_e1,esip_s1_r1_e1,,radio,"My child likes to do things perfectly.","1, not at all | 2, somewhat | 3, a lot",,,,,,,y,,,esip,,
esip_i7_s1_r1_e1,esip_s1_r1_e1,,radio,"My child feels upset when other people do not like what they have done.","1, not at all | 2, somewhat | 3, a lot",,,,,,,y,,,esip,,
esip_i8_s1_r1_e1,esip_s1_r1_e1,,radio,"When my child makes a mistake, they feel anxious.","1, not at all | 2, somewhat | 3, a lot",,,,,,,y,,,esip,,
esip_i9_s1_r1_e1,esip_s1_r1_e1,,radio,"When my child makes a mistake, they start sweating or blushing.","1, not at all | 2, somewhat | 3, a lot",,,,,,,y,,,esip,,
