"Variable / Field Name","Form Name","Section Header","Field Type","Field Label","Choices, Calculations, OR Slider Labels","Field Note","Text Validation Type OR Show Slider Number","Text Validation Min","Text Validation Max",Identifier?,"Branching Logic (Show field only if...)","Required Field?","Custom Alignment","Question Number (surveys only)","Matrix Group Name","Matrix Ranking?","Field Annotation"
bfne_i1_s1_r1_e1,bfne_s1_r1_e1,,radio,"1. I worry about what other people will think of me even when when I know it doesn't make any difference.","1, Not at all characteristic of me | 2, A little characteristic of me | 3, Somewhat characteristic of me | 4, Very characteristic of me | 5, Entirely characteristic of me",,,,,,,y,,,brief_f131e5,,
bfne_i2_s1_r1_e1,bfne_s1_r1_e1,,radio,"2. It bothers me when people form an unfavorable impression of me.","1, Not at all characteristic of me | 2, A little characteristic of me | 3, Somewhat characteristic of me | 4, Very characteristic of me | 5, Entirely characteristic of me",,,,,,,y,,,brief_f131e5,,
bfne_i3_s1_r1_e1,bfne_s1_r1_e1,,radio,"3. I am frequently afraid of other people noticing my shortcomings.","1, Not at all characteristic of me | 2, A little characteristic of me | 3, Somewhat characteristic of me | 4, Very characteristic of me | 5, Entirely characteristic of me",,,,,,,y,,,brief_f131e5,,
bfne_i4_s1_r1_e1,bfne_s1_r1_e1,,radio,"4. I worry about what kind of impression I make on people.","1, Not at all characteristic of me | 2, A little characteristic of me | 3, Somewhat characteristic of me | 4, Very characteristic of me | 5, Entirely characteristic of me",,,,,,,y,,,brief_f131e5,,
bfne_i5_s1_r1_e1,bfne_s1_r1_e1,,radio,"5. I am afraid that others will not approve of me.","1, Not at all characteristic of me | 2, A little characteristic of me | 3, Somewhat characteristic of me | 4, Very characteristic of me | 5, Entirely characteristic of me",,,,,,,y,,,brief_f131e5,,
bfne_i6_s1_r1_e1,bfne_s1_r1_e1,,radio,"6. I am afraid that other people will find fault with me.","1, Not at all characteristic of me | 2, A little characteristic of me | 3, Somewhat characteristic of me | 4, Very characteristic of me | 5, Entirely characteristic of me",,,,,,,y,,,brief_f131e5,,
bfne_i7_s1_r1_e1,bfne_s1_r1_e1,,radio,"7. I am concerned about other people's opinions of me.","1, Not at all characteristic of me | 2, A little characteristic of me | 3, Somewhat characteristic of me | 4, Very characteristic of me | 5, Entirely characteristic of me",,,,,,,y,,,brief_f131e5,,
bfne_i8_s1_r1_e1,bfne_s1_r1_e1,,radio,"8. When I am talking to someone, I worry about what they may be thinking about me.","1, Not at all characteristic of me | 2, A little characteristic of me | 3, Somewhat characteristic of me | 4, Very characteristic of me | 5, Entirely characteristic of me",,,,,,,y,,,brief_f131e5,,
bfne_i9_s1_r1_e1,bfne_s1_r1_e1,,radio,"9. I am usually worried about what kind of impression I make.","1, Not at all characteristic of me | 2, A little characteristic of me | 3, Somewhat characteristic of me | 4, Very characteristic of me | 5, Entirely characteristic of me",,,,,,,y,,,brief_f131e5,,
bfne_i10_s1_r1_e1,bfne_s1_r1_e1,,radio,"10. If I know someone is judging me, it tends to bother me.","1, Not at all characteristic of me | 2, A little characteristic of me | 3, Somewhat characteristic of me | 4, Very characteristic of me | 5, Entirely characteristic of me",,,,,,,y,,,brief_f131e5,,
bfne_i11_s1_r1_e1,bfne_s1_r1_e1,,radio,"11. Sometimes I think I am too concerned with what other people think of me.","1, Not at all characteristic of me | 2, A little characteristic of me | 3, Somewhat characteristic of me | 4, Very characteristic of me | 5, Entirely characteristic of me",,,,,,,y,,,brief_f131e5,,
bfne_i12_s1_r1_e1,bfne_s1_r1_e1,,radio,"12. I often worry that I will say or do wrong things.","1, Not at all characteristic of me | 2, A little characteristic of me | 3, Somewhat characteristic of me | 4, Very characteristic of me | 5, Entirely characteristic of me",,,,,,,y,,,brief_f131e5,,
