"Variable / Field Name","Form Name","Section Header","Field Type","Field Label","Choices, Calculations, OR Slider Labels","Field Note","Text Validation Type OR Show Slider Number","Text Validation Min","Text Validation Max",Identifier?,"Branching Logic (Show field only if...)","Required Field?","Custom Alignment","Question Number (surveys only)","Matrix Group Name","Matrix Ranking?","Field Annotation"
scared_i1_s1_r1_e1,scared_s1_r1_e1,,radio,"1. When I feel frightened, it is hard to breathe.","0, Not True or Hardly Ever True | 1, Somewhat True or Sometimes True | 2, Very True or Often True",,,,,,,y,,,scared_s1_r1_e1,,
scared_i2_s1_r1_e1,scared_s1_r1_e1,,radio,"2. I get headaches when I am at school.","0, Not True or Hardly Ever True | 1, Somewhat True or Sometimes True | 2, Very True or Often True",,,,,,,y,,,scared_s1_r1_e1,,
scared_i3_s1_r1_e1,scared_s1_r1_e1,,radio,"3. I don't like to be with people I don't know well.","0, Not True or Hardly Ever True | 1, Somewhat True or Sometimes True | 2, Very True or Often True",,,,,,,y,,,scared_s1_r1_e1,,
scared_i4_s1_r1_e1,scared_s1_r1_e1,,radio,"4. I get scared if I sleep away from home.","0, Not True or Hardly Ever True | 1, Somewhat True or Sometimes True | 2, Very True or Often True",,,,,,,y,,,scared_s1_r1_e1,,
scared_i5_s1_r1_e1,scared_s1_r1_e1,,radio,"5. I worry about other people liking me.","0, Not True or Hardly Ever True | 1, Somewhat True or Sometimes True | 2, Very True or Often True",,,,,,,y,,,scared_s1_r1_e1,,
scared_i6_s1_r1_e1,scared_s1_r1_e1,,radio,"6. When I get frightened, I feel like passing out.","0, Not True or Hardly Ever True | 1, Somewhat True or Sometimes True | 2, Very True or Often True",,,,,,,y,,,scared_s1_r1_e1,,
scared_i7_s1_r1_e1,scared_s1_r1_e1,,radio,"7. I am nervous.","0, Not True or Hardly Ever True | 1, Somewhat True or Sometimes True | 2, Very True or Often True",,,,,,,y,,,scared_s1_r1_e1,,
scared_i8_s1_r1_e1,scared_s1_r1_e1,,radio,"8. I follow my mother or father wherever they go.","0, Not True or Hardly Ever True | 1, Somewhat True or Sometimes True | 2, Very True or Often True",,,,,,,y,,,scared_s1_r1_e1,,
scared_i9_s1_r1_e1,scared_s1_r1_e1,,radio,"9. People tell me that I look nervous.","0, Not True or Hardly Ever True | 1, Somewhat True or Sometimes True | 2, Very True or Often True",,,,,,,y,,,scared_s1_r1_e1,,
scared_i10_s1_r1_e1,scared_s1_r1_e1,,radio,"10. I feel nervous with people I don't know well.","0, Not True or Hardly Ever True | 1, Somewhat True or Sometimes True | 2, Very True or Often True",,,,,,,y,,,scared_s1_r1_e1,,
scared_i11_s1_r1_e1,scared_s1_r1_e1,,radio,"11. I get stomachaches at school.","0, Not True or Hardly Ever True | 1, Somewhat True or Sometimes True | 2, Very True or Often True",,,,,,,y,,,scared_s1_r1_e1,,
scared_i12_s1_r1_e1,scared_s1_r1_e1,,radio,"12. When I get frightened, I feel like I am going crazy.","0, Not True or Hardly Ever True | 1, Somewhat True or Sometimes True | 2, Very True or Often True",,,,,,,y,,,scared_s1_r1_e1,,
scared_i13_s1_r1_e1,scared_s1_r1_e1,,radio,"13. I worry about sleeping alone.","0, Not True or Hardly Ever True | 1, Somewhat True or Sometimes True | 2, Very True or Often True",,,,,,,y,,,scared_s1_r1_e1,,
scared_i14_s1_r1_e1,scared_s1_r1_e1,,radio,"14. I worry about being as good as other kids.","0, Not True or Hardly Ever True | 1, Somewhat True or Sometimes True | 2, Very True or Often True",,,,,,,y,,,scared_s1_r1_e1,,
scared_i15_s1_r1_e1,scared_s1_r1_e1,,radio,"15. When I get frightened, I feel like things are not real.","0, Not True or Hardly Ever True | 1, Somewhat True or Sometimes True | 2, Very True or Often True",,,,,,,y,,,scared_s1_r1_e1,,
scared_i16_s1_r1_e1,scared_s1_r1_e1,,radio,"16. I have nightmares about something bad happening to my parents.","0, Not True or Hardly Ever True | 1, Somewhat True or Sometimes True | 2, Very True or Often True",,,,,,,y,,,scared_s1_r1_e1,,
scared_i17_s1_r1_e1,scared_s1_r1_e1,,radio,"17. I worry about going to school.","0, Not True or Hardly Ever True | 1, Somewhat True or Sometimes True | 2, Very True or Often True",,,,,,,y,,,scared_s1_r1_e1,,
scared_i18_s1_r1_e1,scared_s1_r1_e1,,radio,"18. When I get frightened, my heart beats fast.","0, Not True or Hardly Ever True | 1, Somewhat True or Sometimes True | 2, Very True or Often True",,,,,,,y,,,scared_s1_r1_e1,,
scared_i19_s1_r1_e1,scared_s1_r1_e1,,radio,"19. I get shaky.","0, Not True or Hardly Ever True | 1, Somewhat True or Sometimes True | 2, Very True or Often True",,,,,,,y,,,scared_s1_r1_e1,,
scared_i20_s1_r1_e1,scared_s1_r1_e1,,radio,"20. I have nightmares about something bad happening to me.","0, Not True or Hardly Ever True | 1, Somewhat True or Sometimes True | 2, Very True or Often True",,,,,,,y,,,scared_s1_r1_e1,,
scared_i21_s1_r1_e1,scared_s1_r1_e1,,radio,"21. I worry about things working out for me.","0, Not True or Hardly Ever True | 1, Somewhat True or Sometimes True | 2, Very True or Often True",,,,,,,y,,,scared_s1_r1_e1,,
scared_i22_s1_r1_e1,scared_s1_r1_e1,,radio,"22. When I get frightened, I sweat a lot.","0, Not True or Hardly Ever True | 1, Somewhat True or Sometimes True | 2, Very True or Often True",,,,,,,y,,,scared_s1_r1_e1,,
scared_i23_s1_r1_e1,scared_s1_r1_e1,,radio,"23. I am a worrier.","0, Not True or Hardly Ever True | 1, Somewhat True or Sometimes True | 2, Very True or Often True",,,,,,,y,,,scared_s1_r1_e1,,
scared_i24_s1_r1_e1,scared_s1_r1_e1,,radio,"24. I get really frightened for no reason at all.","0, Not True or Hardly Ever True | 1, Somewhat True or Sometimes True | 2, Very True or Often True",,,,,,,y,,,scared_s1_r1_e1,,
scared_i25_s1_r1_e1,scared_s1_r1_e1,,radio,"25. I am afraid to be alone in the house.","0, Not True or Hardly Ever True | 1, Somewhat True or Sometimes True | 2, Very True or Often True",,,,,,,y,,,scared_s1_r1_e1,,
scared_i26_s1_r1_e1,scared_s1_r1_e1,,radio,"26. It is hard for me to talk with people I don't know well.","0, Not True or Hardly Ever True | 1, Somewhat True or Sometimes True | 2, Very True or Often True",,,,,,,y,,,scared_s1_r1_e1,,
scared_i27_s1_r1_e1,scared_s1_r1_e1,,radio,"27. When I get frightened, I feel like I am choking.","0, Not True or Hardly Ever True | 1, Somewhat True or Sometimes True | 2, Very True or Often True",,,,,,,y,,,scared_s1_r1_e1,,
scared_i28_s1_r1_e1,scared_s1_r1_e1,,radio,"28. People tell me that I worry too much.","0, Not True or Hardly Ever True | 1, Somewhat True or Sometimes True | 2, Very True or Often True",,,,,,,y,,,scared_s1_r1_e1,,
scared_i29_s1_r1_e1,scared_s1_r1_e1,,radio,"29. I don't like to be away from my family.","0, Not True or Hardly Ever True | 1, Somewhat True or Sometimes True | 2, Very True or Often True",,,,,,,y,,,scared_s1_r1_e1,,
scared_i30_s1_r1_e1,scared_s1_r1_e1,,radio,"30. I am afraid of having anxiety (or panic) attacks.","0, Not True or Hardly Ever True | 1, Somewhat True or Sometimes True | 2, Very True or Often True",,,,,,,y,,,scared_s1_r1_e1,,
scared_i31_s1_r1_e1,scared_s1_r1_e1,,radio,"31. I worry that something bad might happen to my parents.","0, Not True or Hardly Ever True | 1, Somewhat True or Sometimes True | 2, Very True or Often True",,,,,,,y,,,scared_s1_r1_e1,,
scared_i32_s1_r1_e1,scared_s1_r1_e1,,radio,"32. I feel shy with people I don't know well.","0, Not True or Hardly Ever True | 1, Somewhat True or Sometimes True | 2, Very True or Often True",,,,,,,y,,,scared_s1_r1_e1,,
scared_i33_s1_r1_e1,scared_s1_r1_e1,,radio,"33. I worry about what is going to happen in the future.","0, Not True or Hardly Ever True | 1, Somewhat True or Sometimes True | 2, Very True or Often True",,,,,,,y,,,scared_s1_r1_e1,,
scared_i34_s1_r1_e1,scared_s1_r1_e1,,radio,"34. When I get frightened, I feel like throwing up.","0, Not True or Hardly Ever True | 1, Somewhat True or Sometimes True | 2, Very True or Often True",,,,,,,y,,,scared_s1_r1_e1,,
scared_i35_s1_r1_e1,scared_s1_r1_e1,,radio,"35. I worry about how well I do things.","0, Not True or Hardly Ever True | 1, Somewhat True or Sometimes True | 2, Very True or Often True",,,,,,,y,,,scared_s1_r1_e1,,
scared_i36_s1_r1_e1,scared_s1_r1_e1,,radio,"36. I am scared to go to school.","0, Not True or Hardly Ever True | 1, Somewhat True or Sometimes True | 2, Very True or Often True",,,,,,,y,,,scared_s1_r1_e1,,
scared_i37_s1_r1_e1,scared_s1_r1_e1,,radio,"37. I worry about things that have already happened.","0, Not True or Hardly Ever True | 1, Somewhat True or Sometimes True | 2, Very True or Often True",,,,,,,y,,,scared_s1_r1_e1,,
scared_i38_s1_r1_e1,scared_s1_r1_e1,,radio,"38. When I get frightened, I feel dizzy.","0, Not True or Hardly Ever True | 1, Somewhat True or Sometimes True | 2, Very True or Often True",,,,,,,y,,,scared_s1_r1_e1,,
scared_i39_s1_r1_e1,scared_s1_r1_e1,,radio,"39. I feel nervous when I am with other children or adults and I have to do something while they watch me (for example: read aloud, speak, play a game, play a sport.)","0, Not True or Hardly Ever True | 1, Somewhat True or Sometimes True | 2, Very True or Often True",,,,,,,y,,,scared_s1_r1_e1,,
scared_i40_s1_r1_e1,scared_s1_r1_e1,,radio,"40. I feel nervous when I am going to parties, dances, or any place where there will be people that I don't know well.","0, Not True or Hardly Ever True | 1, Somewhat True or Sometimes True | 2, Very True or Often True",,,,,,,y,,,scared_s1_r1_e1,,
scared_i41_s1_r1_e1,scared_s1_r1_e1,,radio,"41. I am shy.","0, Not True or Hardly Ever True | 1, Somewhat True or Sometimes True | 2, Very True or Often True",,,,,,,y,,,scared_s1_r1_e1,,
