﻿"Variable / Field Name","Form Name","Section Header","Field Type","Field Label","Choices, Calculations, OR Slider Labels","Field Note","Text Validation Type OR Show Slider Number","Text Validation Min","Text Validation Max",Identifier?,"Branching Logic (Show field only if...)","Required Field?","Custom Alignment","Question Number (surveys only)","Matrix Group Name","Matrix Ranking?","Field Annotation"
adexies_b_i1_s1_r1_e1,adexies_b_s1_r1_e1,,radio,"Tengo dificultades recordando instrucciones largas.","1, Definitivamente no es cierto | 2, No es cierto | 3, Mas o menos cierto | 4, Cierto | 5, Definitivamente cierto",,,,,,,y,,,adexies,,
adexies_b_i2_s1_r1_e1,adexies_b_s1_r1_e1,,radio,"Tengo dificultades recordando lo que estoy haciendo cuando estoy en medio de una actividad.","1, Definitivamente no es cierto | 2, No es cierto | 3, Mas o menos cierto | 4, Cierto | 5, Definitivamente cierto",,,,,,,y,,,adexies,,
adexies_b_i3_s1_r1_e1,adexies_b_s1_r1_e1,,radio,"Tengo tendencia a hacer las cosas sin primero pensar en lo que pueda pasar.","1, Definitivamente no es cierto | 2, No es cierto | 3, Mas o menos cierto | 4, Cierto | 5, Definitivamente cierto",,,,,,,y,,,adexies,,
adexies_b_i4_s1_r1_e1,adexies_b_s1_r1_e1,,radio,"Tengo dificultad para dejar de hacer algo que me gusta a pesar de que alguien me diga que no está permitido.","1, Definitivamente no es cierto | 2, No es cierto | 3, Mas o menos cierto | 4, Cierto | 5, Definitivamente cierto",,,,,,,y,,,adexies,,
adexies_b_i5_s1_r1_e1,adexies_b_s1_r1_e1,,radio,"Cuando alguien me pide que haga varias cosas, solo recuerdo la primera o la última.","1, Definitivamente no es cierto | 2, No es cierto | 3, Mas o menos cierto | 4, Cierto | 5, Definitivamente cierto",,,,,,,y,,,adexies,,
adexies_b_i6_s1_r1_e1,adexies_b_s1_r1_e1,,radio,"Tengo dificultad para abstenerme de sonreír o reírme en situaciones inapropiadas.","1, Definitivamente no es cierto | 2, No es cierto | 3, Mas o menos cierto | 4, Cierto | 5, Definitivamente cierto",,,,,,,y,,,adexies,,
adexies_b_i7_s1_r1_e1,adexies_b_s1_r1_e1,,radio,"Tengo dificultades para encontrar una forma diferente de resolver un problema cuando me bloqueo.","1, Definitivamente no es cierto | 2, No es cierto | 3, Mas o menos cierto | 4, Cierto | 5, Definitivamente cierto",,,,,,,y,,,adexies,,
adexies_b_i8_s1_r1_e1,adexies_b_s1_r1_e1,,radio,"Cuando alguien me pide que le traiga algo, se me olvida lo que tenía que traer.","1, Definitivamente no es cierto | 2, No es cierto | 3, Mas o menos cierto | 4, Cierto | 5, Definitivamente cierto",,,,,,,y,,,adexies,,
adexies_b_i9_s1_r1_e1,adexies_b_s1_r1_e1,,radio,"Tengo dificultad para planificar una actividad (ej., recordar llevar todo lo necesario cuando voy de viaje/al trabajo/a la escuela).","1, Definitivamente no es cierto | 2, No es cierto | 3, Mas o menos cierto | 4, Cierto | 5, Definitivamente cierto",,,,,,,y,,,adexies,,
adexies_b_i10_s1_r1_e1,adexies_b_s1_r1_e1,,radio,"Tengo dificultades para dejar una actividad que me gusta (ej., veo la televisión o me siento frente a la computadora por la noche aunque sea hora de ir a la cama).","1, Definitivamente no es cierto | 2, No es cierto | 3, Mas o menos cierto | 4, Cierto | 5, Definitivamente cierto",,,,,,,y,,,adexies,,
adexies_b_i11_s1_r1_e1,adexies_b_s1_r1_e1,,radio,"Tengo dificultad para entender instrucciones verbales a menos que también me enseñen cómo hacerlo.","1, Definitivamente no es cierto | 2, No es cierto | 3, Mas o menos cierto | 4, Cierto | 5, Definitivamente cierto",,,,,,,y,,,adexies,,
adexies_b_i12_s1_r1_e1,adexies_b_s1_r1_e1,,radio,"Tengo dificultades con tareas o actividades que incluyen varios pasos.","1, Definitivamente no es cierto | 2, No es cierto | 3, Mas o menos cierto | 4, Cierto | 5, Definitivamente cierto",,,,,,,y,,,adexies,,
adexies_b_i13_s1_r1_e1,adexies_b_s1_r1_e1,,radio,"Tengo dificultad para pensar con anticipación o aprender de la experiencia.","1, Definitivamente no es cierto | 2, No es cierto | 3, Mas o menos cierto | 4, Cierto | 5, Definitivamente cierto",,,,,,,y,,,adexies,,
adexies_b_i14_s1_r1_e1,adexies_b_s1_r1_e1,,radio,"Las personas que conozco parecen pensar que soy mas alocado/a en comparación con otras personas de mi edad.","1, Definitivamente no es cierto | 2, No es cierto | 3, Mas o menos cierto | 4, Cierto | 5, Definitivamente cierto",,,,,,,y,,,adexies,,
