"Variable / Field Name","Form Name","Section Header","Field Type","Field Label","Choices, Calculations, OR Slider Labels","Field Note","Text Validation Type OR Show Slider Number","Text Validation Min","Text Validation Max",Identifier?,"Branching Logic (Show field only if...)","Required Field?","Custom Alignment","Question Number (surveys only)","Matrix Group Name","Matrix Ranking?","Field Annotation"
ari_i1_s1_r1_e1,ari_s1_r1_e1,"In the last SEVEN (7) DAYS and compared to others of the same age, how well does each of the following
statements describe your behavior or feelings? Please try to answer all questions.",radio,"Am easily annoyed by others.","0, Not true | 1, Somewhat true | 2, Certainly true",,,,,,,y,,,ari_s1_r1_e1,,
ari_i2_s1_r1_e1,ari_s1_r1_e1,,radio,"Often lose my temper.","0, Not true | 1, Somewhat true | 2, Certainly true",,,,,,,y,,,ari_s1_r1_e1,,
ari_i3_s1_r1_e1,ari_s1_r1_e1,,radio,"Stay angry for a long time.","0, Not true | 1, Somewhat true | 2, Certainly true",,,,,,,y,,,ari_s1_r1_e1,,
ari_i4_s1_r1_e1,ari_s1_r1_e1,,radio,"Am angry most of the time.","0, Not true | 1, Somewhat true | 2, Certainly true",,,,,,,y,,,ari_s1_r1_e1,,
ari_i5_s1_r1_e1,ari_s1_r1_e1,,radio,"Get angry frequently.","0, Not true | 1, Somewhat true | 2, Certainly true",,,,,,,y,,,ari_s1_r1_e1,,
ari_i6_s1_r1_e1,ari_s1_r1_e1,,radio,"Lose temper easily.","0, Not true | 1, Somewhat true | 2, Certainly true",,,,,,,y,,,ari_s1_r1_e1,,
ari_i7_s1_r1_e1,ari_s1_r1_e1,,radio,"Overall irritability causes me problems.","0, Not true | 1, Somewhat true | 2, Certainly true",,,,,,,y,,,ari_s1_r1_e1,,
