"Variable / Field Name","Form Name","Section Header","Field Type","Field Label","Choices, Calculations, OR Slider Labels","Field Note","Text Validation Type OR Show Slider Number","Text Validation Min","Text Validation Max",Identifier?,"Branching Logic (Show field only if...)","Required Field?","Custom Alignment","Question Number (surveys only)","Matrix Group Name","Matrix Ranking?","Field Annotation"
epepq15_sit_s1_r1_e1,epepq15_s1_r1_e1,,dropdown,"Please mark the situation you have chosen and remember to refer to this situation while answering the following questions.","1, talking in front of a group | 2, being at a party | 3, talking to authorities | 4, participating in group activities | 5, using public restrooms | 6, returning goods to a store | 7, beginning/maintaining a conversation | 8, expressing disapproval | 9, talking on the phone | 10, initiating a romantic relationship | 11, dating someone | 12, oral exams | 13, eating/drinking/writing in public | 14, talking on the phone with others listening | 15, giving a party | 16, formal and informal meetings | 17, being criticized",,,,,,,y,LH,,,,
epepq15_i1_s1_r1_e1,epepq15_s1_r1_e1,,radio,"After the event was over, did you think about it a lot?","1, not at all | 2,  | 3,  | 4,  | 5,  | 6,  | 7,  | 8,  | 9,  | 10,  | 11, very much so",,,,,,,y,,,epepq15_main,,
epepq15_i2_s1_r1_e1,epepq15_s1_r1_e1,,radio,"Did your memories and thoughts about the event keep coming into your head even when you did not wish to think about it again?","1, not at all | 2,  | 3,  | 4,  | 5,  | 6,  | 7,  | 8,  | 9,  | 10,  | 11, very much so",,,,,,,y,,,epepq15_main,,
epepq15_i3_s1_r1_e1,epepq15_s1_r1_e1,,radio,"Did the thoughts about the event interfere with your concentration?","1, not at all | 2,  | 3,  | 4,  | 5,  | 6,  | 7,  | 8,  | 9,  | 10,  | 11, very much so",,,,,,,y,,,epepq15_main,,
epepq15_i4_s1_r1_e1,epepq15_s1_r1_e1,,radio,"Did you find it difficult to forget about the event?","1, not at all | 2,  | 3,  | 4,  | 5,  | 6,  | 7,  | 8,  | 9,  | 10,  | 11, very much so",,,,,,,y,,,epepq15_main,,
epepq15_i5_s1_r1_e1,epepq15_s1_r1_e1,,radio,"Did you try to resist thinking about the event?","1, not at all | 2,  | 3,  | 4,  | 5,  | 6,  | 7,  | 8,  | 9,  | 10,  | 11, very much so",,,,,,,y,,,epepq15_main,,
epepq15_i6_s1_r1_e1,epepq15_s1_r1_e1,,radio,"If you repeatedly thought about the event, did your feelings about the event worsen?","1, not at all | 2,  | 3,  | 4,  | 5,  | 6,  | 7,  | 8,  | 9,  | 10,  | 11, very much so",,,,,,,y,,,epepq15_main,,
epepq15_i7_s1_r1_e1,epepq15_s1_r1_e1,,radio,"Have you ever wondered about whether you could have avoided or prevented your behavior/feelings during the event?","1, not at all | 2,  | 3,  | 4,  | 5,  | 6,  | 7,  | 8,  | 9,  | 10,  | 11, very much so",,,,,,,y,,,epepq15_main,,
epepq15_i8_s1_r1_e1,epepq15_s1_r1_e1,,radio,"Have you ever wished that you could turn the clock back and do it again but better this time?","1, not at all | 2,  | 3,  | 4,  | 5,  | 6,  | 7,  | 8,  | 9,  | 10,  | 11, very much so",,,,,,,y,,,epepq15_main,,
epepq15_i9_s1_r1_e1,epepq15_s1_r1_e1,,radio,"Did you experience a sense of shame while remembering your behavior during the situation?","1, not at all | 2,  | 3,  | 4,  | 5,  | 6,  | 7,  | 8,  | 9,  | 10,  | 11, very much so",,,,,,,y,,,epepq15_main,,
epepq15_i10_s1_r1_e1,epepq15_s1_r1_e1,,radio,"Did you think about anxious feelings that you had experienced during the event?","1, not at all | 2,  | 3,  | 4,  | 5,  | 6,  | 7,  | 8,  | 9,  | 10,  | 11, very much so",,,,,,,y,,,epepq15_main,,
epepq15_i11_s1_r1_e1,epepq15_s1_r1_e1,,radio,"When remembering the situation did other instances of past failure that you had experienced in the same way come into your mind?","1, not at all | 2,  | 3,  | 4,  | 5,  | 6,  | 7,  | 8,  | 9,  | 10,  | 11, very much so",,,,,,,y,,,epepq15_main,,
epepq15_i12_s1_r1_e1,epepq15_s1_r1_e1,,radio,"Did you criticize yourself for your behavior in the situation?","1, not at all | 2,  | 3,  | 4,  | 5,  | 6,  | 7,  | 8,  | 9,  | 10,  | 11, very much so",,,,,,,y,,,epepq15_main,,
epepq15_i13_s1_r1_e1,epepq15_s1_r1_e1,,radio,"Did you think about the event more than you wanted to?","1, not at all | 2,  | 3,  | 4,  | 5,  | 6,  | 7,  | 8,  | 9,  | 10,  | 11, very much so",,,,,,,y,,,epepq15_main,,
epepq15_i14_s1_r1_e1,epepq15_s1_r1_e1,,radio,"Did you think about bodily sensations you had experienced in the situation?","1, not at all | 2,  | 3,  | 4,  | 5,  | 6,  | 7,  | 8,  | 9,  | 10,  | 11, very much so",,,,,,,y,,,epepq15_main,,
epepq15_i15_s1_r1_e1,epepq15_s1_r1_e1,,radio,"In my memories about the event, I saw myself (my behavior, my attributes)...","1, ...in a positive way | 2,  | 3,  | 4,  | 5,  | 6,  | 7,  | 8,  | 9,  | 10,  | 11, ...in a negative way",,,,,,,y,,,epepq15_i15,,
