"Variable / Field Name","Form Name","Section Header","Field Type","Field Label","Choices, Calculations, OR Slider Labels","Field Note","Text Validation Type OR Show Slider Number","Text Validation Min","Text Validation Max",Identifier?,"Branching Logic (Show field only if...)","Required Field?","Custom Alignment","Question Number (surveys only)","Matrix Group Name","Matrix Ranking?","Field Annotation"
lsasp_i1_s1_r1_e1,lsasp_s1_r1_e1,"1. Talking on the phone to classmates or other people.",radio,Fear,"0, None<br>0 | 1, Mild<br>1 | 2, Moderate<br>2 | 3, Severe<br>3",,,,,,,y,,,lsasp_f1,,
lsasp_i2_s1_r1_e1,lsasp_s1_r1_e1,,radio,Avoidance,"0, Never<br>0 | 1, Occasionally<br>1 | 2, Often<br>2 | 3, Usually<br>3",,,,,,,y,,,lsasp_a1,,
lsasp_i3_s1_r1_e1,lsasp_s1_r1_e1,"2. Participating in a small group activity in class.",radio,Fear,"0, None<br>0 | 1, Mild<br>1 | 2, Moderate<br>2 | 3, Severe<br>3",,,,,,,y,,,lsasp_f2,,
lsasp_i4_s1_r1_e1,lsasp_s1_r1_e1,,radio,Avoidance,"0, Never<br>0 | 1, Occasionally<br>1 | 2, Often<br>2 | 3, Usually<br>3",,,,,,,y,,,lsasp_a2,,
lsasp_i5_s1_r1_e1,lsasp_s1_r1_e1,"3. Eating in front of others (e.g., school cafeteria, restaurant).
",radio,Fear,"0, None<br>0 | 1, Mild<br>1 | 2, Moderate<br>2 | 3, Severe<br>3",,,,,,,y,,,lsasp_f3,,
lsasp_i6_s1_r1_e1,lsasp_s1_r1_e1,,radio,Avoidance,"0, Never<br>0 | 1, Occasionally<br>1 | 2, Often<br>2 | 3, Usually<br>3",,,,,,,y,,,lsasp_a3,,
lsasp_i7_s1_r1_e1,lsasp_s1_r1_e1,"4. Asking an adult that your child doesn't know well for help (e.g., store clerk, principal, police officer).",radio,Fear,"0, None<br>0 | 1, Mild<br>1 | 2, Moderate<br>2 | 3, Severe<br>3",,,,,,,y,,,lsasp_f4,,
lsasp_i8_s1_r1_e1,lsasp_s1_r1_e1,,radio,Avoidance,"0, Never<br>0 | 1, Occasionally<br>1 | 2, Often<br>2 | 3, Usually<br>3",,,,,,,y,,,lsasp_a4,,
lsasp_i9_s1_r1_e1,lsasp_s1_r1_e1,"5. Giving an oral report or presentation in class.",radio,Fear,"0, None<br>0 | 1, Mild<br>1 | 2, Moderate<br>2 | 3, Severe<br>3",,,,,,,y,,,lsasp_f5,,
lsasp_i10_s1_r1_e1,lsasp_s1_r1_e1,,radio,Avoidance,"0, Never<br>0 | 1, Occasionally<br>1 | 2, Often<br>2 | 3, Usually<br>3",,,,,,,y,,,lsasp_a5,,
lsasp_i11_s1_r1_e1,lsasp_s1_r1_e1,"6. Going to parties, social gatherings, or other after-school social activities.",radio,Fear,"0, None<br>0 | 1, Mild<br>1 | 2, Moderate<br>2 | 3, Severe<br>3",,,,,,,y,,,lsasp_f6,,
lsasp_i12_s1_r1_e1,lsasp_s1_r1_e1,,radio,Avoidance,"0, Never<br>0 | 1, Occasionally<br>1 | 2, Often<br>2 | 3, Usually<br>3",,,,,,,y,,,lsasp_a6,,
lsasp_i13_s1_r1_e1,lsasp_s1_r1_e1,"7. Writing on the board in front of the class.",radio,Fear,"0, None<br>0 | 1, Mild<br>1 | 2, Moderate<br>2 | 3, Severe<br>3",,,,,,,y,,,lsasp_f7,,
lsasp_i14_s1_r1_e1,lsasp_s1_r1_e1,,radio,Avoidance,"0, Never<br>0 | 1, Occasionally<br>1 | 2, Often<br>2 | 3, Usually<br>3",,,,,,,y,,,lsasp_a7,,
lsasp_i15_s1_r1_e1,lsasp_s1_r1_e1,"8. Talking to other kids that your child doesn't know well.",radio,Fear,"0, None<br>0 | 1, Mild<br>1 | 2, Moderate<br>2 | 3, Severe<br>3",,,,,,,y,,,lsasp_f8,,
lsasp_i16_s1_r1_e1,lsasp_s1_r1_e1,,radio,Avoidance,"0, Never<br>0 | 1, Occasionally<br>1 | 2, Often<br>2 | 3, Usually<br>3",,,,,,,y,,,lsasp_a8,,
lsasp_i17_s1_r1_e1,lsasp_s1_r1_e1,"9. Starting a conversation with people your child doesn't know well.",radio,Fear,"0, None<br>0 | 1, Mild<br>1 | 2, Moderate<br>2 | 3, Severe<br>3",,,,,,,y,,,lsasp_f9,,
lsasp_i18_s1_r1_e1,lsasp_s1_r1_e1,,radio,Avoidance,"0, Never<br>0 | 1, Occasionally<br>1 | 2, Often<br>2 | 3, Usually<br>3",,,,,,,y,,,lsasp_a9,,
lsasp_i19_s1_r1_e1,lsasp_s1_r1_e1,"10. Using school or public bathrooms.",radio,Fear,"0, None<br>0 | 1, Mild<br>1 | 2, Moderate<br>2 | 3, Severe<br>3",,,,,,,y,,,lsasp_f10,,
lsasp_i20_s1_r1_e1,lsasp_s1_r1_e1,,radio,Avoidance,"0, Never<br>0 | 1, Occasionally<br>1 | 2, Often<br>2 | 3, Usually<br>3",,,,,,,y,,,lsasp_a610,,
lsasp_i21_s1_r1_e1,lsasp_s1_r1_e1,"11. Going into a classroom or another place (e.g., church, cafeteria) when other people are already there.",radio,Fear,"0, None<br>0 | 1, Mild<br>1 | 2, Moderate<br>2 | 3, Severe<br>3",,,,,,,y,,,lsasp_f11,,
lsasp_i22_s1_r1_e1,lsasp_s1_r1_e1,,radio,Avoidance,"0, Never<br>0 | 1, Occasionally<br>1 | 2, Often<br>2 | 3, Usually<br>3",,,,,,,y,,,lsasp_a11,,
lsasp_i23_s1_r1_e1,lsasp_s1_r1_e1,"12. Being the center of attention (e.g., child's birthday party).",radio,Fear,"0, None<br>0 | 1, Mild<br>1 | 2, Moderate<br>2 | 3, Severe<br>3",,,,,,,y,,,lsasp_f12,,
lsasp_i24_s1_r1_e1,lsasp_s1_r1_e1,,radio,Avoidance,"0, Never<br>0 | 1, Occasionally<br>1 | 2, Often<br>2 | 3, Usually<br>3",,,,,,,y,,,lsasp_a12,,
lsasp_i25_s1_r1_e1,lsasp_s1_r1_e1,"13. Asking questions in class.",radio,Fear,"0, None<br>0 | 1, Mild<br>1 | 2, Moderate<br>2 | 3, Severe<br>3",,,,,,,y,,,lsasp_f13,,
lsasp_i26_s1_r1_e1,lsasp_s1_r1_e1,,radio,Avoidance,"0, Never<br>0 | 1, Occasionally<br>1 | 2, Often<br>2 | 3, Usually<br>3",,,,,,,y,,,lsasp_a13,,
lsasp_i27_s1_r1_e1,lsasp_s1_r1_e1,"14. Answering questions in class.",radio,Fear,"0, None<br>0 | 1, Mild<br>1 | 2, Moderate<br>2 | 3, Severe<br>3",,,,,,,y,,,lsasp_f14,,
lsasp_i28_s1_r1_e1,lsasp_s1_r1_e1,,radio,Avoidance,"0, Never<br>0 | 1, Occasionally<br>1 | 2, Often<br>2 | 3, Usually<br>3",,,,,,,y,,,lsasp_a14,,
lsasp_i29_s1_r1_e1,lsasp_s1_r1_e1,"15. Reading out loud in class.",radio,Fear,"0, None<br>0 | 1, Mild<br>1 | 2, Moderate<br>2 | 3, Severe<br>3",,,,,,,y,,,lsasp_f15,,
lsasp_i30_s1_r1_e1,lsasp_s1_r1_e1,,radio,Avoidance,"0, Never<br>0 | 1, Occasionally<br>1 | 2, Often<br>2 | 3, Usually<br>3",,,,,,,y,,,lsasp_a15,,
lsasp_i31_s1_r1_e1,lsasp_s1_r1_e1,"16. Taking tests.",radio,Fear,"0, None<br>0 | 1, Mild<br>1 | 2, Moderate<br>2 | 3, Severe<br>3",,,,,,,y,,,lsasp_f16,,
lsasp_i32_s1_r1_e1,lsasp_s1_r1_e1,,radio,Avoidance,"0, Never<br>0 | 1, Occasionally<br>1 | 2, Often<br>2 | 3, Usually<br>3",,,,,,,y,,,lsasp_a16,,
lsasp_i33_s1_r1_e1,lsasp_s1_r1_e1,"17. Saying ""no"" when people ask your child to do things he/she doesn't want to do (e.g., to borrow something or to look at homework).",radio,Fear,"0, None<br>0 | 1, Mild<br>1 | 2, Moderate<br>2 | 3, Severe<br>3",,,,,,,y,,,lsasp_f17,,
lsasp_i34_s1_r1_e1,lsasp_s1_r1_e1,,radio,Avoidance,"0, Never<br>0 | 1, Occasionally<br>1 | 2, Often<br>2 | 3, Usually<br>3",,,,,,,y,,,lsasp_a17,,
lsasp_i35_s1_r1_e1,lsasp_s1_r1_e1,"18. Your child telling people that he/she doesn't agree with them or that he/she is mad at them.",radio,Fear,"0, None<br>0 | 1, Mild<br>1 | 2, Moderate<br>2 | 3, Severe<br>3",,,,,,,y,,,lsasp_f18,,
lsasp_i36_s1_r1_e1,lsasp_s1_r1_e1,,radio,Avoidance,"0, Never<br>0 | 1, Occasionally<br>1 | 2, Often<br>2 | 3, Usually<br>3",,,,,,,y,,,lsasp_a18,,
lsasp_i37_s1_r1_e1,lsasp_s1_r1_e1,"19. Looking at people your child doesn't know well in the eye.",radio,Fear,"0, None<br>0 | 1, Mild<br>1 | 2, Moderate<br>2 | 3, Severe<br>3",,,,,,,y,,,lsasp_f19,,
lsasp_i38_s1_r1_e1,lsasp_s1_r1_e1,,radio,Avoidance,"0, Never<br>0 | 1, Occasionally<br>1 | 2, Often<br>2 | 3, Usually<br>3",,,,,,,y,,,lsasp_a19,,
lsasp_i39_s1_r1_e1,lsasp_s1_r1_e1,"20. Asking questions in a store (e.g., to exchange something).",radio,Fear,"0, None<br>0 | 1, Mild<br>1 | 2, Moderate<br>2 | 3, Severe<br>3",,,,,,,y,,,lsasp_f20,,
lsasp_i40_s1_r1_e1,lsasp_s1_r1_e1,,radio,Avoidance,"0, Never<br>0 | 1, Occasionally<br>1 | 2, Often<br>2 | 3, Usually<br>3",,,,,,,y,,,lsasp_a20,,
lsasp_i41_s1_r1_e1,lsasp_s1_r1_e1,"21. Playing a sport or performing in front of other people (e.g., school show, musical performance).",radio,Fear,"0, None<br>0 | 1, Mild<br>1 | 2, Moderate<br>2 | 3, Severe<br>3",,,,,,,y,,,lsasp_f21,,
lsasp_i42_s1_r1_e1,lsasp_s1_r1_e1,,radio,Avoidance,"0, Never<br>0 | 1, Occasionally<br>1 | 2, Often<br>2 | 3, Usually<br>3",,,,,,,y,,,lsasp_a21,,
lsasp_i43_s1_r1_e1,lsasp_s1_r1_e1,"22. Joining a club or group.",radio,Fear,"0, None<br>0 | 1, Mild<br>1 | 2, Moderate<br>2 | 3, Severe<br>3",,,,,,,y,,,lsasp_f22,,
lsasp_i44_s1_r1_e1,lsasp_s1_r1_e1,,radio,Avoidance,"0, Never<br>0 | 1, Occasionally<br>1 | 2, Often<br>2 | 3, Usually<br>3",,,,,,,y,,,lsasp_a22,,
lsasp_i45_s1_r1_e1,lsasp_s1_r1_e1,"23. Meeting new people.",radio,Fear,"0, None<br>0 | 1, Mild<br>1 | 2, Moderate<br>2 | 3, Severe<br>3",,,,,,,y,,,lsasp_f23,,
lsasp_i46_s1_r1_e1,lsasp_s1_r1_e1,,radio,Avoidance,"0, Never<br>0 | 1, Occasionally<br>1 | 2, Often<br>2 | 3, Usually<br>3",,,,,,,y,,,lsasp_a23,,
lsasp_i47_s1_r1_e1,lsasp_s1_r1_e1,"24. Asking a teacher permission to leave the classroom (e.g., go to the bathroom or the school nurse).",radio,Fear,"0, None<br>0 | 1, Mild<br>1 | 2, Moderate<br>2 | 3, Severe<br>3",,,,,,,y,,,lsasp_f24,,
lsasp_i48_s1_r1_e1,lsasp_s1_r1_e1,,radio,Avoidance,"0, Never<br>0 | 1, Occasionally<br>1 | 2, Often<br>2 | 3, Usually<br>3",,,,,,,y,,,lsasp_a24,,
