﻿"Variable / Field Name","Form Name","Section Header","Field Type","Field Label","Choices, Calculations, OR Slider Labels","Field Note","Text Validation Type OR Show Slider Number","Text Validation Min","Text Validation Max",Identifier?,"Branching Logic (Show field only if...)","Required Field?","Custom Alignment","Question Number (surveys only)","Matrix Group Name","Matrix Ranking?","Field Annotation"
yssmpes_i1disp_embed,yssmpes_s1_r1_e1,,descriptive,"<div class=""rich-text-field-label""><table style=""border-collapse: collapse; width: 100%; border-style: hidden;"" border=""1""> <tbody> <tr> <td style=""width: 50%;"">En un DÍA DE SEMANA típico , ¿cuánto TIEMPO pasa su niño(a) usando una computadora, un teléfono celular, una tableta u otro dispositivo electrónico?</td> <td style=""width: 25%; border-style: hidden;""> <p>Horas:</p> <p>{yssmpes_i1h_s1_r1_e1}</p> <h6 style=""font-size: 7.5pt;""><span style=""color: #0e0e79;"">(Introduzca un número entre 0 y 24.)</span></h6> </td> <td style=""width: 25%;""> <p>Minutos:</p> <p>{yssmpes_i1m_s1_r1_e1}</p> <h6 style=""font-size: 7.5pt;""><span style=""color: #0e0e79;"">(Introduzca un número entre 0 y 60.)</span></h6> </td> </tr> </tbody> </table></div>",,,,,,,,,,,,,
yssmpes_i1h_s1_r1_e1,yssmpes_s1_r1_e1,,text,Horas:,,,integer,0,24,,,y,,,,,
yssmpes_i1m_s1_r1_e1,yssmpes_s1_r1_e1,,text,Minutos:,,,integer,0,60,,,y,,,,,
yssmpes_i2disp_embed,yssmpes_s1_r1_e1,,descriptive,"<div class=""rich-text-field-label""><table style=""border-collapse: collapse; width: 100%; border-style: hidden;"" border=""1""> <tbody> <tr> <td style=""width: 50%;"">En un típico DIA DE FIN DE SEMANA, ¿cuánto TIEMPO pasa su niño(a) usando una computadora, un teléfono celular, una tableta u otro dispositivo electrónico?</td> <td style=""width: 25%; border-style: hidden;""> <p>Horas:</p> <p>{yssmpes_i2h_s1_r1_e1}</p> <h6 style=""font-size: 7.5pt;""><span style=""color: #0e0e79;"">(Introduzca un número entre 0 y 24.)</span></h6> </td> <td style=""width: 25%;""> <p>Minutos:</p> <p>{yssmpes_i2m_s1_r1_e1}</p> <h6 style=""font-size: 7.5pt;""><span style=""color: #0e0e79;"">(Introduzca un número entre 0 y 60.)</span></h6> </td> </tr> </tbody> </table></div>",,,,,,,,,,,,,
yssmpes_i2h_s1_r1_e1,yssmpes_s1_r1_e1,,text,Horas:,,,integer,0,24,,,y,,,,,
yssmpes_i2m_s1_r1_e1,yssmpes_s1_r1_e1,,text,Minutos:,,,integer,0,60,,,y,,,,,
yssmpes_i3_s1_r1_e1,yssmpes_s1_r1_e1,,checkbox,"Qué tipos de medios en pantalla usa su niño/a más (no incluye medios en pantalla utilizados para la escuela o tarea)?","1, Televisión | 2, Videojuegos | 3, Teléfono celular | 4, Tabla | 5, Videojuego portátil | 6, Computadora/laptop | 7, Otro","Si otro, por favor especifique: {yssmpes_i3oth_s1_r1_e1}",,,,,,y,,,,,
yssmpes_i3oth_s1_r1_e1,yssmpes_s1_r1_e1,,text,"Si otro, por favor especifique:",,,,,,,"[yssmpes_i3_s1_r1_e1(7)] = '1'",,,,,,
yssmpes_i4_s1_r1_e1,yssmpes_s1_r1_e1,,radio,"¿Está siguiendo a su niño/a o es amigo de él/ella en alguna red social (por ejemplo Facebook, Instagram, Snapchat)?","1, Sí | 0, No",,,,,,,y,,,,,
yssmpes_i5_s1_r1_e1,yssmpes_s1_r1_e1,,radio,"¿Sospecha que su niño/a tiene cuentas de redes sociales de las que usted no esté enterado/a?","1, Sí | 0, No",,,,,,,y,,,,,
yssmpes_i6_s1_r1_e1,yssmpes_s1_r1_e1,,radio,"Mi niño/a utiliza medios en pantalla a escondidas.","1, Nunca | 2, Raramente | 3, A veces | 4, Frecuentemente | 5, Siempre",,,,,,,y,,,yssmpes,,
yssmpes_i7_s1_r1_e1,yssmpes_s1_r1_e1,,radio,"Parece que mi niño/a sólo piensa en los medios en pantalla.","1, Nunca | 2, Raramente | 3, A veces | 4, Frecuentemente | 5, Siempre",,,,,,,y,,,yssmpes,,
yssmpes_i8_s1_r1_e1,yssmpes_s1_r1_e1,,radio,"A mi niño/a se le dificulta dejar de usar los medios en pantalla.","1, Nunca | 2, Raramente | 3, A veces | 4, Frecuentemente | 5, Siempre",,,,,,,y,,,yssmpes,,
yssmpes_i9_s1_r1_e1,yssmpes_s1_r1_e1,,radio,"Cuando mi niño/a ha tenido un mal día, los medios en pantalla parecen ser lo único que le ayuda a sentirse mejor.","1, Nunca | 2, Raramente | 3, A veces | 4, Frecuentemente | 5, Siempre",,,,,,,y,,,yssmpes,,
yssmpes_i10_s1_r1_e1,yssmpes_s1_r1_e1,,radio,"El uso de los medios en pantalla de mi niño/a causa problemas a la familia.","1, Nunca | 2, Raramente | 3, A veces | 4, Frecuentemente | 5, Siempre",,,,,,,y,,,yssmpes,,
yssmpes_i11_s1_r1_e1,yssmpes_s1_r1_e1,,radio,"La cantidad de tiempo que mi niño/a desea utilizar los medios en pantalla sigue aumentando.","1, Nunca | 2, Raramente | 3, A veces | 4, Frecuentemente | 5, Siempre",,,,,,,y,,,yssmpes,,
yssmpes_i12_s1_r1_e1,yssmpes_s1_r1_e1,,radio,"Lo único que parece motivar a mi niño/a son los medios en pantalla.","1, Nunca | 2, Raramente | 3, A veces | 4, Frecuentemente | 5, Siempre",,,,,,,y,,,yssmpes,,
yssmpes_i13_s1_r1_e1,yssmpes_s1_r1_e1,,radio,"Mi niño/a se frustra cuando no puede usar los medios en pantalla.","1, Nunca | 2, Raramente | 3, A veces | 4, Frecuentemente | 5, Siempre",,,,,,,y,,,yssmpes,,
yssmpes_i14_s1_r1_e1,yssmpes_s1_r1_e1,,radio,"El uso de los medios en pantalla de mi niño/a interfiere en las actividades familiares.","1, Nunca | 2, Raramente | 3, A veces | 4, Frecuentemente | 5, Siempre",,,,,,,y,,,yssmpes,,
